user_id,order_idx,skill_id,correct
0,0,1,0
0,1,1,1
0,2,1,1
0,3,1,1
0,4,1,0
0,5,1,0
0,6,1,0
0,7,1,0
0,8,1,1
0,9,1,1
0,10,1,1
0,11,1,1
0,12,1,1
0,13,1,1
0,14,1,0
0,15,1,1
0,16,1,1
0,17,1,1
0,18,1,1
0,19,1,1
0,20,1,1
0,21,1,1
0,22,1,0
0,23,1,1
0,24,1,1
0,25,1,1
0,26,1,0
0,27,1,1
0,28,1,1
0,29,1,0
0,30,1,0
0,31,1,1
0,32,1,1
0,33,1,1
0,34,1,1
0,35,1,1
0,36,1,0
0,37,1,1
0,38,1,0
0,39,31,0
0,40,31,0
0,41,31,1
0,42,31,0
0,43,31,0
0,44,31,1
0,45,31,0
0,46,68,0
0,47,68,0
0,48,68,1
0,49,68,1
0,50,68,0
0,51,68,0
0,52,68,1
0,53,1,1
0,54,1,1
0,55,1,1
0,56,1,0
0,57,22,1
0,58,31,0
0,59,31,0
0,60,31,1
0,61,31,0
0,62,31,1
0,63,31,1
1,0,4,0
1,1,8,0
1,2,4,1
1,3,5,1
1,4,4,0
1,5,5,0
1,6,4,1
1,7,5,1
1,8,4,1
1,9,5,1
1,10,4,1
1,11,9,1
1,12,4,1
1,13,9,1
1,14,4,1
1,15,7,1
1,16,4,1
1,17,7,1
1,18,10,1
1,19,10,0
1,20,10,1
1,21,10,1
1,22,10,1
1,23,12,1
1,24,13,1
1,25,14,1
1,26,12,1
1,27,13,1
1,28,14,1
1,29,6,1
1,30,9,1
1,31,6,1
1,32,9,1
1,33,4,1
1,34,15,1
1,35,4,1
1,36,16,1
1,37,17,0
1,38,17,1
1,39,17,1
1,40,17,1
1,41,4,0
1,42,8,0
1,43,4,1
1,44,8,1
1,45,4,1
1,46,8,1
1,47,4,1
1,48,8,1
1,49,4,0
1,50,5,0
1,51,4,1
1,52,5,1
1,53,4,0
1,54,5,0
1,55,4,1
1,56,9,1
1,57,4,1
1,58,9,1
1,59,18,1
1,60,24,1
1,61,21,0
1,62,21,0
1,63,21,1
1,64,21,1
1,65,21,1
1,66,24,0
1,67,24,0
1,68,24,0
1,69,24,1
1,70,24,1
1,71,19,1
1,72,23,1
1,73,22,0
1,74,23,0
1,75,22,0
1,76,23,0
1,77,25,1
1,78,23,1
1,79,25,1
1,80,23,1
1,81,25,1
1,82,23,1
1,83,22,0
1,84,23,0
1,85,22,1
1,86,23,1
1,87,25,0
1,88,23,0
1,89,22,1
1,90,23,1
1,91,22,1
1,92,23,1
1,93,20,1
1,94,18,1
1,95,24,0
1,96,24,0
1,97,24,1
1,98,24,1
1,99,24,1
1,100,24,1
1,101,22,1
1,102,22,1
1,103,22,1
1,104,22,1
1,105,22,1
1,106,37,1
1,107,34,1
1,108,34,1
1,109,34,1
1,110,34,0
1,111,34,1
1,112,34,1
1,113,34,1
1,114,34,0
1,115,34,1
1,116,34,1
1,117,34,1
1,118,34,1
1,119,80,0
1,120,90,0
1,121,80,1
1,122,36,1
1,123,80,1
1,124,80,1
1,125,36,1
1,126,35,1
1,127,74,0
1,128,74,1
1,129,74,0
1,130,74,1
1,131,74,1
1,132,74,1
1,133,60,0
1,134,60,0
1,135,60,1
1,136,60,1
1,137,60,0
1,138,60,1
1,139,60,1
1,140,21,1
1,141,21,0
1,142,21,1
1,143,21,1
1,144,21,0
1,145,21,1
1,146,59,1
1,147,41,0
1,148,41,0
1,149,41,0
1,150,41,1
1,151,41,1
1,152,41,0
1,153,41,1
1,154,41,1
1,155,41,1
1,156,55,0
1,157,55,1
1,158,55,1
1,159,55,1
1,160,55,0
1,161,55,1
1,162,55,1
1,163,55,1
1,164,55,1
1,165,55,1
1,166,21,1
1,167,21,1
1,168,20,0
1,169,20,1
1,170,20,0
1,171,20,1
1,172,20,0
1,173,20,0
1,174,20,0
1,175,69,1
1,176,22,0
1,177,23,0
1,178,25,1
1,179,23,1
1,180,21,0
1,181,21,1
1,182,20,1
1,183,69,1
1,184,69,1
1,185,69,1
1,186,19,1
1,187,19,0
1,188,19,0
1,189,19,0
1,190,19,1
1,191,19,1
1,192,19,0
1,193,19,1
1,194,21,1
1,195,37,1
1,196,30,1
1,197,37,1
1,198,37,1
1,199,30,1
1,200,30,1
1,201,30,1
1,202,30,1
1,203,30,1
1,204,30,1
1,205,33,1
1,206,33,0
1,207,33,1
1,208,33,1
1,209,33,1
1,210,33,1
1,211,62,1
1,212,44,1
1,213,33,0
1,214,62,0
1,215,44,0
1,216,33,1
1,217,62,1
1,218,44,1
1,219,33,0
1,220,62,0
1,221,44,0
1,222,40,1
1,223,27,0
1,224,27,0
1,225,27,1
1,226,27,1
1,227,27,1
1,228,27,1
1,229,40,1
1,230,40,0
1,231,40,1
1,232,40,1
1,233,40,0
1,234,40,0
1,235,44,1
1,236,44,0
1,237,44,1
1,238,44,1
1,239,44,1
1,240,44,1
1,241,44,1
1,242,35,1
1,243,73,1
1,244,14,1
2,0,18,1
3,0,19,1
3,1,21,1
3,2,18,1
3,3,20,1
3,4,19,1
3,5,19,1
3,6,19,1
3,7,18,1
3,8,19,1
3,9,18,1
3,10,22,1
3,11,23,1
3,12,23,1
3,13,25,1
3,14,23,1
3,15,23,1
3,16,23,1
3,17,40,0
3,18,40,0
3,19,40,0
3,20,40,1
3,21,40,1
3,22,23,1
3,23,40,1
3,24,27,1
3,25,24,1
3,26,24,1
3,27,60,0
3,28,60,1
3,29,60,1
3,30,19,1
3,31,60,1
3,32,60,1
3,33,46,1
3,34,46,1
3,35,46,1
3,36,26,1
3,37,26,1
3,38,26,0
3,39,26,0
3,40,26,0
3,41,26,1
3,42,26,1
3,43,26,1
3,44,26,1
3,45,26,1
3,46,26,1
4,0,20,1
4,1,19,1
4,2,19,1
4,3,20,1
4,4,19,1
4,5,21,1
4,6,19,1
4,7,21,1
4,8,18,1
4,9,20,1
4,10,25,1
4,11,23,1
4,12,25,1
4,13,23,1
4,14,23,1
4,15,60,1
4,16,60,1
4,17,60,1
4,18,60,1
4,19,19,0
4,20,60,1
4,21,60,0
4,22,60,0
4,23,24,0
4,24,60,1
4,25,19,1
4,26,24,1
4,27,60,0
4,28,60,0
4,29,24,1
4,30,26,0
4,31,26,0
4,32,26,1
4,33,26,0
4,34,26,1
4,35,26,1
4,36,26,0
4,37,26,1
4,38,26,0
4,39,26,1
4,40,26,1
4,41,26,1
4,42,26,1
4,43,26,1
4,44,26,1
5,0,21,1
5,1,18,1
5,2,21,1
5,3,21,1
5,4,19,0
5,5,21,1
5,6,20,1
5,7,19,1
5,8,21,1
5,9,18,1
5,10,23,1
5,11,23,1
5,12,23,1
5,13,23,1
5,14,25,0
5,15,23,0
5,16,25,0
5,17,23,0
5,18,22,0
5,19,23,0
5,20,21,1
5,21,18,1
5,22,19,1
5,23,19,1
5,24,22,1
5,25,23,1
5,26,22,1
5,27,23,1
5,28,25,0
5,29,23,0
5,30,25,1
5,31,23,1
5,32,23,1
5,33,22,1
5,34,23,1
5,35,25,1
5,36,23,1
5,37,22,1
5,38,23,1
5,39,60,1
5,40,60,1
5,41,60,1
5,42,19,0
5,43,19,1
5,44,24,0
5,45,19,1
5,46,60,1
5,47,19,1
5,48,60,0
5,49,60,1
5,50,60,1
5,51,19,1
5,52,24,1
5,53,19,1
5,54,23,0
5,55,23,1
5,56,40,1
5,57,40,0
5,58,40,1
5,59,40,1
5,60,40,0
5,61,23,1
5,62,40,1
5,63,40,0
5,64,40,1
5,65,40,1
5,66,40,1
5,67,23,0
5,68,40,1
5,69,40,1
5,70,40,1
5,71,40,1
5,72,23,0
5,73,27,1
5,74,40,1
5,75,40,1
6,0,18,0
6,1,21,1
6,2,19,1
6,3,18,0
6,4,19,0
6,5,21,1
6,6,21,1
6,7,19,1
6,8,19,1
6,9,19,1
6,10,21,1
6,11,20,1
6,12,18,1
6,13,19,0
6,14,18,0
6,15,23,1
6,16,25,1
6,17,23,1
6,18,22,1
6,19,23,1
6,20,22,1
6,21,23,1
6,22,25,1
6,23,23,1
6,24,19,1
6,25,21,1
6,26,21,1
6,27,19,1
6,28,24,1
6,29,60,1
6,30,19,1
6,31,24,1
6,32,24,1
6,33,46,1
6,34,46,0
6,35,46,1
6,36,46,1
7,0,20,0
7,1,18,1
7,2,21,1
7,3,19,1
7,4,21,1
7,5,20,0
7,6,20,1
7,7,21,1
7,8,18,0
7,9,20,1
7,10,19,1
7,11,20,1
7,12,20,1
7,13,20,1
7,14,23,1
7,15,22,0
7,16,23,0
7,17,22,0
7,18,23,0
7,19,25,1
7,20,23,1
7,21,23,1
7,22,25,1
7,23,23,1
7,24,40,1
7,25,23,1
7,26,23,1
7,27,40,0
7,28,40,1
7,29,40,0
7,30,40,1
7,31,40,1
7,32,40,1
7,33,27,1
7,34,23,0
7,35,40,0
7,36,40,1
7,37,27,1
7,38,40,1
7,39,40,1
7,40,40,1
7,41,60,1
7,42,60,1
7,43,24,1
7,44,19,1
7,45,24,1
7,46,46,0
7,47,46,0
7,48,46,0
7,49,46,0
7,50,46,0
7,51,46,1
7,52,26,1
7,53,26,0
7,54,26,0
7,55,26,0
7,56,26,0
7,57,26,1
7,58,26,1
7,59,26,0
7,60,26,1
7,61,26,1
7,62,26,1
7,63,26,0
8,0,19,0
8,1,19,0
8,2,21,1
8,3,21,1
8,4,19,1
8,5,19,1
8,6,20,1
8,7,25,1
8,8,23,1
8,9,25,1
8,10,23,1
8,11,22,1
8,12,23,1
8,13,22,1
8,14,23,1
8,15,25,1
8,16,23,1
8,17,21,1
8,18,19,1
8,19,19,1
8,20,18,1
8,21,20,1
8,22,40,0
8,23,40,0
8,24,40,1
8,25,40,0
8,26,40,1
8,27,40,0
8,28,23,1
8,29,40,1
8,30,40,1
8,31,23,1
8,32,27,1
8,33,24,1
8,34,19,0
8,35,19,1
8,36,19,1
8,37,24,1
8,38,60,1
8,39,60,1
8,40,46,0
8,41,46,1
8,42,46,1
8,43,26,1
8,44,26,1
8,45,26,1
8,46,26,1
8,47,26,1
9,0,18,0
9,1,18,0
9,2,19,1
9,3,19,1
9,4,21,1
9,5,20,0
9,6,18,0
9,7,23,1
9,8,23,1
9,9,22,1
9,10,23,1
9,11,22,1
9,12,23,1
9,13,23,1
9,14,21,1
9,15,18,1
9,16,20,1
9,17,40,1
9,18,40,0
9,19,40,0
9,20,23,0
9,21,23,0
9,22,23,0
9,23,40,0
9,24,40,0
9,25,40,0
9,26,40,1
9,27,40,0
9,28,27,1
9,29,40,0
9,30,40,0
9,31,40,1
9,32,40,0
9,33,40,0
9,34,40,0
9,35,40,1
9,36,40,0
9,37,40,1
9,38,27,1
9,39,40,1
9,40,27,1
9,41,60,1
9,42,60,1
9,43,24,1
9,44,24,1
9,45,24,1
9,46,26,1
9,47,26,1
9,48,26,0
9,49,26,1
9,50,26,0
9,51,26,1
9,52,26,1
9,53,26,1
9,54,26,1
9,55,26,1
10,0,20,0
10,1,19,0
10,2,21,1
10,3,21,1
10,4,20,1
10,5,19,1
10,6,18,1
10,7,23,1
10,8,22,1
10,9,23,1
10,10,22,1
10,11,23,1
10,12,25,1
10,13,23,1
10,14,23,1
10,15,40,0
10,16,23,1
10,17,40,0
10,18,40,1
10,19,40,1
10,20,40,0
10,21,23,0
10,22,40,1
10,23,40,0
10,24,40,0
10,25,40,0
10,26,40,1
10,27,40,1
10,28,27,1
10,29,40,1
10,30,23,1
10,31,23,1
10,32,23,0
10,33,40,0
10,34,40,1
10,35,40,1
10,36,40,0
10,37,19,1
10,38,60,0
10,39,20,1
10,40,19,1
10,41,18,0
10,42,18,1
10,43,20,1
10,44,18,0
10,45,19,1
10,46,24,1
10,47,60,0
10,48,60,1
10,49,19,0
10,50,19,1
10,51,24,0
10,52,24,1
10,53,60,1
10,54,24,0
10,55,19,0
10,56,19,1
10,57,60,1
10,58,24,0
10,59,60,0
10,60,60,1
10,61,24,0
11,0,21,0
11,1,20,0
11,2,19,1
11,3,18,1
11,4,19,0
11,5,18,0
11,6,19,0
11,7,22,1
11,8,23,1
11,9,22,1
11,10,23,1
11,11,23,1
11,12,25,1
11,13,23,1
11,14,23,1
11,15,60,1
11,16,24,1
11,17,60,1
11,18,60,1
11,19,24,0
11,20,60,1
11,21,19,1
11,22,40,0
11,23,40,1
11,24,40,1
11,25,40,0
11,26,27,1
11,27,23,1
11,28,19,1
11,29,19,0
11,30,24,1
11,31,24,1
11,32,19,1
11,33,19,1
11,34,19,1
11,35,52,1
11,36,26,1
11,37,26,1
11,38,26,1
11,39,26,1
11,40,26,1
12,0,20,1
12,1,20,1
12,2,18,1
12,3,21,1
12,4,20,1
12,5,21,1
12,6,21,1
12,7,18,1
12,8,20,1
12,9,19,1
12,10,23,1
12,11,23,1
12,12,23,1
12,13,25,1
12,14,23,1
12,15,25,1
12,16,23,1
12,17,40,0
12,18,27,1
12,19,23,1
12,20,23,1
12,21,40,1
12,22,60,0
12,23,24,1
12,24,24,1
12,25,60,1
12,26,24,1
12,27,19,1
12,28,46,0
12,29,46,0
12,30,46,1
12,31,26,0
12,32,26,1
12,33,26,1
12,34,26,0
12,35,26,1
12,36,26,0
12,37,26,1
12,38,26,1
12,39,26,1
12,40,26,1
12,41,26,1
12,42,26,0
12,43,26,1
13,0,18,1
13,1,21,1
13,2,19,0
13,3,18,1
13,4,20,0
13,5,18,0
13,6,21,0
13,7,21,1
13,8,21,1
13,9,21,1
13,10,20,1
13,11,19,1
13,12,22,1
13,13,23,1
13,14,25,0
13,15,23,0
13,16,25,0
13,17,23,0
13,18,25,1
13,19,23,1
13,20,25,1
13,21,23,1
13,22,22,1
13,23,23,1
13,24,24,0
13,25,19,0
13,26,60,0
13,27,19,0
13,28,60,0
13,29,23,1
13,30,27,1
13,31,23,1
13,32,40,1
13,33,23,1
13,34,24,0
13,35,60,1
13,36,60,0
13,37,60,1
13,38,24,1
13,39,19,1
13,40,19,0
13,41,46,0
13,42,46,0
13,43,46,0
13,44,46,0
13,45,46,0
13,46,26,0
13,47,26,0
13,48,26,0
13,49,26,1
13,50,26,0
13,51,26,1
13,52,26,1
13,53,26,1
13,54,26,0
13,55,26,1
13,56,26,1
13,57,26,1
13,58,26,0
13,59,26,1
13,60,26,0
13,61,26,1
13,62,26,0
13,63,26,1
13,64,26,1
13,65,26,1
13,66,26,0
13,67,26,0
13,68,26,1
13,69,26,0
13,70,26,0
13,71,26,0
13,72,26,0
13,73,26,0
14,0,19,0
14,1,19,1
14,2,20,1
14,3,19,1
14,4,18,1
14,5,20,1
14,6,20,0
14,7,23,0
14,8,40,1
14,9,27,1
14,10,19,0
14,11,20,1
14,12,19,1
14,13,21,0
14,14,19,1
14,15,25,1
14,16,23,1
14,17,22,1
14,18,23,1
14,19,23,1
14,20,25,1
14,21,23,1
14,22,25,1
14,23,23,1
14,24,24,1
14,25,19,0
14,26,19,1
14,27,60,0
14,28,60,1
14,29,24,1
14,30,24,0
14,31,60,1
14,32,24,0
14,33,24,0
14,34,19,1
14,35,24,0
14,36,24,1
14,37,24,1
15,0,20,0
15,1,20,1
15,2,21,0
15,3,21,1
15,4,18,0
15,5,18,0
15,6,20,1
15,7,19,1
15,8,18,0
15,9,18,0
15,10,21,1
15,11,18,0
15,12,21,1
15,13,25,1
15,14,23,1
15,15,23,1
15,16,22,1
15,17,23,1
15,18,19,1
15,19,60,1
15,20,19,1
15,21,60,0
15,22,60,1
15,23,40,0
15,24,40,1
15,25,40,1
15,26,40,1
15,27,23,0
15,28,40,0
15,29,40,1
15,30,40,1
15,31,40,0
15,32,40,0
15,33,27,1
15,34,40,1
15,35,23,0
15,36,40,0
15,37,40,0
15,38,40,1
15,39,40,0
15,40,23,0
15,41,40,1
15,42,27,1
15,43,40,0
15,44,40,0
15,45,40,1
15,46,40,0
15,47,40,0
15,48,27,1
15,49,27,1
15,50,23,1
15,51,27,1
15,52,40,0
15,53,40,0
15,54,40,1
15,55,40,0
15,56,23,0
15,57,40,0
15,58,40,0
15,59,40,1
15,60,40,0
15,61,40,0
15,62,40,1
15,63,46,0
15,64,46,0
15,65,40,0
15,66,40,0
15,67,40,1
15,68,40,0
15,69,23,0
15,70,27,1
15,71,27,1
15,72,27,1
15,73,40,1
15,74,27,1
15,75,18,1
15,76,18,1
15,77,18,0
15,78,21,1
15,79,18,1
15,80,21,1
15,81,21,1
15,82,18,1
15,83,26,0
15,84,26,1
15,85,26,0
15,86,26,1
15,87,26,1
15,88,26,1
15,89,26,0
15,90,26,0
15,91,26,1
15,92,26,0
15,93,26,1
15,94,26,0
15,95,26,1
15,96,26,1
15,97,26,0
15,98,26,1
16,0,21,0
16,1,20,1
16,2,19,1
16,3,18,0
16,4,19,1
16,5,20,1
16,6,20,1
16,7,22,1
16,8,23,1
16,9,23,1
16,10,25,1
16,11,23,1
16,12,22,1
16,13,23,1
16,14,25,1
16,15,23,1
16,16,40,0
16,17,40,1
16,18,40,1
16,19,40,0
16,20,40,0
16,21,23,1
16,22,27,1
16,23,27,1
16,24,40,0
16,25,21,0
16,26,18,0
16,27,21,1
16,28,18,0
16,29,19,1
16,30,19,1
16,31,23,0
16,32,23,1
16,33,27,1
16,34,40,1
16,35,40,0
16,36,40,0
16,37,40,0
16,38,40,0
16,39,27,1
16,40,23,1
16,41,20,1
16,42,19,1
16,43,21,1
16,44,40,0
16,45,23,1
16,46,40,0
16,47,27,1
16,48,40,0
16,49,40,0
16,50,40,1
16,51,40,1
16,52,40,0
16,53,40,1
16,54,40,1
16,55,40,0
16,56,40,1
16,57,23,1
16,58,27,1
16,59,23,1
16,60,23,0
16,61,40,0
16,62,40,1
16,63,40,1
16,64,40,0
16,65,60,1
16,66,60,1
16,67,60,1
16,68,19,1
16,69,60,1
16,70,40,0
16,71,46,0
16,72,46,0
16,73,46,0
16,74,46,0
16,75,46,1
16,76,46,1
16,77,40,0
16,78,23,1
16,79,23,0
16,80,40,1
16,81,40,1
16,82,23,1
16,83,27,1
16,84,40,0
16,85,40,0
16,86,40,0
16,87,40,0
16,88,23,1
16,89,40,0
16,90,27,1
16,91,23,1
16,92,40,0
16,93,40,0
16,94,40,0
16,95,40,0
16,96,40,0
16,97,40,0
16,98,40,1
16,99,40,0
16,100,23,0
16,101,26,1
16,102,26,1
16,103,26,0
16,104,26,1
16,105,26,0
16,106,26,0
16,107,26,1
16,108,26,1
16,109,26,1
16,110,26,1
16,111,26,1
16,112,26,1
16,113,26,0
16,114,26,1
16,115,26,1
16,116,26,1
16,117,26,0
16,118,26,0
16,119,26,1
16,120,26,1
16,121,26,0
16,122,26,1
16,123,26,1
16,124,26,0
16,125,26,1
17,0,21,0
17,1,18,0
17,2,18,0
17,3,25,1
17,4,23,1
17,5,22,0
17,6,23,0
17,7,23,1
17,8,23,1
17,9,25,1
17,10,23,1
17,11,22,1
17,12,23,1
17,13,25,1
17,14,23,1
17,15,18,0
17,16,18,0
17,17,19,0
17,18,20,1
17,19,21,1
17,20,21,1
17,21,18,0
17,22,20,1
17,23,19,1
17,24,19,1
17,25,20,1
17,26,24,0
17,27,60,1
17,28,60,1
17,29,19,1
17,30,24,1
17,31,19,1
17,32,27,1
17,33,23,1
17,34,40,0
17,35,40,0
17,36,40,1
17,37,40,1
17,38,40,0
17,39,40,0
17,40,40,1
17,41,27,1
17,42,40,1
17,43,40,0
17,44,23,1
17,45,40,0
17,46,40,1
17,47,40,1
17,48,40,0
17,49,40,1
17,50,23,0
17,51,40,1
17,52,40,1
17,53,40,1
17,54,23,1
17,55,40,1
17,56,46,0
18,0,22,0
18,1,24,1
18,2,50,0
18,3,50,0
18,4,50,0
18,5,50,0
18,6,50,0
18,7,50,0
18,8,50,0
18,9,50,0
18,10,50,0
18,11,50,0
18,12,50,0
18,13,50,0
19,0,26,1
19,1,58,0
19,2,58,1
19,3,58,0
19,4,26,1
19,5,26,0
19,6,26,0
19,7,26,1
19,8,26,1
19,9,26,1
19,10,1,0
19,11,1,0
19,12,24,0
19,13,20,0
19,14,20,1
19,15,20,1
19,16,20,1
19,17,20,0
19,18,20,1
19,19,20,1
19,20,20,1
20,0,21,1
20,1,25,0
20,2,23,0
20,3,23,1
20,4,23,1
20,5,22,1
20,6,23,1
20,7,22,1
20,8,23,1
20,9,22,1
20,10,23,1
20,11,21,1
20,12,19,0
20,13,18,1
20,14,20,1
20,15,20,0
20,16,21,1
21,0,22,0
21,1,23,0
21,2,23,1
21,3,23,1
21,4,23,0
21,5,23,1
21,6,22,1
21,7,23,1
21,8,22,1
21,9,23,1
21,10,25,0
21,11,23,0
21,12,21,1
21,13,21,1
21,14,18,1
21,15,21,1
21,16,21,1
21,17,40,0
21,18,40,0
21,19,40,1
21,20,40,0
21,21,40,0
21,22,40,0
21,23,23,1
21,24,25,0
21,25,23,0
21,26,25,0
21,27,23,0
21,28,22,0
21,29,23,0
21,30,23,1
21,31,25,0
21,32,23,0
21,33,22,1
21,34,23,1
21,35,25,1
21,36,23,1
21,37,23,1
21,38,40,0
21,39,40,0
21,40,40,0
21,41,40,0
21,42,40,1
21,43,40,1
21,44,40,1
21,45,40,1
21,46,27,0
21,47,40,1
21,48,23,1
21,49,46,0
21,50,46,1
21,51,46,0
21,52,46,1
21,53,67,1
21,54,34,0
21,55,78,0
21,56,26,0
21,57,26,1
21,58,26,0
21,59,26,1
21,60,26,1
21,61,26,1
21,62,26,1
21,63,26,0
21,64,26,1
21,65,26,1
21,66,26,1
21,67,26,1
21,68,26,1
21,69,26,0
21,70,26,0
21,71,26,1
21,72,26,1
21,73,26,0
21,74,26,0
21,75,26,0
21,76,26,0
21,77,26,1
21,78,26,1
21,79,26,0
21,80,26,1
21,81,26,0
21,82,26,0
21,83,26,0
21,84,26,1
21,85,26,1
21,86,26,0
21,87,26,1
21,88,26,1
21,89,26,1
21,90,37,0
21,91,30,0
21,92,37,0
21,93,30,0
21,94,37,1
21,95,30,1
21,96,37,1
21,97,30,1
21,98,37,1
21,99,30,1
21,100,37,1
21,101,30,1
21,102,37,1
21,103,30,1
21,104,30,0
21,105,30,1
21,106,30,0
21,107,30,1
21,108,30,1
21,109,30,1
21,110,30,1
21,111,30,1
21,112,70,0
21,113,70,0
21,114,70,0
21,115,70,1
21,116,70,1
21,117,70,1
21,118,70,0
21,119,70,1
21,120,70,0
21,121,70,1
21,122,70,1
21,123,70,1
21,124,70,0
21,125,70,0
21,126,70,0
21,127,70,1
21,128,70,1
21,129,70,1
21,130,41,0
21,131,26,1
21,132,26,0
21,133,26,0
21,134,26,0
21,135,26,0
21,136,26,1
21,137,26,1
21,138,26,0
21,139,26,1
21,140,26,0
21,141,26,1
21,142,26,0
21,143,26,0
21,144,26,0
21,145,26,0
21,146,26,1
21,147,26,0
21,148,26,0
21,149,26,1
21,150,26,1
21,151,26,1
21,152,26,1
21,153,26,0
21,154,26,0
21,155,26,0
21,156,26,1
21,157,70,0
21,158,70,1
21,159,70,1
21,160,70,1
21,161,70,1
21,162,70,1
21,163,70,0
21,164,70,1
21,165,70,1
21,166,70,1
21,167,70,0
21,168,70,1
21,169,70,1
21,170,70,0
21,171,70,1
21,172,70,0
21,173,70,1
21,174,70,1
21,175,70,1
21,176,41,0
21,177,41,0
21,178,41,1
21,179,41,1
21,180,41,1
21,181,41,1
21,182,41,0
21,183,41,1
21,184,41,1
21,185,41,1
21,186,26,0
21,187,26,1
21,188,26,1
21,189,26,1
21,190,26,0
21,191,26,1
21,192,26,0
21,193,26,1
21,194,26,0
21,195,26,1
21,196,26,1
21,197,26,1
21,198,26,0
21,199,26,1
21,200,26,1
21,201,26,1
21,202,26,0
21,203,26,1
21,204,26,1
21,205,26,1
21,206,26,0
21,207,26,1
21,208,26,1
21,209,26,1
21,210,26,0
21,211,26,1
21,212,26,1
21,213,26,1
21,214,26,0
21,215,26,1
21,216,26,1
21,217,26,1
21,218,26,0
21,219,26,1
21,220,26,1
21,221,26,1
21,222,26,0
21,223,26,1
21,224,26,1
21,225,26,1
21,226,66,1
21,227,58,0
21,228,66,0
21,229,66,0
21,230,66,1
21,231,66,1
21,232,66,1
21,233,66,1
21,234,66,1
21,235,58,0
21,236,58,0
21,237,58,0
21,238,58,1
21,239,58,1
21,240,58,1
21,241,26,1
21,242,26,1
21,243,26,1
21,244,26,1
21,245,77,0
21,246,79,0
21,247,77,0
21,248,79,0
21,249,77,1
21,250,79,1
21,251,77,1
21,252,79,1
21,253,77,0
21,254,79,0
21,255,77,0
21,256,79,0
21,257,77,1
21,258,79,1
21,259,77,0
21,260,79,0
21,261,77,0
21,262,79,0
21,263,77,0
21,264,79,0
21,265,77,0
21,266,79,0
21,267,77,0
21,268,79,0
21,269,77,0
21,270,79,0
21,271,77,1
21,272,79,1
21,273,77,0
21,274,79,0
21,275,77,1
21,276,79,1
21,277,77,0
21,278,79,0
21,279,77,1
21,280,79,1
21,281,77,0
21,282,79,0
21,283,77,1
21,284,79,1
21,285,77,0
21,286,79,0
21,287,77,0
21,288,79,0
21,289,77,0
21,290,79,0
21,291,77,0
21,292,79,0
21,293,77,0
21,294,79,0
21,295,77,1
21,296,79,1
21,297,77,1
21,298,79,1
21,299,77,1
21,300,79,1
21,301,77,0
21,302,79,0
21,303,77,0
21,304,79,0
22,0,22,0
22,1,23,0
22,2,23,1
22,3,25,1
22,4,23,1
22,5,23,1
22,6,25,1
22,7,23,1
22,8,23,1
22,9,21,0
23,0,25,1
23,1,23,1
23,2,25,0
23,3,23,0
23,4,22,1
23,5,23,1
23,6,25,1
23,7,23,1
23,8,23,1
23,9,22,1
23,10,23,1
23,11,23,1
23,12,27,1
23,13,40,0
23,14,40,0
23,15,40,1
23,16,40,0
23,17,40,0
23,18,27,1
23,19,40,1
23,20,40,1
23,21,40,1
23,22,23,0
23,23,23,0
23,24,27,1
23,25,40,1
23,26,40,0
23,27,40,0
23,28,40,1
23,29,40,0
23,30,40,1
23,31,24,1
23,32,60,1
23,33,19,1
23,34,24,1
23,35,60,1
23,36,40,1
23,37,40,1
23,38,40,1
23,39,40,1
23,40,20,0
23,41,21,1
23,42,20,1
23,43,20,1
23,44,20,1
23,45,20,1
23,46,46,0
23,47,46,0
23,48,46,0
23,49,46,1
23,50,46,1
23,51,34,1
23,52,34,1
23,53,47,0
23,54,67,0
23,55,67,0
23,56,34,1
23,57,41,0
23,58,41,0
23,59,41,0
23,60,41,0
23,61,41,1
23,62,78,0
23,63,46,0
23,64,46,0
23,65,46,1
23,66,46,1
23,67,78,0
23,68,34,1
23,69,47,0
23,70,67,0
23,71,34,0
23,72,34,1
23,73,41,0
23,74,41,0
23,75,41,0
23,76,41,0
23,77,34,1
23,78,26,0
23,79,26,0
23,80,26,1
23,81,26,0
23,82,26,0
23,83,26,0
23,84,26,0
23,85,26,0
23,86,26,1
23,87,26,0
23,88,26,0
23,89,26,0
23,90,26,1
23,91,26,0
23,92,26,1
23,93,26,1
23,94,26,1
23,95,37,0
23,96,30,0
23,97,37,1
23,98,30,1
23,99,37,1
23,100,30,1
23,101,37,1
23,102,30,1
23,103,30,1
23,104,30,0
23,105,30,1
23,106,30,0
23,107,30,1
23,108,30,0
23,109,30,1
23,110,30,0
23,111,30,1
23,112,30,1
23,113,30,0
23,114,30,0
23,115,30,0
23,116,30,1
23,117,30,1
23,118,30,0
23,119,30,0
23,120,30,1
23,121,30,1
23,122,30,1
23,123,30,1
23,124,34,1
23,125,41,0
23,126,41,0
23,127,41,0
23,128,41,0
23,129,41,0
23,130,34,1
23,131,67,0
23,132,34,1
23,133,41,1
23,134,34,1
23,135,67,0
23,136,70,0
23,137,70,1
23,138,70,1
23,139,70,1
23,140,70,0
23,141,70,1
23,142,70,1
23,143,70,1
23,144,70,1
23,145,70,0
23,146,70,1
23,147,70,1
23,148,70,1
23,149,26,1
23,150,26,1
23,151,26,0
23,152,26,1
23,153,26,1
23,154,26,1
23,155,26,1
23,156,26,1
23,157,26,0
23,158,26,1
23,159,26,1
23,160,26,1
23,161,26,0
23,162,26,1
23,163,26,1
23,164,26,1
23,165,26,1
23,166,26,1
23,167,26,1
23,168,41,0
23,169,41,0
23,170,34,1
23,171,70,0
23,172,70,1
23,173,70,1
23,174,70,1
23,175,70,0
23,176,70,1
23,177,70,1
23,178,70,1
23,179,70,1
23,180,70,1
23,181,70,0
23,182,70,1
23,183,70,1
23,184,70,0
23,185,70,1
23,186,70,1
23,187,70,1
23,188,70,1
23,189,70,1
23,190,26,0
23,191,26,1
23,192,26,1
23,193,26,1
23,194,26,0
23,195,26,1
23,196,26,1
23,197,26,1
23,198,26,0
23,199,26,1
23,200,26,1
23,201,26,1
23,202,26,0
23,203,26,0
23,204,26,1
23,205,26,1
23,206,26,1
23,207,26,1
23,208,26,1
23,209,26,0
23,210,26,1
23,211,26,1
23,212,26,1
23,213,26,0
23,214,26,0
23,215,26,1
23,216,26,1
23,217,26,0
23,218,70,0
23,219,70,1
23,220,70,1
23,221,70,1
23,222,70,1
23,223,70,1
23,224,70,1
23,225,70,1
23,226,70,1
23,227,26,1
23,228,26,1
23,229,26,1
23,230,26,0
23,231,26,1
23,232,26,1
23,233,26,1
23,234,26,0
23,235,26,1
23,236,26,1
23,237,26,1
23,238,26,1
23,239,26,0
23,240,26,1
23,241,26,1
23,242,26,1
23,243,26,0
23,244,26,1
23,245,26,1
23,246,26,1
23,247,26,1
23,248,26,0
23,249,26,1
23,250,26,1
23,251,26,1
23,252,26,0
23,253,26,1
23,254,26,1
23,255,26,1
23,256,26,1
23,257,26,1
23,258,41,0
23,259,41,1
23,260,41,1
23,261,41,0
23,262,41,1
23,263,41,1
23,264,41,1
23,265,41,1
23,266,41,1
23,267,30,1
23,268,34,1
23,269,67,0
23,270,34,1
23,271,13,1
23,272,61,1
23,273,35,1
23,274,14,1
23,275,34,0
23,276,67,0
23,277,58,1
23,278,58,1
23,279,58,1
23,280,58,0
23,281,58,0
23,282,58,1
23,283,58,1
23,284,58,0
23,285,58,1
23,286,58,1
23,287,58,0
23,288,58,1
23,289,58,1
23,290,66,0
23,291,66,0
23,292,66,0
23,293,66,0
23,294,66,0
23,295,44,1
23,296,44,1
23,297,44,1
23,298,44,1
23,299,59,1
23,300,59,1
23,301,59,1
23,302,59,1
23,303,38,0
23,304,38,0
23,305,38,0
23,306,38,0
23,307,38,0
23,308,38,1
23,309,38,1
23,310,38,1
23,311,38,0
23,312,38,1
23,313,44,0
23,314,44,1
23,315,44,1
23,316,44,0
23,317,44,1
23,318,44,1
23,319,44,0
23,320,44,1
23,321,44,1
23,322,44,1
23,323,59,1
23,324,59,0
23,325,59,0
23,326,59,1
23,327,59,1
23,328,59,0
23,329,59,1
23,330,59,1
23,331,59,1
23,332,59,1
23,333,34,1
23,334,34,1
23,335,38,1
23,336,38,1
23,337,38,1
23,338,44,0
23,339,44,0
23,340,44,0
23,341,44,1
23,342,44,1
23,343,44,1
23,344,44,1
23,345,58,1
23,346,66,0
23,347,66,0
23,348,66,0
23,349,66,0
23,350,26,1
23,351,26,1
23,352,26,1
23,353,26,1
23,354,77,0
23,355,79,0
23,356,77,0
23,357,79,0
23,358,77,1
23,359,79,1
23,360,77,1
23,361,79,1
23,362,77,0
23,363,79,0
23,364,77,1
23,365,79,1
23,366,77,0
23,367,79,0
23,368,77,1
23,369,79,1
23,370,77,1
23,371,79,1
23,372,77,1
23,373,79,1
23,374,77,1
23,375,79,1
23,376,77,1
23,377,79,1
23,378,77,1
23,379,79,1
23,380,77,0
23,381,79,0
23,382,77,0
23,383,79,0
23,384,77,0
23,385,79,0
23,386,77,0
23,387,79,0
23,388,77,1
23,389,79,1
23,390,77,0
23,391,79,0
23,392,77,0
23,393,79,0
23,394,77,0
23,395,79,0
23,396,77,1
23,397,79,1
23,398,77,1
23,399,79,1
23,400,77,0
23,401,79,0
23,402,77,0
23,403,79,0
23,404,77,1
23,405,79,1
23,406,77,0
23,407,79,0
23,408,77,1
23,409,79,1
23,410,77,0
23,411,79,0
23,412,77,0
23,413,79,0
23,414,77,0
23,415,79,0
23,416,77,1
23,417,79,1
23,418,66,0
23,419,77,1
23,420,79,1
23,421,77,1
23,422,79,1
23,423,77,0
23,424,79,0
23,425,77,1
23,426,79,1
23,427,77,0
23,428,79,0
23,429,77,1
23,430,79,1
23,431,77,0
23,432,79,0
23,433,77,0
23,434,79,0
23,435,77,0
23,436,79,0
23,437,77,0
23,438,79,0
23,439,77,1
23,440,79,1
23,441,77,0
23,442,79,0
23,443,77,0
23,444,79,0
23,445,77,1
23,446,79,1
23,447,77,1
23,448,79,1
23,449,77,1
23,450,79,1
23,451,77,1
23,452,79,1
23,453,77,1
23,454,79,1
23,455,77,1
23,456,79,1
23,457,77,1
23,458,79,1
24,0,25,0
24,1,23,0
24,2,25,1
24,3,23,1
24,4,22,1
24,5,23,1
24,6,25,1
24,7,23,1
24,8,23,1
24,9,25,1
24,10,23,1
24,11,20,1
24,12,21,1
24,13,21,1
24,14,20,1
24,15,21,1
24,16,40,0
24,17,40,0
24,18,40,1
24,19,40,0
24,20,40,1
24,21,40,1
24,22,40,0
24,23,40,1
24,24,40,1
24,25,40,1
24,26,40,1
24,27,40,1
24,28,23,0
24,29,40,1
24,30,27,1
24,31,40,0
24,32,23,1
24,33,23,1
24,34,23,1
24,35,27,1
24,36,40,1
24,37,60,1
24,38,19,1
24,39,19,1
24,40,60,0
24,41,24,1
24,42,19,1
24,43,24,1
24,44,46,0
24,45,46,0
24,46,46,0
24,47,46,0
24,48,46,0
24,49,46,0
24,50,46,1
24,51,46,1
24,52,78,0
24,53,35,0
24,54,67,0
24,55,26,1
24,56,26,0
24,57,26,1
24,58,26,1
24,59,26,1
24,60,26,0
24,61,26,0
24,62,26,0
24,63,26,0
24,64,26,1
24,65,26,1
24,66,26,1
24,67,37,0
24,68,30,0
24,69,37,0
24,70,30,0
24,71,37,0
24,72,30,0
24,73,37,1
24,74,30,1
24,75,37,1
24,76,30,1
24,77,37,1
24,78,30,1
24,79,37,0
24,80,30,0
24,81,37,1
24,82,30,1
24,83,37,1
24,84,30,1
24,85,37,1
24,86,30,1
24,87,37,1
24,88,30,1
24,89,37,1
24,90,30,1
24,91,30,0
24,92,30,1
24,93,30,1
24,94,30,1
24,95,30,1
24,96,30,1
24,97,70,1
24,98,70,1
24,99,70,1
24,100,70,1
24,101,26,1
24,102,26,1
24,103,26,0
24,104,26,1
24,105,26,1
24,106,26,1
24,107,26,1
24,108,26,0
24,109,26,0
24,110,26,0
24,111,26,1
24,112,26,1
24,113,26,1
24,114,26,1
24,115,41,0
24,116,41,0
24,117,41,0
24,118,41,0
24,119,41,0
24,120,41,1
24,121,41,1
24,122,41,1
24,123,41,1
24,124,41,1
24,125,44,1
24,126,44,1
24,127,44,1
24,128,44,0
24,129,44,1
24,130,44,1
24,131,44,0
24,132,44,1
24,133,44,1
24,134,44,1
24,135,59,1
24,136,38,0
24,137,38,1
24,138,38,1
24,139,38,1
24,140,44,1
24,141,59,1
24,142,59,1
24,143,59,1
24,144,44,0
24,145,44,1
24,146,44,0
24,147,44,1
24,148,44,1
24,149,44,1
24,150,44,1
24,151,26,0
24,152,26,1
24,153,26,1
24,154,26,1
24,155,26,1
24,156,77,0
24,157,79,0
24,158,77,1
24,159,79,1
24,160,77,1
24,161,79,1
24,162,77,1
24,163,79,1
24,164,77,1
24,165,79,1
24,166,77,1
24,167,79,1
24,168,77,1
24,169,79,1
24,170,77,1
24,171,79,1
24,172,77,1
24,173,79,1
24,174,77,1
24,175,79,1
24,176,77,1
24,177,79,1
24,178,77,1
24,179,79,1
24,180,77,0
24,181,79,0
24,182,77,0
24,183,79,0
25,0,27,0
25,1,27,0
25,2,27,0
25,3,27,0
25,4,27,0
25,5,27,0
25,6,27,0
25,7,27,1
25,8,27,0
25,9,37,0
25,10,30,0
25,11,37,1
25,12,30,1
25,13,37,1
25,14,30,1
25,15,10,0
25,16,10,0
25,17,10,1
25,18,10,1
25,19,10,1
25,20,10,0
25,21,35,0
25,22,10,0
25,23,35,0
25,24,12,1
25,25,35,1
25,26,6,0
25,27,8,0
25,28,4,0
25,29,4,1
25,30,15,1
25,31,4,1
25,32,16,1
25,33,4,1
25,34,8,1
25,35,4,0
25,36,8,0
25,37,4,1
25,38,8,1
25,39,4,1
25,40,8,1
25,41,4,1
25,42,8,1
25,43,4,1
25,44,5,1
25,45,4,1
25,46,5,1
25,47,4,0
25,48,4,1
25,49,9,1
25,50,4,1
25,51,9,1
25,52,4,0
25,53,7,0
25,54,4,1
25,55,7,1
25,56,4,1
25,57,7,1
25,58,4,1
25,59,7,1
25,60,10,1
25,61,10,1
25,62,14,0
25,63,14,0
25,64,37,1
25,65,33,1
25,66,18,1
26,0,26,0
26,1,18,1
26,2,24,0
26,3,21,1
26,4,24,1
26,5,19,0
26,6,19,1
26,7,19,1
26,8,19,1
26,9,18,1
26,10,22,1
26,11,20,1
26,12,21,1
26,13,25,1
26,14,23,1
26,15,25,1
26,16,23,1
26,17,18,1
26,18,24,1
26,19,24,1
26,20,22,1
26,21,22,1
26,22,22,1
26,23,22,1
26,24,22,1
26,25,37,0
26,26,37,1
26,27,37,1
26,28,37,1
26,29,34,1
26,30,34,1
26,31,34,1
26,32,34,1
26,33,34,0
26,34,34,0
26,35,34,1
26,36,34,1
26,37,34,1
26,38,34,1
26,39,80,1
26,40,35,0
26,41,35,0
26,42,35,1
26,43,35,1
26,44,35,1
26,45,74,1
26,46,60,0
26,47,60,1
26,48,60,1
26,49,60,1
26,50,21,1
26,51,21,1
26,52,59,1
26,53,41,0
26,54,41,0
26,55,41,0
26,56,41,1
26,57,41,0
26,58,41,0
26,59,41,0
26,60,41,1
26,61,41,1
26,62,41,1
26,63,55,0
26,64,55,0
26,65,55,1
26,66,55,0
26,67,55,1
26,68,55,1
26,69,55,0
26,70,55,1
26,71,55,1
26,72,55,1
26,73,20,1
26,74,21,1
26,75,21,1
26,76,20,1
26,77,69,0
26,78,69,0
26,79,69,1
26,80,69,1
26,81,69,1
26,82,69,1
26,83,69,0
26,84,69,1
26,85,69,1
26,86,69,1
26,87,19,1
26,88,19,1
26,89,21,1
26,90,37,1
26,91,30,1
26,92,37,1
26,93,37,1
26,94,30,1
26,95,30,1
26,96,30,1
26,97,30,1
26,98,30,1
26,99,30,1
26,100,33,1
26,101,33,1
26,102,33,1
26,103,62,1
26,104,44,1
26,105,33,0
26,106,62,0
26,107,44,0
26,108,33,1
26,109,62,1
26,110,44,1
26,111,33,1
26,112,62,1
26,113,44,1
26,114,33,1
26,115,62,1
26,116,44,1
26,117,33,1
26,118,62,1
26,119,44,1
26,120,33,1
26,121,62,1
26,122,44,1
26,123,27,1
26,124,27,1
26,125,40,0
26,126,40,1
26,127,40,1
26,128,40,1
26,129,40,1
26,130,44,1
26,131,44,1
26,132,44,1
26,133,44,1
26,134,44,1
26,135,35,1
26,136,73,1
26,137,14,1
26,138,14,1
26,139,14,1
26,140,14,1
26,141,38,0
26,142,38,0
26,143,38,1
26,144,38,1
26,145,38,1
26,146,63,0
26,147,63,1
26,148,63,1
26,149,63,1
26,150,65,1
26,151,65,1
26,152,65,1
26,153,65,1
26,154,65,0
26,155,65,1
26,156,65,1
26,157,65,1
26,158,65,1
26,159,65,1
26,160,14,1
26,161,14,1
26,162,14,1
26,163,14,1
26,164,14,1
26,165,59,1
26,166,14,1
26,167,14,1
26,168,35,1
26,169,12,1
26,170,35,1
26,171,12,1
26,172,35,1
26,173,44,1
26,174,61,1
26,175,44,1
26,176,61,1
26,177,44,1
26,178,61,0
26,179,44,0
26,180,61,1
26,181,44,1
26,182,61,1
26,183,44,1
26,184,61,1
26,185,44,1
26,186,61,1
26,187,44,1
26,188,61,1
26,189,44,1
26,190,24,1
26,191,20,1
26,192,36,1
26,193,36,1
26,194,20,1
26,195,25,1
26,196,23,1
26,197,25,0
26,198,23,0
26,199,22,1
26,200,23,1
26,201,22,1
26,202,23,1
26,203,22,1
26,204,23,1
26,205,18,1
26,206,24,1
26,207,24,1
26,208,22,1
26,209,22,1
26,210,22,1
26,211,22,1
26,212,22,1
26,213,37,0
26,214,37,1
26,215,37,1
26,216,37,1
26,217,34,1
26,218,34,1
26,219,34,1
26,220,34,1
26,221,34,0
26,222,34,0
26,223,34,1
26,224,34,1
26,225,34,1
26,226,34,1
26,227,80,1
26,228,35,1
26,229,74,1
26,230,60,1
26,231,21,1
26,232,21,1
26,233,59,1
26,234,41,1
26,235,41,1
26,236,41,1
26,237,55,0
26,238,55,0
26,239,21,1
26,240,21,1
26,241,20,1
26,242,19,0
26,243,19,1
26,244,19,1
26,245,19,1
26,246,19,1
26,247,21,1
26,248,37,1
26,249,30,1
26,250,37,1
26,251,37,1
26,252,30,1
26,253,30,1
26,254,30,1
26,255,30,1
26,256,30,1
26,257,30,1
26,258,33,1
26,259,33,1
26,260,33,0
26,261,62,0
26,262,44,0
26,263,33,0
26,264,62,0
26,265,44,0
26,266,33,1
26,267,62,1
26,268,44,1
26,269,33,1
26,270,62,1
26,271,44,1
26,272,33,1
26,273,62,1
26,274,44,1
26,275,33,1
26,276,62,1
26,277,44,1
26,278,33,0
26,279,62,0
26,280,44,0
26,281,27,1
26,282,27,1
26,283,40,1
26,284,40,0
26,285,40,1
26,286,40,1
26,287,40,0
26,288,40,1
26,289,40,1
26,290,40,1
26,291,44,1
26,292,44,1
26,293,44,1
26,294,44,1
26,295,44,1
26,296,35,0
26,297,35,1
26,298,35,1
26,299,35,1
26,300,73,1
26,301,14,1
26,302,14,1
26,303,14,0
26,304,14,1
26,305,14,1
26,306,14,1
26,307,38,1
26,308,63,1
26,309,65,1
26,310,65,1
26,311,65,0
26,312,65,1
26,313,65,1
26,314,65,1
26,315,65,1
26,316,65,1
26,317,14,1
26,318,14,1
26,319,14,1
26,320,14,1
26,321,14,1
26,322,59,1
26,323,14,1
26,324,14,1
26,325,41,1
26,326,41,1
26,327,35,1
26,328,44,1
26,329,61,1
26,330,44,1
26,331,61,0
26,332,44,0
26,333,61,1
26,334,44,1
26,335,61,0
26,336,44,0
26,337,61,1
26,338,44,1
26,339,61,1
26,340,44,1
26,341,61,1
26,342,44,1
26,343,61,1
26,344,44,1
26,345,61,1
26,346,44,1
26,347,24,0
27,0,29,0
27,1,3,0
27,2,18,1
27,3,24,1
27,4,21,1
27,5,24,0
27,6,24,1
27,7,24,1
27,8,24,1
27,9,19,1
27,10,18,0
27,11,18,1
27,12,18,1
27,13,18,1
27,14,22,1
27,15,20,1
27,16,21,1
27,17,21,1
27,18,20,1
27,19,20,1
27,20,38,1
27,21,52,1
27,22,21,1
27,23,25,1
27,24,23,1
27,25,25,1
27,26,23,1
27,27,18,0
27,28,18,1
27,29,18,1
27,30,18,1
27,31,24,1
27,32,24,1
27,33,22,1
27,34,22,1
27,35,22,1
27,36,22,1
27,37,22,1
27,38,37,1
27,39,34,1
27,40,34,1
27,41,34,1
27,42,34,1
27,43,34,0
27,44,34,1
27,45,34,1
27,46,34,1
27,47,34,1
27,48,80,1
27,49,35,1
27,50,74,1
27,51,60,1
27,52,21,1
27,53,21,1
27,54,59,1
27,55,41,0
27,56,41,0
27,57,41,0
27,58,41,0
27,59,41,1
27,60,41,1
27,61,41,1
27,62,55,0
27,63,55,1
27,64,55,1
27,65,55,1
27,66,55,1
27,67,55,1
27,68,20,1
27,69,21,1
27,70,21,1
27,71,20,1
27,72,69,0
27,73,69,1
27,74,69,1
27,75,69,0
27,76,69,1
27,77,69,1
27,78,69,1
27,79,69,1
27,80,69,1
27,81,19,1
27,82,19,1
27,83,21,1
27,84,37,1
27,85,30,1
27,86,37,1
27,87,37,1
27,88,30,1
27,89,30,1
27,90,30,1
27,91,30,1
27,92,30,1
27,93,30,1
27,94,33,1
27,95,33,1
27,96,33,1
27,97,62,1
27,98,44,1
27,99,33,0
27,100,62,0
27,101,44,0
27,102,33,1
27,103,62,1
27,104,44,1
27,105,33,1
27,106,62,1
27,107,44,1
27,108,33,1
27,109,62,1
27,110,44,1
27,111,33,1
27,112,62,1
27,113,44,1
27,114,33,1
27,115,62,1
27,116,44,1
27,117,40,1
27,118,27,1
27,119,40,1
27,120,40,1
27,121,44,1
27,122,44,1
27,123,44,1
27,124,44,1
27,125,44,1
27,126,35,1
27,127,73,0
27,128,73,1
27,129,73,1
27,130,73,1
27,131,14,1
27,132,14,1
27,133,14,1
27,134,14,1
27,135,38,1
27,136,63,0
27,137,63,1
27,138,63,1
27,139,63,1
27,140,65,1
27,141,65,1
27,142,65,0
27,143,65,1
27,144,65,1
27,145,65,0
27,146,65,1
27,147,65,1
27,148,65,1
27,149,65,1
27,150,14,1
27,151,14,1
27,152,14,1
27,153,14,1
27,154,14,1
27,155,59,1
27,156,14,0
27,157,14,0
27,158,14,1
27,159,14,1
27,160,14,1
27,161,14,1
27,162,12,1
27,163,35,1
27,164,35,1
27,165,41,1
27,166,44,1
27,167,61,1
27,168,44,1
27,169,61,0
27,170,44,0
27,171,61,0
27,172,44,0
27,173,61,1
27,174,44,1
27,175,61,1
27,176,44,1
27,177,61,1
27,178,44,1
27,179,61,1
27,180,44,1
27,181,61,1
27,182,44,1
27,183,24,1
27,184,20,1
27,185,36,1
27,186,36,1
27,187,65,1
27,188,20,1
27,189,22,1
27,190,22,1
27,191,22,1
27,192,22,1
27,193,22,0
27,194,22,1
27,195,22,1
27,196,22,1
27,197,22,1
27,198,22,1
27,199,28,1
27,200,28,1
27,201,28,0
27,202,28,0
27,203,28,1
27,204,28,1
27,205,28,1
27,206,28,1
27,207,28,1
27,208,49,1
27,209,48,1
27,210,50,1
27,211,50,1
27,212,50,0
27,213,50,1
27,214,50,1
27,215,50,1
27,216,42,1
27,217,25,0
27,218,42,0
27,219,25,0
27,220,42,0
27,221,25,0
27,222,42,0
27,223,25,0
27,224,42,0
27,225,26,1
27,226,26,1
27,227,26,0
27,228,26,1
27,229,26,1
27,230,26,0
27,231,26,0
27,232,26,1
27,233,26,1
27,234,26,1
27,235,52,1
27,236,53,1
27,237,42,0
27,238,43,0
27,239,42,1
27,240,43,1
27,241,42,0
27,242,43,0
27,243,42,1
27,244,43,1
27,245,42,1
27,246,43,1
27,247,42,1
27,248,43,1
27,249,50,1
27,250,50,1
27,251,66,0
27,252,66,0
27,253,66,1
27,254,66,1
27,255,66,0
27,256,66,0
27,257,66,0
27,258,66,1
27,259,51,1
27,260,93,0
27,261,50,1
27,262,50,0
27,263,50,1
27,264,50,0
27,265,50,0
27,266,50,0
27,267,50,1
27,268,49,1
27,269,53,1
27,270,54,1
27,271,26,1
27,272,77,1
27,273,79,1
27,274,77,1
27,275,79,1
27,276,77,1
27,277,79,1
27,278,26,1
27,279,26,1
27,280,26,1
27,281,26,0
27,282,26,0
27,283,26,0
27,284,26,1
27,285,26,1
27,286,26,0
27,287,26,1
27,288,26,1
27,289,26,0
27,290,58,1
27,291,58,1
27,292,49,1
27,293,49,1
27,294,92,0
27,295,94,0
27,296,94,1
27,297,93,1
27,298,94,0
27,299,70,0
27,300,70,1
27,301,70,1
27,302,70,1
27,303,70,0
27,304,70,1
27,305,70,0
27,306,70,1
27,307,77,1
27,308,79,1
27,309,77,1
27,310,79,1
27,311,77,0
27,312,79,0
27,313,77,1
27,314,79,1
27,315,77,0
27,316,79,0
27,317,77,1
27,318,79,1
27,319,77,0
27,320,79,0
27,321,77,1
27,322,79,1
27,323,22,1
27,324,23,1
27,325,22,1
27,326,23,1
27,327,20,1
27,328,18,1
27,329,24,1
27,330,24,1
27,331,22,1
27,332,22,1
27,333,22,1
27,334,22,1
27,335,22,1
27,336,37,1
27,337,34,1
27,338,34,1
27,339,34,1
27,340,34,1
27,341,34,0
27,342,34,1
27,343,34,1
27,344,34,1
27,345,34,0
27,346,34,0
27,347,77,1
27,348,79,1
27,349,77,1
27,350,79,1
27,351,77,1
27,352,79,1
27,353,80,1
27,354,34,1
27,355,35,1
27,356,74,1
27,357,60,1
27,358,21,1
27,359,21,1
27,360,59,0
27,361,59,1
27,362,59,1
27,363,59,1
27,364,41,1
27,365,41,1
27,366,41,1
27,367,55,0
27,368,55,1
27,369,55,0
27,370,55,1
27,371,55,0
27,372,55,0
27,373,55,1
27,374,55,1
27,375,55,1
27,376,55,1
27,377,21,1
27,378,20,1
27,379,20,1
27,380,37,0
27,381,37,0
27,382,37,1
27,383,37,1
27,384,37,1
27,385,37,1
27,386,37,1
27,387,30,1
27,388,21,1
27,389,19,1
27,390,19,1
27,391,30,1
27,392,30,1
27,393,30,1
27,394,30,1
27,395,30,1
27,396,30,1
27,397,33,1
27,398,33,1
27,399,33,0
27,400,62,0
27,401,44,0
27,402,33,0
27,403,62,0
27,404,44,0
27,405,33,1
27,406,62,1
27,407,44,1
27,408,33,1
27,409,62,1
27,410,44,1
27,411,33,1
27,412,62,1
27,413,44,1
27,414,33,1
27,415,62,1
27,416,44,1
27,417,33,1
27,418,62,1
27,419,44,1
27,420,27,1
27,421,27,1
27,422,40,1
27,423,40,0
27,424,40,0
27,425,40,0
27,426,40,1
27,427,40,1
27,428,40,0
27,429,40,0
27,430,44,1
27,431,44,1
27,432,44,1
27,433,44,1
27,434,44,1
27,435,35,1
27,436,73,0
27,437,73,1
27,438,73,1
27,439,73,1
27,440,14,1
27,441,14,1
27,442,14,1
27,443,14,1
27,444,38,1
27,445,63,1
27,446,65,1
27,447,65,0
27,448,14,1
27,449,14,1
27,450,14,1
27,451,14,1
27,452,14,1
27,453,59,1
27,454,14,1
27,455,14,1
27,456,41,1
27,457,12,1
27,458,35,1
27,459,41,0
27,460,35,1
27,461,35,1
27,462,41,1
27,463,44,1
27,464,61,1
27,465,44,1
27,466,61,0
27,467,44,0
27,468,61,1
27,469,44,1
27,470,61,0
27,471,44,0
27,472,61,1
27,473,44,1
27,474,61,1
27,475,44,1
27,476,61,1
27,477,44,1
27,478,61,1
27,479,44,1
27,480,61,1
27,481,44,1
27,482,24,1
27,483,20,1
27,484,36,1
27,485,36,0
27,486,36,0
27,487,57,1
27,488,31,1
27,489,31,0
27,490,39,1
27,491,32,1
27,492,5,1
27,493,32,1
27,494,5,1
27,495,12,0
27,496,35,0
27,497,11,0
27,498,4,1
27,499,8,1
27,500,4,1
27,501,8,1
27,502,4,1
27,503,9,1
27,504,4,1
27,505,9,1
27,506,4,1
27,507,7,1
27,508,4,1
27,509,7,1
27,510,4,1
27,511,5,1
27,512,4,0
27,513,5,0
27,514,4,1
27,515,5,1
27,516,48,1
27,517,49,1
27,518,5,1
27,519,8,1
27,520,4,1
27,521,22,1
27,522,10,1
27,523,6,1
27,524,5,1
27,525,10,0
27,526,10,1
27,527,10,1
27,528,10,1
27,529,10,1
27,530,10,1
27,531,17,1
27,532,17,1
27,533,17,1
27,534,6,1
27,535,7,1
27,536,6,1
27,537,8,1
27,538,10,1
27,539,35,1
27,540,10,1
27,541,35,1
27,542,10,1
27,543,35,1
27,544,10,1
27,545,35,1
27,546,26,1
27,547,26,1
27,548,26,1
27,549,26,1
27,550,29,1
27,551,3,1
27,552,3,1
27,553,4,1
27,554,15,1
27,555,4,0
27,556,16,0
27,557,4,0
27,558,5,0
27,559,4,0
27,560,5,0
27,561,4,1
27,562,5,1
27,563,65,1
27,564,65,1
27,565,65,1
27,566,65,1
27,567,65,1
27,568,40,1
27,569,40,0
27,570,40,1
27,571,55,0
27,572,55,1
27,573,55,1
27,574,55,1
27,575,55,0
27,576,55,1
27,577,52,1
27,578,50,1
27,579,50,1
27,580,50,1
27,581,50,1
27,582,50,0
27,583,50,0
27,584,50,1
27,585,50,1
27,586,4,1
27,587,5,1
27,588,50,1
27,589,50,1
27,590,28,0
27,591,28,1
27,592,28,1
27,593,28,1
27,594,28,1
27,595,28,1
27,596,12,0
27,597,13,0
27,598,12,1
27,599,13,1
27,600,12,1
27,601,13,1
27,602,12,1
27,603,13,1
27,604,12,1
27,605,35,1
27,606,12,1
27,607,13,1
27,608,14,1
27,609,12,1
27,610,13,1
27,611,41,1
27,612,3,0
27,613,50,1
27,614,50,0
27,615,50,1
27,616,42,1
27,617,25,0
27,618,42,0
27,619,3,1
27,620,36,0
27,621,36,1
27,622,36,1
27,623,36,1
27,624,51,1
27,625,50,0
27,626,50,0
27,627,49,1
27,628,53,1
27,629,50,1
27,630,26,0
27,631,26,1
27,632,26,1
27,633,26,1
27,634,16,1
27,635,16,1
27,636,28,1
27,637,28,1
27,638,28,0
27,639,28,1
27,640,28,1
27,641,28,1
27,642,28,1
27,643,68,1
27,644,68,1
27,645,77,1
27,646,79,1
27,647,77,1
27,648,79,1
27,649,77,0
27,650,79,0
27,651,77,0
27,652,79,0
27,653,28,0
27,654,28,1
27,655,28,1
27,656,28,1
27,657,87,1
27,658,16,1
27,659,16,1
27,660,75,0
27,661,75,1
27,662,75,0
27,663,94,1
27,664,69,0
27,665,69,1
27,666,69,0
27,667,69,1
27,668,69,1
27,669,69,1
27,670,51,1
27,671,53,1
27,672,54,1
27,673,2,0
27,674,84,0
27,675,28,0
27,676,84,1
27,677,28,1
27,678,84,1
27,679,28,1
27,680,84,1
27,681,28,1
27,682,80,0
27,683,18,0
27,684,80,0
27,685,80,1
27,686,18,1
27,687,80,1
27,688,18,1
27,689,80,1
27,690,42,1
27,691,43,1
27,692,58,1
27,693,58,1
27,694,72,0
27,695,72,0
27,696,26,1
27,697,43,0
27,698,64,1
27,699,85,1
27,700,66,1
27,701,31,0
28,0,26,1
28,1,18,1
28,2,24,1
28,3,21,1
28,4,24,0
28,5,24,1
28,6,24,1
28,7,24,0
28,8,24,1
28,9,19,0
28,10,18,1
28,11,22,1
28,12,20,1
28,13,19,1
28,14,19,1
28,15,19,1
28,16,21,1
28,17,21,1
28,18,20,0
28,19,20,1
28,20,20,1
28,21,20,1
28,22,20,1
28,23,38,1
28,24,21,1
28,25,52,1
28,26,24,1
28,27,24,0
28,28,24,1
28,29,24,1
28,30,24,1
28,31,25,1
28,32,23,1
28,33,22,1
28,34,23,1
28,35,18,1
28,36,24,1
28,37,24,1
28,38,22,1
28,39,22,1
28,40,22,1
28,41,22,1
28,42,22,0
28,43,22,1
28,44,37,1
28,45,37,1
28,46,22,1
28,47,22,1
28,48,22,1
28,49,22,1
28,50,34,1
28,51,34,0
28,52,34,1
28,53,34,1
28,54,34,1
28,55,34,1
28,56,34,0
28,57,34,1
28,58,34,1
28,59,34,1
28,60,34,1
28,61,80,1
28,62,35,0
28,63,35,1
28,64,35,1
28,65,35,1
28,66,74,1
28,67,60,1
28,68,21,1
28,69,21,1
28,70,59,1
28,71,20,1
28,72,21,1
28,73,21,1
28,74,20,1
28,75,25,1
28,76,23,1
28,77,22,1
28,78,23,1
28,79,20,1
28,80,18,1
28,81,24,1
28,82,24,1
28,83,22,1
28,84,22,1
28,85,22,1
28,86,22,0
28,87,22,1
28,88,22,1
28,89,22,1
28,90,22,1
29,0,31,0
29,1,18,1
29,2,24,0
29,3,24,1
29,4,24,1
29,5,24,1
29,6,21,1
29,7,24,1
29,8,19,1
29,9,18,1
29,10,22,1
29,11,20,1
29,12,21,1
29,13,21,1
29,14,20,0
29,15,20,1
29,16,38,1
29,17,52,1
29,18,21,1
29,19,33,1
29,20,37,1
29,21,21,1
29,22,27,0
29,23,4,1
29,24,7,1
29,25,4,1
29,26,7,1
29,27,4,1
29,28,9,1
29,29,4,0
29,30,9,0
29,31,4,1
29,32,9,1
29,33,4,1
29,34,9,1
29,35,4,1
29,36,9,1
29,37,16,1
29,38,16,1
29,39,4,1
29,40,15,1
29,41,4,1
29,42,15,1
29,43,28,0
29,44,28,1
29,45,28,1
29,46,28,1
29,47,48,1
29,48,64,0
29,49,77,1
29,50,79,1
29,51,77,0
29,52,79,0
29,53,77,0
29,54,79,0
29,55,24,1
29,56,18,0
29,57,18,0
29,58,18,0
29,59,18,0
29,60,19,1
29,61,21,1
29,62,21,1
29,63,22,1
29,64,22,1
29,65,22,1
29,66,22,1
29,67,22,1
29,68,20,1
29,69,21,1
29,70,25,0
29,71,23,0
29,72,22,0
29,73,23,0
29,74,25,0
29,75,23,0
29,76,22,1
29,77,23,1
29,78,23,1
29,79,25,1
29,80,23,1
29,81,25,0
29,82,23,0
29,83,22,0
29,84,23,0
29,85,25,0
29,86,23,0
29,87,25,0
29,88,23,0
29,89,25,1
29,90,23,1
29,91,20,1
29,92,18,1
29,93,25,0
29,94,23,0
29,95,22,1
29,96,23,1
29,97,24,1
29,98,24,1
29,99,22,1
29,100,22,1
29,101,22,1
29,102,22,1
29,103,22,1
29,104,37,1
29,105,34,1
29,106,34,1
29,107,34,1
29,108,34,1
29,109,34,0
29,110,34,1
29,111,34,0
29,112,34,0
29,113,34,1
29,114,34,1
29,115,34,1
29,116,34,0
29,117,34,1
29,118,34,0
29,119,34,1
29,120,34,1
29,121,34,0
29,122,34,0
29,123,34,1
29,124,34,0
29,125,34,0
29,126,34,1
29,127,34,1
29,128,34,1
29,129,80,0
29,130,36,0
29,131,80,1
29,132,80,1
29,133,80,0
29,134,80,0
29,135,90,0
29,136,80,1
29,137,90,1
29,138,80,1
29,139,80,0
29,140,90,0
29,141,80,1
29,142,35,0
29,143,35,0
29,144,35,0
29,145,35,0
29,146,35,0
29,147,74,0
29,148,74,1
29,149,74,1
29,150,74,1
29,151,60,0
29,152,21,1
29,153,21,1
29,154,59,1
29,155,41,1
29,156,41,0
29,157,41,1
29,158,41,1
29,159,41,1
29,160,55,0
29,161,55,1
29,162,55,1
29,163,55,1
29,164,55,1
29,165,55,1
29,166,21,1
29,167,21,1
29,168,20,1
29,169,69,0
29,170,69,0
29,171,69,0
29,172,69,1
29,173,69,1
29,174,19,1
29,175,19,1
29,176,21,1
29,177,37,1
29,178,30,1
29,179,37,1
29,180,37,1
29,181,30,1
29,182,30,1
29,183,30,1
29,184,30,1
29,185,30,1
29,186,30,1
29,187,33,1
29,188,33,1
29,189,33,1
29,190,62,1
29,191,44,1
29,192,33,1
29,193,62,1
29,194,44,1
29,195,33,0
29,196,62,0
29,197,44,0
29,198,33,0
29,199,62,0
29,200,44,0
29,201,33,1
29,202,62,1
29,203,44,1
29,204,33,0
29,205,62,0
29,206,44,0
29,207,33,1
29,208,62,1
29,209,44,1
29,210,27,1
29,211,27,1
29,212,40,0
29,213,40,1
29,214,40,1
29,215,40,1
29,216,40,1
29,217,44,0
29,218,44,0
29,219,44,1
29,220,44,0
29,221,44,0
29,222,44,0
29,223,44,0
29,224,44,1
29,225,44,1
29,226,44,1
29,227,44,1
29,228,44,1
29,229,44,1
29,230,35,0
29,231,35,1
29,232,35,1
29,233,35,1
29,234,73,1
29,235,14,1
29,236,14,0
29,237,14,1
29,238,14,1
29,239,14,1
29,240,38,0
29,241,38,0
29,242,63,0
29,243,63,0
29,244,63,1
29,245,63,1
29,246,63,0
29,247,65,1
29,248,65,1
29,249,65,1
29,250,65,0
29,251,65,0
29,252,65,0
29,253,65,0
29,254,65,1
29,255,65,0
29,256,65,1
29,257,14,1
29,258,14,1
29,259,14,1
29,260,14,1
29,261,14,1
29,262,59,1
29,263,14,1
29,264,14,1
29,265,35,1
29,266,41,1
29,267,41,1
29,268,44,1
29,269,61,0
29,270,44,0
29,271,61,0
29,272,44,0
29,273,61,0
29,274,44,0
29,275,61,1
29,276,44,1
29,277,61,1
29,278,44,1
29,279,61,1
29,280,44,1
29,281,61,1
29,282,44,1
29,283,61,1
29,284,44,1
29,285,24,0
29,286,20,0
29,287,20,1
29,288,20,0
29,289,20,1
29,290,20,1
29,291,36,1
29,292,36,0
29,293,52,1
29,294,38,0
29,295,38,0
29,296,38,1
29,297,38,0
29,298,38,1
29,299,52,1
29,300,48,1
29,301,95,0
29,302,50,0
29,303,50,0
29,304,51,1
29,305,50,0
29,306,50,0
29,307,50,0
29,308,50,0
29,309,96,0
29,310,50,1
29,311,50,0
29,312,50,0
29,313,50,1
29,314,50,0
29,315,50,0
29,316,50,1
29,317,50,1
29,318,50,1
29,319,50,0
29,320,50,0
29,321,50,0
29,322,50,0
29,323,50,1
29,324,50,0
29,325,50,0
29,326,50,0
29,327,50,0
29,328,50,0
29,329,50,0
29,330,50,1
29,331,50,0
29,332,50,1
29,333,50,0
29,334,49,0
29,335,49,0
29,336,49,1
29,337,49,1
29,338,49,1
29,339,28,0
29,340,28,0
29,341,28,0
29,342,57,1
29,343,31,0
29,344,31,0
29,345,31,0
29,346,31,1
29,347,31,0
29,348,31,0
29,349,31,0
29,350,31,0
29,351,31,1
29,352,1,0
29,353,81,1
29,354,83,0
29,355,81,1
29,356,81,1
29,357,81,1
29,358,2,1
29,359,28,1
29,360,1,0
29,361,1,0
29,362,1,0
29,363,68,0
29,364,68,1
29,365,68,1
29,366,68,0
29,367,68,0
29,368,68,1
29,369,68,1
29,370,28,1
29,371,68,1
29,372,28,0
29,373,28,0
29,374,64,0
29,375,64,1
29,376,64,1
29,377,85,0
29,378,64,1
29,379,64,0
29,380,64,1
29,381,64,1
29,382,35,0
30,0,29,0
30,1,3,0
30,2,29,0
30,3,3,0
30,4,18,0
30,5,18,0
30,6,18,1
30,7,18,1
30,8,18,1
30,9,24,0
30,10,24,1
30,11,24,1
30,12,24,1
30,13,21,1
30,14,24,1
30,15,19,1
30,16,18,1
30,17,22,0
30,18,22,1
30,19,22,1
30,20,22,1
30,21,20,1
30,22,21,1
30,23,21,1
30,24,20,1
30,25,20,1
30,26,38,1
30,27,21,1
30,28,52,1
30,29,33,1
30,30,37,1
30,31,21,0
30,32,21,1
30,33,21,1
30,34,21,1
30,35,27,1
30,36,58,1
30,37,64,1
30,38,48,1
30,39,28,1
30,40,4,1
30,41,16,1
30,42,4,1
30,43,16,1
30,44,16,1
30,45,16,1
30,46,4,1
30,47,9,1
30,48,4,1
30,49,9,1
30,50,4,1
30,51,7,1
30,52,4,1
30,53,7,1
30,54,34,1
30,55,25,1
30,56,23,1
30,57,37,1
30,58,30,1
30,59,14,1
30,60,33,1
30,61,26,0
30,62,26,0
30,63,26,1
30,64,26,1
30,65,26,0
30,66,26,0
30,67,26,1
30,68,26,1
30,69,26,1
30,70,26,1
30,71,26,0
30,72,51,1
30,73,49,1
30,74,31,0
30,75,31,1
30,76,31,0
30,77,31,0
30,78,31,1
30,79,31,1
30,80,31,1
30,81,28,1
30,82,68,1
30,83,4,1
30,84,8,1
30,85,4,1
30,86,8,1
30,87,4,1
30,88,5,1
30,89,4,1
30,90,5,1
30,91,26,1
30,92,26,1
30,93,26,1
30,94,29,0
30,95,3,0
30,96,29,0
30,97,3,0
30,98,16,1
30,99,29,1
30,100,3,1
30,101,16,1
30,102,24,1
30,103,18,0
30,104,18,1
30,105,18,1
30,106,18,1
30,107,19,1
30,108,21,1
30,109,21,1
30,110,22,1
30,111,22,1
30,112,22,1
30,113,22,1
30,114,22,0
30,115,25,0
30,116,23,0
30,117,25,1
30,118,23,1
30,119,25,1
30,120,23,1
30,121,22,1
30,122,23,1
30,123,25,1
30,124,23,1
30,125,18,1
30,126,24,1
30,127,24,1
30,128,22,1
30,129,22,1
30,130,22,1
30,131,22,1
30,132,22,1
30,133,37,1
30,134,34,1
30,135,34,1
30,136,34,1
30,137,34,1
30,138,34,0
30,139,34,1
30,140,34,1
30,141,34,1
30,142,34,0
30,143,34,1
30,144,34,1
30,145,34,1
30,146,80,1
30,147,20,1
30,148,35,0
30,149,35,1
30,150,35,0
30,151,35,1
30,152,35,1
30,153,35,1
30,154,74,1
30,155,60,1
30,156,21,1
30,157,21,0
30,158,21,1
30,159,21,1
30,160,21,1
30,161,59,0
30,162,59,1
30,163,59,1
30,164,59,1
30,165,23,1
30,166,25,1
30,167,23,1
30,168,20,1
30,169,18,1
30,170,24,0
30,171,24,1
30,172,24,1
30,173,24,1
30,174,24,1
30,175,22,1
30,176,22,1
30,177,22,1
30,178,22,1
30,179,22,1
30,180,37,1
30,181,34,1
30,182,34,1
30,183,34,1
30,184,34,1
30,185,34,1
30,186,34,1
30,187,80,1
30,188,90,1
30,189,35,0
30,190,35,1
30,191,35,1
30,192,35,1
30,193,74,1
30,194,60,1
30,195,21,1
30,196,21,1
30,197,59,1
30,198,41,0
30,199,41,1
30,200,41,1
30,201,41,1
30,202,55,0
30,203,55,1
30,204,55,1
30,205,55,1
30,206,55,0
30,207,55,1
30,208,55,1
30,209,55,1
30,210,55,1
30,211,55,1
30,212,21,1
30,213,21,1
30,214,20,1
30,215,69,0
30,216,69,0
30,217,69,0
30,218,69,1
30,219,69,1
30,220,69,1
30,221,69,0
30,222,69,1
30,223,69,1
30,224,69,1
30,225,19,1
30,226,19,1
30,227,21,1
30,228,37,1
30,229,30,1
30,230,37,1
30,231,37,1
30,232,30,1
30,233,30,1
30,234,30,1
30,235,30,1
30,236,30,1
30,237,30,1
30,238,33,1
30,239,33,1
30,240,33,0
30,241,62,0
30,242,44,0
30,243,33,0
30,244,62,0
30,245,44,0
30,246,33,1
30,247,62,1
30,248,44,1
30,249,33,1
30,250,62,1
30,251,44,1
30,252,33,1
30,253,62,1
30,254,44,1
30,255,33,1
30,256,62,1
30,257,44,1
30,258,33,1
30,259,62,1
30,260,44,1
30,261,27,1
30,262,27,1
30,263,40,1
30,264,40,1
30,265,44,1
30,266,44,1
30,267,44,1
30,268,44,1
30,269,44,1
30,270,35,1
30,271,73,0
30,272,73,1
30,273,73,0
30,274,73,1
30,275,73,1
30,276,73,1
30,277,14,1
30,278,14,0
30,279,14,0
30,280,14,1
30,281,14,0
30,282,14,1
30,283,38,0
30,284,38,1
30,285,38,1
30,286,38,1
30,287,63,1
30,288,65,1
30,289,65,0
30,290,14,1
30,291,14,1
30,292,14,1
30,293,14,0
30,294,14,1
30,295,14,1
30,296,14,1
30,297,14,1
30,298,14,1
30,299,59,1
30,300,14,0
30,301,14,1
30,302,14,1
30,303,14,1
30,304,14,1
30,305,35,0
30,306,41,1
30,307,12,1
30,308,35,1
30,309,35,1
30,310,44,1
30,311,61,1
30,312,44,1
30,313,61,1
30,314,44,1
30,315,61,1
30,316,44,1
30,317,61,1
30,318,44,1
30,319,61,1
30,320,44,1
30,321,24,1
30,322,20,1
30,323,36,1
30,324,36,1
30,325,49,1
30,326,52,1
30,327,48,1
30,328,50,1
30,329,50,0
30,330,50,1
30,331,50,1
30,332,51,0
30,333,51,1
30,334,51,1
30,335,50,1
30,336,50,0
30,337,50,1
30,338,50,1
30,339,50,0
30,340,50,0
30,341,50,0
30,342,51,1
30,343,50,1
30,344,50,1
30,345,50,0
30,346,50,1
30,347,50,1
30,348,50,1
30,349,50,0
30,350,50,0
30,351,50,1
30,352,50,1
30,353,50,1
30,354,50,0
30,355,50,1
30,356,50,1
30,357,50,1
30,358,50,1
30,359,50,1
30,360,49,1
30,361,28,1
30,362,28,1
30,363,28,1
30,364,28,1
30,365,28,1
30,366,53,0
30,367,54,0
30,368,53,0
30,369,54,0
30,370,53,1
30,371,54,1
30,372,53,1
30,373,54,1
30,374,53,1
30,375,54,1
30,376,54,1
30,377,92,0
30,378,94,1
30,379,92,0
30,380,93,1
30,381,94,1
30,382,92,0
30,383,65,1
30,384,65,1
30,385,65,1
30,386,65,1
30,387,65,1
31,0,6,0
31,1,8,0
31,2,18,0
31,3,24,1
31,4,21,1
31,5,24,1
31,6,19,1
31,7,18,0
31,8,18,1
31,9,18,1
31,10,18,1
31,11,22,1
31,12,20,1
31,13,21,1
31,14,21,1
31,15,20,1
31,16,38,1
31,17,20,1
31,18,21,1
31,19,52,1
31,20,4,1
31,21,8,1
31,22,4,1
31,23,8,1
31,24,4,1
31,25,9,1
31,26,4,0
31,27,9,0
31,28,29,0
31,29,3,0
31,30,25,1
31,31,23,1
31,32,25,1
31,33,23,1
31,34,20,1
31,35,18,1
31,36,24,1
31,37,24,1
31,38,22,1
31,39,22,1
31,40,22,1
31,41,22,1
31,42,22,1
31,43,37,1
31,44,34,1
31,45,34,1
31,46,34,1
31,47,34,1
31,48,34,0
31,49,34,1
31,50,34,0
31,51,34,1
31,52,34,1
31,53,34,1
31,54,34,1
31,55,80,1
31,56,36,1
31,57,35,0
31,58,35,1
31,59,35,1
31,60,35,1
31,61,74,1
31,62,60,1
31,63,21,1
31,64,21,1
31,65,59,1
31,66,41,0
31,67,41,1
31,68,41,1
31,69,41,1
31,70,55,0
31,71,55,1
31,72,55,1
31,73,55,1
31,74,55,1
31,75,55,0
31,76,55,1
31,77,55,0
31,78,55,1
31,79,55,0
31,80,21,1
31,81,21,1
31,82,20,0
31,83,20,1
31,84,20,0
31,85,20,1
31,86,20,1
31,87,20,0
31,88,20,1
31,89,69,0
31,90,69,0
31,91,69,0
31,92,19,1
31,93,19,1
31,94,21,1
31,95,37,1
31,96,30,1
31,97,37,1
31,98,37,1
31,99,30,1
31,100,30,1
31,101,30,1
31,102,30,1
31,103,30,1
31,104,30,1
31,105,30,1
31,106,30,1
31,107,30,1
31,108,33,1
31,109,33,1
31,110,33,0
31,111,62,0
31,112,44,0
31,113,33,1
31,114,62,1
31,115,44,1
31,116,33,1
31,117,62,1
31,118,44,1
31,119,33,1
31,120,62,1
31,121,44,1
31,122,33,1
31,123,62,1
31,124,44,1
31,125,33,1
31,126,62,1
31,127,44,1
31,128,40,1
31,129,27,0
31,130,27,1
31,131,27,0
31,132,27,1
31,133,27,0
31,134,27,1
31,135,20,0
31,136,20,1
31,137,69,0
31,138,27,0
31,139,27,1
31,140,40,1
31,141,40,0
31,142,40,0
31,143,35,1
31,144,73,1
31,145,14,1
31,146,14,0
31,147,14,0
31,148,14,0
31,149,38,1
31,150,44,1
31,151,44,1
31,152,44,0
31,153,65,0
31,154,65,1
32,0,4,0
32,1,4,1
32,2,4,1
32,3,4,0
32,4,4,0
32,5,34,1
32,6,10,0
32,7,10,0
32,8,35,0
32,9,18,0
32,10,18,1
32,11,18,0
32,12,18,1
32,13,18,1
32,14,24,1
32,15,21,1
32,16,24,1
32,17,19,1
32,18,18,1
32,19,22,1
32,20,20,1
32,21,21,1
32,22,21,1
32,23,20,1
32,24,20,1
32,25,38,1
32,26,52,1
32,27,18,0
32,28,18,1
32,29,18,1
32,30,18,1
32,31,21,0
32,32,21,1
32,33,21,1
32,34,21,1
32,35,20,1
32,36,4,1
32,37,15,1
32,38,4,1
32,39,16,1
32,40,10,0
32,41,10,1
32,42,10,1
32,43,10,1
32,44,10,1
32,45,35,1
32,46,10,0
32,47,35,0
32,48,10,0
32,49,35,0
32,50,10,1
32,51,35,1
32,52,10,0
32,53,35,0
32,54,10,1
32,55,35,1
32,56,10,1
32,57,35,1
32,58,12,1
32,59,35,1
32,60,12,1
32,61,13,1
32,62,14,1
32,63,6,1
32,64,8,1
32,65,6,1
32,66,9,1
32,67,4,1
32,68,4,1
32,69,4,1
32,70,4,1
32,71,16,1
32,72,66,1
32,73,4,1
32,74,8,1
32,75,4,0
32,76,8,0
32,77,4,1
32,78,8,1
32,79,4,0
32,80,8,0
32,81,4,0
32,82,8,0
32,83,4,0
32,84,5,0
32,85,4,1
32,86,9,1
32,87,4,1
32,88,9,1
32,89,4,1
32,90,7,1
32,91,4,1
32,92,7,1
32,93,10,0
32,94,35,0
32,95,10,1
32,96,35,1
32,97,10,1
32,98,35,1
32,99,10,1
32,100,35,1
32,101,4,1
32,102,8,1
32,103,4,1
32,104,8,1
32,105,4,1
32,106,5,1
32,107,4,1
32,108,5,1
32,109,10,1
32,110,10,1
32,111,10,1
32,112,35,1
32,113,10,1
32,114,35,1
32,115,12,1
32,116,13,1
32,117,14,1
32,118,12,1
32,119,13,1
32,120,14,1
32,121,6,0
32,122,8,0
32,123,6,0
32,124,9,0
32,125,6,1
32,126,9,1
32,127,6,0
32,128,7,0
32,129,6,0
32,130,8,0
32,131,4,1
32,132,16,1
32,133,4,1
32,134,15,1
32,135,17,1
32,136,17,1
32,137,4,1
32,138,8,1
32,139,4,1
32,140,8,1
32,141,4,0
32,142,5,0
32,143,4,1
32,144,5,1
32,145,4,1
32,146,5,1
32,147,4,1
32,148,5,1
32,149,4,1
32,150,9,1
32,151,4,1
32,152,9,1
32,153,4,1
32,154,7,1
32,155,4,1
32,156,7,1
32,157,11,0
32,158,11,1
32,159,11,0
32,160,11,0
32,161,32,1
32,162,9,1
32,163,32,1
32,164,5,1
32,165,11,1
32,166,11,1
32,167,26,1
32,168,70,0
32,169,70,1
32,170,70,1
32,171,70,1
32,172,70,1
32,173,70,0
32,174,70,1
32,175,70,1
32,176,70,1
32,177,70,0
32,178,70,1
32,179,70,1
32,180,70,1
32,181,70,0
32,182,70,0
32,183,70,1
32,184,72,0
32,185,42,0
32,186,42,0
32,187,42,0
32,188,42,1
32,189,42,1
32,190,42,1
32,191,25,1
32,192,42,1
32,193,25,0
32,194,42,0
32,195,25,1
32,196,42,1
32,197,25,1
32,198,42,1
32,199,25,0
32,200,42,0
32,201,25,0
32,202,42,0
32,203,25,0
32,204,42,0
32,205,41,0
32,206,41,1
32,207,41,1
32,208,41,1
32,209,38,1
32,210,36,0
32,211,10,0
32,212,35,0
32,213,10,1
32,214,35,1
32,215,10,1
32,216,35,1
32,217,10,1
32,218,35,1
32,219,10,0
32,220,35,0
32,221,10,1
32,222,35,1
32,223,10,1
32,224,35,1
32,225,10,1
32,226,35,1
32,227,10,1
32,228,10,1
32,229,10,1
32,230,10,1
32,231,10,1
32,232,70,1
32,233,70,1
32,234,70,1
32,235,70,0
32,236,70,1
32,237,70,1
32,238,70,1
32,239,70,1
32,240,70,0
32,241,70,1
32,242,70,1
32,243,70,1
32,244,70,0
32,245,70,1
32,246,70,1
32,247,70,0
32,248,70,1
32,249,70,1
32,250,70,1
33,0,10,1
33,1,10,1
33,2,10,0
33,3,35,0
33,4,18,0
33,5,18,0
33,6,18,0
33,7,18,1
33,8,18,1
33,9,24,1
33,10,21,1
33,11,24,1
33,12,19,1
33,13,18,1
33,14,22,0
33,15,22,1
33,16,22,1
33,17,22,1
33,18,20,1
33,19,21,1
33,20,21,1
33,21,20,1
33,22,20,1
33,23,38,1
33,24,52,1
33,25,21,1
33,26,22,1
33,27,23,1
33,28,25,1
33,29,23,1
33,30,20,1
33,31,18,0
33,32,18,1
33,33,18,1
33,34,18,1
33,35,24,1
33,36,24,1
33,37,22,1
33,38,22,0
33,39,22,1
33,40,22,1
33,41,22,1
33,42,22,1
33,43,22,1
33,44,37,1
33,45,34,1
33,46,34,1
33,47,34,0
33,48,34,1
33,49,34,1
33,50,34,1
33,51,34,1
33,52,34,0
33,53,34,1
33,54,34,1
33,55,34,1
33,56,34,0
33,57,34,0
33,58,34,1
33,59,34,1
33,60,34,1
33,61,80,1
33,62,90,1
33,63,35,0
33,64,35,0
33,65,35,1
33,66,74,1
33,67,60,1
33,68,21,1
33,69,21,1
33,70,59,1
33,71,41,1
33,72,41,1
33,73,41,1
33,74,55,0
33,75,55,1
33,76,55,1
33,77,55,1
33,78,55,0
33,79,55,1
33,80,21,1
33,81,21,1
33,82,20,0
33,83,20,1
33,84,20,1
33,85,20,1
33,86,69,0
33,87,69,0
33,88,69,1
33,89,69,1
33,90,69,1
33,91,19,1
33,92,19,1
33,93,21,1
33,94,37,1
33,95,30,1
33,96,37,1
33,97,37,1
33,98,30,1
33,99,30,1
33,100,30,1
33,101,30,1
33,102,30,1
33,103,30,1
33,104,33,1
33,105,33,1
33,106,33,1
33,107,62,1
33,108,44,1
33,109,33,1
33,110,62,1
33,111,44,1
33,112,33,1
33,113,62,1
33,114,44,1
33,115,33,1
33,116,62,1
33,117,44,1
33,118,33,0
33,119,62,0
33,120,44,0
33,121,27,1
33,122,27,0
33,123,27,0
33,124,27,1
33,125,27,1
33,126,27,1
33,127,27,1
33,128,40,0
33,129,40,1
33,130,40,0
33,131,40,0
33,132,35,1
33,133,73,1
33,134,14,1
33,135,14,1
33,136,14,1
33,137,14,1
33,138,38,1
33,139,63,1
33,140,65,1
33,141,65,1
33,142,65,1
33,143,65,1
33,144,65,1
33,145,14,1
33,146,14,1
33,147,14,1
33,148,14,1
33,149,14,1
33,150,59,1
33,151,14,1
33,152,55,1
33,153,55,1
33,154,55,1
33,155,55,1
33,156,69,1
33,157,69,1
33,158,33,1
33,159,62,1
33,160,44,1
33,161,33,1
33,162,62,1
33,163,44,1
33,164,33,1
33,165,62,1
33,166,44,1
33,167,33,0
33,168,62,0
33,169,44,0
33,170,33,1
33,171,62,1
33,172,44,1
33,173,33,1
33,174,62,1
33,175,44,1
33,176,33,1
33,177,62,1
33,178,44,1
33,179,33,1
33,180,62,1
33,181,44,1
33,182,33,1
33,183,62,1
33,184,44,1
33,185,40,1
33,186,40,0
33,187,14,1
33,188,35,1
33,189,35,1
33,190,35,1
33,191,44,1
33,192,61,1
33,193,44,1
33,194,61,1
33,195,44,1
33,196,61,1
33,197,44,1
33,198,61,1
33,199,44,1
33,200,61,1
33,201,44,1
33,202,24,1
33,203,20,1
33,204,36,1
33,205,36,1
33,206,49,1
33,207,52,1
33,208,48,1
33,209,50,1
33,210,50,1
33,211,51,0
33,212,51,1
33,213,51,1
33,214,57,1
34,0,29,0
34,1,3,0
34,2,29,0
34,3,3,0
34,4,18,1
34,5,24,1
34,6,21,1
34,7,24,1
34,8,19,0
34,9,19,0
34,10,19,1
34,11,19,1
34,12,19,1
34,13,18,0
34,14,18,1
34,15,18,1
34,16,18,1
34,17,22,1
34,18,20,1
34,19,21,1
34,20,21,1
34,21,20,1
34,22,20,1
34,23,38,1
34,24,52,1
34,25,21,1
34,26,25,1
34,27,23,1
34,28,22,1
34,29,23,1
34,30,18,1
34,31,24,0
34,32,24,1
34,33,24,1
34,34,24,1
34,35,24,1
34,36,22,0
34,37,22,1
34,38,22,0
34,39,22,1
34,40,22,1
34,41,22,1
34,42,22,1
34,43,22,1
34,44,37,1
34,45,34,1
34,46,34,1
34,47,34,1
34,48,34,1
34,49,34,0
34,50,34,0
34,51,34,1
34,52,34,1
34,53,34,0
34,54,34,1
34,55,34,1
34,56,34,0
34,57,34,0
34,58,34,1
34,59,34,0
34,60,34,1
34,61,34,0
34,62,34,1
34,63,34,1
34,64,34,1
34,65,34,1
34,66,34,1
34,67,80,0
34,68,80,1
34,69,80,1
34,70,90,1
34,71,80,1
34,72,35,0
34,73,35,1
34,74,35,1
34,75,35,1
34,76,74,1
34,77,60,0
34,78,60,1
34,79,60,1
34,80,60,1
34,81,21,1
34,82,21,1
34,83,59,1
34,84,41,1
34,85,41,1
34,86,41,1
34,87,55,0
34,88,55,0
34,89,55,1
34,90,55,0
34,91,55,1
34,92,55,1
34,93,55,1
34,94,55,1
34,95,55,1
34,96,20,1
34,97,21,1
34,98,21,1
34,99,20,0
34,100,20,1
34,101,20,0
34,102,20,1
34,103,20,1
34,104,20,1
34,105,69,1
34,106,69,0
34,107,69,1
34,108,69,1
34,109,69,1
34,110,69,1
34,111,69,1
34,112,19,0
34,113,19,1
34,114,19,1
34,115,19,1
34,116,19,1
34,117,21,1
34,118,37,1
34,119,30,1
34,120,25,1
34,121,23,1
34,122,22,1
34,123,23,1
34,124,20,1
34,125,18,1
34,126,24,1
34,127,24,0
34,128,24,1
34,129,24,1
34,130,24,1
34,131,22,1
34,132,22,1
34,133,22,1
34,134,22,1
34,135,22,1
34,136,37,0
34,137,37,1
34,138,37,1
34,139,37,1
34,140,34,1
34,141,34,1
34,142,34,1
34,143,34,1
34,144,34,0
34,145,34,1
34,146,34,1
34,147,34,1
34,148,34,0
34,149,34,1
34,150,34,1
34,151,34,0
34,152,34,1
34,153,80,0
34,154,80,0
34,155,36,0
34,156,80,1
34,157,80,1
34,158,36,1
34,159,35,0
34,160,35,1
34,161,35,1
34,162,35,1
34,163,74,1
34,164,60,1
34,165,21,1
34,166,21,1
34,167,59,1
34,168,34,1
34,169,41,1
34,170,41,1
34,171,41,1
34,172,55,1
34,173,55,1
34,174,55,0
34,175,55,1
34,176,55,1
34,177,55,0
34,178,55,0
34,179,55,0
34,180,55,1
34,181,55,1
34,182,21,1
34,183,42,1
34,184,20,0
34,185,20,1
34,186,20,1
34,187,20,1
34,188,69,0
34,189,69,1
34,190,69,1
34,191,69,0
34,192,69,1
34,193,69,1
34,194,69,1
34,195,69,0
34,196,69,1
34,197,69,1
34,198,69,1
34,199,19,1
34,200,19,0
34,201,19,1
34,202,19,1
34,203,19,1
34,204,21,1
34,205,37,1
34,206,30,1
34,207,37,1
34,208,37,1
34,209,30,1
34,210,30,1
34,211,30,1
34,212,30,1
34,213,30,1
34,214,30,1
34,215,33,1
34,216,33,1
34,217,33,1
34,218,62,1
34,219,44,1
34,220,33,1
34,221,62,1
34,222,44,1
34,223,33,0
34,224,62,0
34,225,44,0
34,226,33,1
34,227,62,1
34,228,44,1
34,229,33,1
34,230,62,1
34,231,44,1
34,232,33,1
34,233,62,1
34,234,44,1
34,235,33,1
34,236,62,1
34,237,44,1
34,238,27,1
34,239,27,1
34,240,40,1
34,241,40,1
34,242,44,0
34,243,44,0
34,244,44,1
34,245,44,1
34,246,44,1
34,247,44,1
34,248,44,1
34,249,35,1
34,250,73,0
34,251,73,1
34,252,73,1
34,253,73,1
34,254,14,1
34,255,14,0
34,256,14,1
34,257,14,1
34,258,14,1
34,259,38,1
34,260,63,0
34,261,63,1
34,262,63,0
34,263,63,0
34,264,63,1
34,265,63,1
34,266,63,1
34,267,65,1
34,268,65,1
34,269,65,1
34,270,65,1
34,271,65,1
34,272,14,1
34,273,14,1
34,274,14,1
34,275,14,1
34,276,14,0
34,277,14,0
34,278,14,1
34,279,14,1
34,280,14,1
34,281,14,1
34,282,55,1
34,283,55,1
34,284,55,1
34,285,33,1
34,286,62,1
34,287,44,1
34,288,14,1
34,289,59,0
34,290,59,1
34,291,59,1
34,292,59,1
34,293,14,0
34,294,14,1
34,295,14,1
34,296,14,0
34,297,14,1
34,298,14,1
34,299,14,1
34,300,14,1
34,301,12,0
34,302,35,0
34,303,41,1
34,304,41,1
34,305,12,1
34,306,35,1
34,307,44,1
34,308,61,1
34,309,44,1
34,310,61,1
34,311,44,1
34,312,61,0
34,313,44,0
34,314,61,1
34,315,44,1
34,316,61,1
34,317,44,1
34,318,61,1
34,319,44,1
34,320,61,1
34,321,44,1
34,322,61,1
34,323,44,1
34,324,24,1
34,325,20,0
34,326,20,0
34,327,20,1
34,328,20,1
34,329,20,1
34,330,36,1
34,331,36,1
34,332,49,1
34,333,52,1
34,334,48,1
34,335,50,1
34,336,50,0
34,337,50,0
34,338,50,0
34,339,50,0
34,340,50,0
34,341,50,0
34,342,57,0
34,343,57,1
34,344,57,1
34,345,57,1
34,346,51,0
34,347,51,1
34,348,51,1
34,349,50,1
34,350,50,1
34,351,50,0
34,352,50,1
34,353,50,1
34,354,50,1
34,355,50,1
34,356,50,0
34,357,50,1
34,358,50,0
34,359,50,1
34,360,50,1
34,361,50,0
34,362,50,0
34,363,50,0
34,364,50,0
34,365,50,0
34,366,50,0
34,367,50,1
34,368,50,0
35,0,6,1
35,1,8,1
35,2,6,1
35,3,8,1
35,4,18,1
35,5,24,1
35,6,21,1
35,7,24,1
35,8,19,0
35,9,19,1
35,10,19,1
35,11,19,1
35,12,18,1
35,13,22,1
35,14,20,1
35,15,21,1
35,16,20,1
35,17,21,1
35,18,38,1
35,19,21,1
35,20,20,1
35,21,52,1
35,22,4,0
35,23,5,0
35,24,6,1
35,25,8,1
35,26,25,0
35,27,23,0
35,28,25,1
35,29,23,1
35,30,18,1
35,31,24,0
36,0,12,0
36,1,35,0
36,2,12,0
36,3,13,0
36,4,14,0
36,5,12,1
36,6,35,1
36,7,12,1
36,8,35,1
36,9,12,1
36,10,35,1
36,11,6,1
36,12,7,1
36,13,6,0
36,14,8,0
36,15,6,0
36,16,8,0
36,17,18,1
36,18,24,0
36,19,24,0
36,20,24,1
36,21,24,1
36,22,24,1
36,23,21,0
36,24,21,1
36,25,21,1
36,26,21,1
36,27,24,1
36,28,19,0
36,29,19,1
36,30,19,1
36,31,19,1
36,32,18,0
36,33,18,1
36,34,18,1
36,35,18,1
36,36,22,1
36,37,20,0
36,38,20,1
36,39,20,0
36,40,20,0
36,41,20,0
36,42,21,0
36,43,21,1
36,44,21,1
36,45,21,1
36,46,20,0
36,47,20,1
36,48,20,1
36,49,20,1
36,50,20,1
36,51,38,1
36,52,21,1
36,53,52,1
36,54,20,1
36,55,20,0
36,56,20,0
36,57,20,0
36,58,20,0
36,59,20,1
36,60,20,1
36,61,20,0
36,62,20,1
36,63,20,1
36,64,20,1
36,65,21,1
36,66,6,0
36,67,9,0
36,68,25,1
36,69,23,1
36,70,22,1
36,71,23,1
36,72,20,1
36,73,18,1
36,74,24,1
36,75,24,1
36,76,22,1
36,77,22,1
36,78,22,1
36,79,22,1
36,80,22,1
36,81,37,0
36,82,37,0
36,83,37,1
36,84,37,1
36,85,37,1
36,86,34,1
36,87,34,1
36,88,34,1
36,89,34,1
36,90,34,0
36,91,34,1
36,92,34,1
36,93,34,1
36,94,34,1
36,95,80,0
36,96,36,0
36,97,80,0
36,98,36,0
36,99,80,1
36,100,80,1
36,101,80,1
36,102,36,1
36,103,35,0
36,104,35,1
36,105,35,0
36,106,35,1
36,107,35,1
36,108,35,1
36,109,74,1
36,110,60,1
36,111,21,0
36,112,21,1
36,113,21,1
36,114,21,0
36,115,21,1
36,116,21,1
36,117,21,1
36,118,59,0
36,119,59,1
36,120,59,1
36,121,59,1
36,122,21,1
36,123,21,1
36,124,59,0
36,125,59,1
36,126,59,1
36,127,59,1
36,128,48,1
36,129,49,0
36,130,49,1
36,131,49,1
36,132,49,1
36,133,54,1
36,134,55,1
36,135,55,1
36,136,55,1
36,137,55,0
36,138,55,1
36,139,55,1
36,140,55,0
36,141,55,1
36,142,55,1
36,143,55,1
37,0,21,0
37,1,21,1
37,2,21,1
37,3,21,1
37,4,10,0
37,5,10,1
37,6,10,1
37,7,10,1
37,8,10,0
37,9,35,0
37,10,4,0
37,11,5,0
37,12,4,1
37,13,5,1
37,14,4,1
37,15,5,1
37,16,39,0
37,17,39,0
37,18,39,1
37,19,39,1
37,20,39,1
37,21,31,0
37,22,31,1
37,23,31,0
37,24,31,1
37,25,31,1
37,26,31,1
37,27,31,0
37,28,31,1
37,29,31,1
37,30,31,1
37,31,29,0
37,32,3,0
37,33,29,0
37,34,3,0
37,35,11,0
37,36,11,0
37,37,11,0
37,38,11,1
37,39,11,1
37,40,38,0
37,41,38,1
37,42,21,0
37,43,21,1
37,44,21,1
37,45,21,1
37,46,20,1
37,47,20,0
37,48,20,0
37,49,20,0
37,50,20,0
37,51,20,0
37,52,20,0
37,53,20,0
37,54,18,0
37,55,18,0
37,56,18,1
37,57,18,1
37,58,22,1
37,59,20,0
37,60,20,0
37,61,20,0
37,62,20,0
37,63,20,0
37,64,21,1
37,65,24,0
37,66,24,1
37,67,24,0
37,68,24,1
37,69,24,1
37,70,24,0
37,71,24,0
37,72,24,1
37,73,24,0
37,74,24,1
37,75,22,0
37,76,22,1
37,77,22,1
37,78,22,1
37,79,18,1
37,80,20,1
37,81,20,1
37,82,21,0
37,83,21,1
37,84,21,1
37,85,42,0
37,86,21,1
37,87,21,1
37,88,21,0
37,89,20,1
37,90,41,0
37,91,18,1
37,92,19,0
37,93,19,1
37,94,19,0
37,95,52,1
37,96,33,0
37,97,33,1
37,98,33,0
37,99,33,1
37,100,33,1
37,101,37,1
37,102,21,1
37,103,27,0
37,104,27,0
37,105,27,0
37,106,27,0
37,107,27,1
37,108,27,1
37,109,27,1
37,110,58,1
37,111,64,0
37,112,38,1
37,113,21,0
37,114,21,1
37,115,21,1
37,116,21,1
37,117,38,1
37,118,38,1
37,119,22,1
37,120,22,1
37,121,22,0
37,122,22,1
37,123,22,1
37,124,22,1
37,125,22,1
37,126,22,1
37,127,18,1
37,128,24,1
37,129,74,1
37,130,37,1
37,131,20,1
37,132,44,0
37,133,44,0
37,134,44,1
37,135,44,1
37,136,44,1
37,137,33,1
37,138,30,0
37,139,33,1
37,140,20,0
37,141,20,0
37,142,20,1
37,143,20,0
37,144,20,0
37,145,24,1
37,146,21,1
37,147,21,0
37,148,21,1
37,149,21,1
37,150,21,1
37,151,20,0
37,152,20,1
37,153,20,0
37,154,20,0
37,155,20,0
37,156,20,0
37,157,20,0
37,158,4,1
37,159,8,1
37,160,4,0
37,161,8,0
37,162,4,0
37,163,8,0
37,164,21,0
37,165,21,0
37,166,21,1
37,167,21,0
37,168,21,1
37,169,14,0
37,170,14,1
37,171,14,1
37,172,14,1
37,173,35,0
37,174,19,1
37,175,21,0
37,176,21,0
37,177,21,1
37,178,21,1
37,179,21,1
37,180,59,1
37,181,61,0
37,182,44,0
37,183,61,1
37,184,44,1
37,185,61,1
37,186,44,1
37,187,61,0
37,188,44,0
37,189,61,1
37,190,44,1
37,191,61,1
37,192,44,1
37,193,61,1
37,194,44,1
37,195,61,1
37,196,44,1
37,197,61,1
37,198,44,1
37,199,24,0
37,200,24,0
37,201,24,1
37,202,24,1
37,203,24,1
37,204,20,0
37,205,20,1
37,206,20,0
37,207,20,1
37,208,20,0
37,209,36,1
37,210,36,0
37,211,36,0
37,212,36,1
37,213,36,1
37,214,36,1
37,215,4,1
37,216,9,1
37,217,4,1
37,218,9,1
37,219,33,1
37,220,16,1
37,221,16,1
37,222,4,1
37,223,16,1
37,224,4,0
37,225,16,0
37,226,4,0
37,227,15,0
37,228,4,1
37,229,15,1
37,230,4,1
37,231,16,1
37,232,20,1
37,233,20,1
37,234,20,1
37,235,19,1
37,236,19,1
37,237,19,1
37,238,20,1
37,239,20,1
37,240,20,1
37,241,24,0
37,242,24,1
37,243,24,1
37,244,24,1
37,245,21,1
37,246,21,1
37,247,24,0
37,248,24,1
37,249,24,1
37,250,24,1
37,251,25,1
37,252,23,1
37,253,22,1
37,254,23,1
37,255,24,1
37,256,37,0
37,257,37,1
37,258,37,1
37,259,37,1
37,260,34,1
37,261,34,0
37,262,34,1
37,263,34,1
37,264,34,1
37,265,34,0
37,266,34,0
37,267,34,0
37,268,34,1
37,269,34,1
37,270,34,1
37,271,34,0
37,272,34,0
37,273,34,1
37,274,34,1
37,275,34,1
37,276,34,0
37,277,34,1
37,278,34,1
37,279,34,0
37,280,34,1
37,281,80,0
37,282,36,0
37,283,80,0
37,284,36,0
37,285,80,0
37,286,90,0
37,287,80,0
37,288,90,0
37,289,80,0
37,290,36,0
37,291,80,0
37,292,80,0
37,293,60,0
37,294,60,1
37,295,60,1
37,296,60,0
37,297,60,1
37,298,60,1
37,299,60,1
37,300,59,0
37,301,59,0
37,302,59,1
37,303,59,0
37,304,59,1
37,305,14,0
37,306,14,0
37,307,14,0
37,308,14,0
37,309,14,0
37,310,26,1
37,311,68,0
37,312,68,1
37,313,68,1
37,314,68,0
37,315,68,0
37,316,68,0
37,317,68,0
37,318,65,0
37,319,65,1
37,320,65,1
37,321,65,1
37,322,65,1
37,323,65,0
37,324,65,1
37,325,65,1
37,326,65,1
37,327,65,1
37,328,25,0
37,329,23,0
37,330,25,1
37,331,23,1
37,332,25,1
37,333,23,1
37,334,23,1
37,335,25,1
37,336,23,1
37,337,20,0
37,338,20,0
37,339,20,1
37,340,20,0
37,341,20,1
37,342,20,1
37,343,20,0
37,344,18,0
37,345,18,0
37,346,18,0
37,347,18,0
37,348,24,0
37,349,24,0
37,350,20,1
37,351,18,1
37,352,22,1
37,353,22,1
37,354,22,1
37,355,22,1
37,356,22,0
37,357,22,1
37,358,22,1
37,359,22,0
37,360,22,1
37,361,22,1
37,362,74,1
37,363,20,0
37,364,20,1
37,365,20,0
37,366,20,0
37,367,20,0
37,368,20,1
37,369,20,0
37,370,21,0
37,371,21,1
37,372,21,1
37,373,21,1
37,374,21,1
37,375,38,0
37,376,38,1
37,377,38,1
37,378,38,1
37,379,41,0
37,380,44,1
37,381,4,1
37,382,7,1
37,383,4,1
37,384,7,1
37,385,57,0
37,386,24,1
37,387,24,0
37,388,24,1
37,389,24,0
37,390,24,1
37,391,24,1
37,392,22,1
37,393,22,1
37,394,22,1
37,395,37,0
37,396,37,1
37,397,37,1
37,398,37,1
37,399,34,1
37,400,34,1
37,401,34,1
37,402,34,0
37,403,34,1
37,404,34,1
37,405,34,1
37,406,34,0
37,407,34,0
37,408,34,1
37,409,34,1
37,410,34,1
37,411,34,1
37,412,4,1
37,413,8,1
37,414,4,1
37,415,8,1
37,416,5,1
37,417,68,1
37,418,68,1
37,419,31,1
37,420,31,0
37,421,31,0
37,422,31,1
37,423,31,1
37,424,31,1
37,425,31,1
37,426,86,0
37,427,86,0
37,428,86,0
37,429,86,0
37,430,86,0
37,431,86,0
37,432,86,0
37,433,21,1
37,434,86,0
37,435,20,1
37,436,24,1
37,437,14,0
37,438,14,1
37,439,14,0
37,440,14,0
37,441,14,0
38,0,19,1
38,1,11,0
38,2,31,0
38,3,29,0
38,4,3,0
38,5,18,1
38,6,24,1
38,7,21,1
38,8,24,1
38,9,19,1
38,10,18,1
38,11,22,1
38,12,20,1
38,13,21,1
39,0,4,1
39,1,8,1
39,2,38,0
39,3,10,0
39,4,10,1
39,5,10,1
39,6,10,1
39,7,36,0
39,8,10,1
39,9,35,1
39,10,10,0
39,11,35,0
39,12,10,0
39,13,10,1
39,14,10,1
39,15,10,1
39,16,11,0
39,17,11,0
39,18,32,0
39,19,5,0
39,20,18,1
39,21,24,1
39,22,21,1
39,23,24,1
39,24,19,1
39,25,18,1
39,26,22,1
39,27,20,1
39,28,21,1
39,29,21,1
39,30,20,1
39,31,20,1
39,32,38,1
39,33,52,1
39,34,64,1
39,35,4,1
39,36,8,1
39,37,4,1
39,38,8,1
39,39,4,1
39,40,8,1
39,41,4,1
39,42,8,1
39,43,32,1
39,44,5,1
39,45,32,1
39,46,5,1
39,47,22,0
39,48,22,1
39,49,22,1
39,50,22,1
39,51,75,0
39,52,33,0
39,53,33,1
39,54,33,1
39,55,33,1
39,56,37,1
39,57,21,1
39,58,27,1
39,59,58,1
39,60,64,1
39,61,48,1
39,62,28,1
39,63,4,1
39,64,15,1
39,65,4,0
39,66,16,0
39,67,4,1
39,68,15,1
39,69,4,1
39,70,16,1
39,71,4,1
39,72,15,1
39,73,16,1
39,74,16,1
39,75,4,1
39,76,9,1
39,77,4,1
39,78,9,1
39,79,4,1
39,80,7,1
39,81,4,1
39,82,7,1
39,83,21,1
39,84,42,0
39,85,21,1
39,86,21,1
39,87,21,1
39,88,19,1
39,89,34,1
39,90,22,1
39,91,23,1
39,92,37,1
39,93,30,1
39,94,14,1
39,95,33,1
39,96,26,0
39,97,26,1
39,98,26,0
39,99,26,0
39,100,20,1
39,101,20,1
39,102,21,1
39,103,20,1
39,104,19,1
39,105,19,0
39,106,19,1
39,107,19,1
39,108,19,1
39,109,21,1
39,110,18,1
39,111,24,1
39,112,51,0
39,113,51,1
39,114,51,1
39,115,26,0
39,116,49,0
39,117,49,0
39,118,49,0
39,119,49,1
39,120,49,1
39,121,22,1
39,122,23,1
39,123,22,1
39,124,23,1
39,125,18,0
39,126,18,1
39,127,18,1
39,128,18,1
39,129,24,1
39,130,24,1
39,131,22,1
39,132,22,1
39,133,22,1
39,134,22,1
39,135,22,1
39,136,37,1
39,137,34,1
39,138,34,1
39,139,34,1
39,140,34,1
39,141,34,1
39,142,34,1
39,143,80,1
39,144,35,0
39,145,35,0
39,146,35,1
39,147,35,1
39,148,35,1
39,149,74,1
39,150,60,1
39,151,21,0
39,152,21,1
39,153,21,1
39,154,21,1
39,155,21,1
39,156,59,1
39,157,41,0
39,158,41,1
39,159,41,0
39,160,41,0
39,161,41,1
39,162,41,1
39,163,41,1
39,164,55,1
39,165,55,1
39,166,55,0
39,167,55,0
39,168,55,1
39,169,55,1
39,170,55,1
39,171,55,0
39,172,55,0
39,173,55,1
39,174,20,1
39,175,21,1
39,176,21,1
39,177,20,1
39,178,69,1
39,179,69,0
39,180,69,1
39,181,69,1
39,182,69,1
39,183,69,1
39,184,69,1
39,185,19,1
39,186,55,1
39,187,55,0
39,188,55,0
39,189,55,1
39,190,55,1
39,191,55,1
39,192,19,1
39,193,21,1
39,194,37,0
39,195,30,0
39,196,37,1
39,197,30,1
39,198,37,1
39,199,30,1
39,200,37,1
39,201,30,1
39,202,37,0
39,203,37,1
39,204,37,1
39,205,37,1
39,206,37,1
39,207,30,1
39,208,30,1
39,209,30,1
39,210,30,1
39,211,30,1
39,212,30,1
39,213,33,1
39,214,33,1
39,215,33,1
39,216,62,1
39,217,44,1
39,218,33,1
39,219,62,1
39,220,44,1
39,221,33,1
39,222,62,1
39,223,44,1
39,224,33,1
39,225,62,1
39,226,44,1
39,227,33,1
39,228,62,1
39,229,44,1
39,230,27,1
39,231,27,1
39,232,40,1
39,233,40,1
39,234,44,1
39,235,44,1
39,236,44,1
39,237,44,1
39,238,44,1
39,239,35,1
39,240,73,1
39,241,14,1
39,242,14,1
39,243,14,1
39,244,14,1
39,245,38,1
39,246,63,1
39,247,65,1
39,248,65,1
39,249,65,1
39,250,65,1
39,251,65,1
39,252,14,1
39,253,14,1
39,254,14,1
39,255,14,1
39,256,14,1
39,257,59,0
39,258,59,1
39,259,59,1
39,260,59,1
39,261,14,1
39,262,14,1
39,263,41,1
39,264,41,0
39,265,41,1
39,266,41,0
39,267,12,1
39,268,35,1
39,269,41,1
39,270,35,0
39,271,44,1
39,272,61,1
39,273,44,1
39,274,61,1
39,275,44,1
39,276,61,1
39,277,44,1
39,278,61,0
39,279,44,0
39,280,61,1
39,281,44,1
39,282,61,0
39,283,44,0
39,284,61,1
39,285,44,1
39,286,61,1
39,287,44,1
39,288,61,1
39,289,44,1
39,290,61,1
39,291,44,1
39,292,24,0
39,293,24,1
39,294,41,0
39,295,35,1
39,296,35,1
39,297,35,1
39,298,61,1
39,299,44,1
39,300,24,1
39,301,24,1
39,302,20,1
39,303,36,1
39,304,36,0
39,305,36,1
39,306,36,0
39,307,36,0
39,308,36,1
39,309,50,0
39,310,50,0
39,311,76,0
39,312,50,1
39,313,50,1
39,314,50,0
39,315,50,1
39,316,50,1
39,317,36,1
39,318,36,1
39,319,55,0
39,320,55,1
39,321,55,1
39,322,55,1
39,323,55,1
39,324,55,1
39,325,50,0
39,326,50,1
39,327,50,1
39,328,50,0
39,329,50,1
39,330,50,1
39,331,50,0
39,332,50,1
39,333,50,1
39,334,75,0
39,335,75,1
39,336,75,0
39,337,75,0
39,338,75,1
39,339,75,1
39,340,75,0
39,341,75,1
39,342,75,1
39,343,75,1
39,344,25,1
39,345,23,1
39,346,22,1
39,347,23,1
39,348,20,1
39,349,18,1
39,350,24,0
39,351,24,1
39,352,24,1
39,353,24,1
39,354,24,0
39,355,24,1
39,356,24,1
39,357,24,0
39,358,24,1
39,359,22,0
39,360,22,1
39,361,22,1
39,362,22,1
39,363,22,1
39,364,22,1
39,365,37,1
39,366,34,1
39,367,34,1
39,368,34,1
39,369,34,1
39,370,34,0
39,371,34,1
39,372,34,0
39,373,34,1
39,374,34,0
39,375,34,1
39,376,34,1
39,377,34,1
39,378,34,1
39,379,34,1
39,380,34,1
39,381,80,1
39,382,90,1
39,383,35,0
39,384,35,0
39,385,35,1
39,386,35,1
39,387,35,1
39,388,74,1
39,389,60,1
39,390,21,1
39,391,34,0
39,392,34,1
39,393,24,1
39,394,21,1
39,395,59,1
39,396,41,1
39,397,41,1
39,398,41,1
39,399,55,1
39,400,55,1
39,401,55,1
39,402,55,1
39,403,55,1
39,404,21,1
39,405,21,1
39,406,20,1
39,407,69,0
39,408,69,1
39,409,69,0
39,410,69,1
39,411,69,0
39,412,69,1
39,413,69,1
39,414,69,1
39,415,69,1
39,416,19,1
39,417,19,1
39,418,21,1
39,419,37,0
39,420,30,0
39,421,37,1
39,422,30,1
39,423,37,1
39,424,30,1
39,425,37,1
39,426,30,1
39,427,37,1
39,428,37,1
39,429,30,1
39,430,30,1
39,431,30,1
39,432,30,0
39,433,30,1
39,434,30,1
39,435,30,0
39,436,30,1
39,437,30,1
39,438,30,1
39,439,30,1
39,440,33,1
39,441,33,1
39,442,33,1
39,443,62,1
39,444,44,1
39,445,33,0
39,446,62,0
39,447,44,0
39,448,33,1
39,449,62,1
39,450,44,1
39,451,33,1
39,452,62,1
39,453,44,1
39,454,33,1
39,455,62,1
39,456,44,1
39,457,33,0
39,458,62,0
39,459,44,0
39,460,33,1
39,461,62,1
39,462,44,1
39,463,27,1
39,464,27,1
39,465,40,1
39,466,40,1
39,467,44,1
39,468,44,0
39,469,44,1
39,470,44,1
39,471,44,1
39,472,44,1
39,473,44,1
39,474,35,0
39,475,35,1
39,476,35,1
39,477,35,1
39,478,73,1
39,479,14,1
39,480,14,1
39,481,14,1
39,482,14,0
39,483,14,1
39,484,14,1
39,485,38,1
39,486,65,0
39,487,65,1
39,488,65,1
39,489,65,1
39,490,65,1
39,491,65,1
39,492,63,1
39,493,14,1
39,494,14,1
39,495,14,0
39,496,14,0
39,497,14,1
39,498,14,1
39,499,14,1
39,500,14,1
39,501,14,1
39,502,59,1
39,503,14,0
39,504,14,1
39,505,14,1
39,506,14,1
39,507,14,1
39,508,41,1
39,509,41,0
39,510,12,0
39,511,35,0
39,512,12,1
39,513,35,1
39,514,12,1
39,515,35,1
39,516,41,1
39,517,69,1
39,518,30,1
39,519,30,1
39,520,33,1
39,521,62,1
39,522,44,1
39,523,33,1
39,524,62,1
39,525,44,1
39,526,33,1
39,527,62,1
39,528,44,1
39,529,33,1
39,530,62,1
39,531,44,1
39,532,14,1
39,533,44,1
39,534,61,1
39,535,44,1
39,536,61,0
39,537,44,0
39,538,61,1
39,539,44,1
39,540,61,1
39,541,44,1
39,542,61,1
39,543,44,1
39,544,61,1
39,545,44,1
39,546,61,1
39,547,44,1
39,548,24,1
39,549,20,1
39,550,36,1
39,551,36,1
39,552,36,0
39,553,36,1
39,554,36,1
39,555,36,1
39,556,49,1
39,557,52,0
39,558,52,1
39,559,52,1
39,560,52,1
39,561,48,1
39,562,50,0
39,563,50,1
39,564,51,1
39,565,50,0
39,566,50,0
39,567,50,0
39,568,50,1
39,569,50,0
39,570,50,1
39,571,50,1
39,572,51,0
39,573,51,1
39,574,51,1
39,575,50,1
39,576,50,1
39,577,50,0
39,578,50,0
39,579,50,1
39,580,50,1
39,581,50,1
39,582,50,0
39,583,50,1
39,584,50,0
39,585,50,1
39,586,50,0
39,587,50,1
39,588,50,1
39,589,50,0
39,590,57,1
39,591,50,1
39,592,50,1
39,593,50,1
39,594,50,0
39,595,50,1
39,596,50,1
39,597,50,1
39,598,49,0
39,599,49,1
39,600,49,1
39,601,49,1
39,602,28,1
39,603,28,1
39,604,28,1
39,605,28,1
39,606,28,0
39,607,28,1
39,608,28,1
39,609,28,1
39,610,28,1
39,611,28,1
39,612,53,0
39,613,54,0
39,614,53,0
39,615,54,0
39,616,53,1
39,617,54,1
39,618,53,0
39,619,54,0
39,620,53,1
39,621,54,1
39,622,53,1
39,623,92,0
39,624,93,0
39,625,94,0
39,626,94,0
39,627,50,1
39,628,53,1
39,629,54,1
39,630,92,0
39,631,93,0
39,632,92,0
39,633,32,1
39,634,5,1
39,635,32,1
39,636,9,1
39,637,12,0
39,638,35,0
39,639,12,0
39,640,35,0
39,641,12,0
39,642,13,0
39,643,41,0
39,644,4,1
39,645,5,1
39,646,4,1
39,647,7,1
39,648,4,1
39,649,7,1
39,650,12,1
39,651,13,1
39,652,41,1
39,653,12,0
39,654,13,0
39,655,14,0
39,656,12,1
39,657,13,1
39,658,14,1
39,659,12,1
39,660,13,1
39,661,14,1
39,662,12,1
39,663,13,1
39,664,4,1
39,665,5,1
39,666,4,0
39,667,22,0
39,668,4,1
39,669,22,1
39,670,4,1
39,671,22,1
39,672,4,1
39,673,22,1
39,674,25,0
39,675,42,0
39,676,25,1
39,677,42,1
39,678,25,0
39,679,42,0
39,680,25,0
39,681,42,0
39,682,25,1
39,683,42,1
39,684,25,1
39,685,42,1
39,686,25,1
39,687,42,1
39,688,25,1
39,689,42,1
39,690,25,1
39,691,42,1
39,692,25,1
39,693,42,1
39,694,25,1
39,695,42,1
39,696,4,1
39,697,8,1
39,698,4,1
39,699,8,1
39,700,9,0
39,701,5,1
39,702,9,1
39,703,5,0
39,704,5,1
39,705,5,0
39,706,5,0
39,707,68,1
39,708,68,1
39,709,4,1
39,710,9,1
39,711,4,1
39,712,9,1
39,713,57,1
39,714,31,1
39,715,31,1
39,716,31,1
39,717,81,1
39,718,2,0
39,719,2,1
39,720,2,1
39,721,2,1
39,722,2,1
39,723,2,1
39,724,2,1
39,725,28,1
39,726,1,0
39,727,1,1
39,728,1,1
39,729,1,1
39,730,1,1
39,731,1,1
39,732,1,1
39,733,1,1
39,734,1,1
39,735,1,1
39,736,1,1
39,737,26,0
39,738,26,0
39,739,26,1
39,740,26,1
39,741,26,1
39,742,26,1
39,743,26,1
39,744,26,1
39,745,70,1
39,746,70,1
39,747,70,1
39,748,26,0
39,749,26,1
39,750,26,1
39,751,26,1
39,752,26,0
39,753,26,1
39,754,26,1
39,755,26,1
39,756,26,1
39,757,28,1
39,758,9,1
39,759,39,0
39,760,39,1
39,761,39,1
39,762,39,1
39,763,86,1
39,764,87,1
39,765,28,0
39,766,28,1
39,767,28,1
39,768,28,1
39,769,28,1
39,770,28,1
39,771,64,0
39,772,64,1
39,773,85,1
39,774,64,1
39,775,64,0
39,776,64,1
39,777,64,1
39,778,64,1
39,779,75,1
39,780,84,0
39,781,28,0
39,782,84,1
39,783,28,1
39,784,84,1
39,785,28,1
39,786,84,1
39,787,28,1
39,788,80,0
39,789,18,0
39,790,80,1
39,791,18,1
39,792,80,1
39,793,18,1
39,794,80,0
39,795,80,1
39,796,66,0
39,797,66,0
39,798,66,1
39,799,66,0
39,800,66,1
39,801,66,1
39,802,66,0
39,803,66,0
39,804,66,1
39,805,66,1
39,806,66,1
39,807,80,1
39,808,18,1
39,809,66,0
39,810,66,0
39,811,66,1
39,812,66,0
39,813,66,0
39,814,66,0
39,815,66,1
39,816,66,1
39,817,66,0
39,818,66,0
39,819,66,1
39,820,66,1
39,821,66,1
39,822,66,1
39,823,43,1
39,824,43,0
39,825,43,1
39,826,43,1
39,827,43,1
39,828,43,1
39,829,43,1
39,830,72,0
39,831,72,1
39,832,72,1
39,833,72,1
39,834,26,0
39,835,26,0
39,836,26,1
39,837,26,1
39,838,26,1
39,839,42,0
39,840,43,0
39,841,42,1
39,842,43,1
39,843,42,0
39,844,43,0
39,845,42,1
39,846,43,1
39,847,42,1
39,848,43,1
39,849,42,1
39,850,43,1
39,851,25,0
39,852,42,0
39,853,25,1
39,854,42,1
39,855,25,0
39,856,42,0
39,857,25,1
39,858,42,1
39,859,25,0
39,860,42,0
39,861,25,0
39,862,42,0
39,863,25,1
39,864,42,1
39,865,25,1
39,866,42,1
39,867,25,0
39,868,42,0
40,0,4,0
40,1,8,0
40,2,6,1
40,3,7,1
40,4,6,1
40,5,7,1
41,0,10,0
41,1,10,0
41,2,10,0
41,3,10,0
41,4,22,1
41,5,18,1
41,6,18,1
41,7,24,1
41,8,24,1
41,9,20,1
41,10,20,0
41,11,20,0
41,12,20,0
41,13,20,0
41,14,20,0
41,15,20,0
41,16,20,1
41,17,38,1
41,18,21,0
41,19,21,1
41,20,21,1
41,21,21,0
41,22,21,0
41,23,21,1
41,24,21,1
41,25,21,1
41,26,21,1
41,27,21,1
41,28,19,0
41,29,19,1
42,0,20,1
42,1,20,1
42,2,21,1
42,3,20,1
42,4,21,1
42,5,23,1
42,6,23,1
42,7,25,1
42,8,23,1
42,9,23,1
42,10,22,1
42,11,23,1
42,12,40,1
42,13,40,1
42,14,40,1
42,15,40,0
42,16,23,0
42,17,27,1
42,18,27,1
42,19,40,1
42,20,40,0
42,21,40,0
42,22,40,1
42,23,40,0
42,24,40,1
42,25,45,0
42,26,45,0
42,27,46,0
42,28,34,0
42,29,47,0
42,30,40,0
42,31,40,0
42,32,40,1
42,33,40,1
42,34,23,1
42,35,40,0
42,36,40,1
42,37,40,1
42,38,40,0
42,39,40,1
42,40,23,1
42,41,40,1
42,42,40,0
42,43,40,1
42,44,23,1
42,45,40,1
42,46,27,1
42,47,19,0
42,48,24,1
42,49,19,0
42,50,24,1
42,51,24,1
42,52,60,1
42,53,19,1
42,54,24,1
42,55,45,0
42,56,45,0
42,57,45,0
42,58,45,0
42,59,45,0
42,60,45,0
42,61,46,1
42,62,46,0
42,63,46,0
42,64,46,1
42,65,46,1
42,66,45,1
42,67,45,0
42,68,45,1
42,69,45,0
42,70,45,0
42,71,45,0
42,72,45,0
42,73,45,0
42,74,45,1
42,75,45,0
42,76,67,0
42,77,78,1
42,78,35,0
42,79,35,1
42,80,35,0
42,81,35,0
42,82,78,1
42,83,34,1
42,84,67,0
42,85,26,0
42,86,26,1
42,87,26,1
42,88,26,0
42,89,26,0
42,90,26,1
42,91,26,1
42,92,26,1
42,93,37,1
42,94,30,1
42,95,37,1
42,96,30,1
42,97,37,0
42,98,30,0
42,99,37,1
42,100,30,1
42,101,37,1
42,102,30,1
42,103,37,1
42,104,30,1
42,105,30,1
42,106,30,1
42,107,30,1
42,108,34,0
42,109,78,0
42,110,67,0
42,111,13,0
42,112,61,0
42,113,14,0
42,114,61,1
42,115,14,0
42,116,13,0
42,117,34,0
42,118,78,0
42,119,34,1
42,120,78,0
42,121,45,0
42,122,45,0
42,123,45,0
43,0,21,1
43,1,18,0
43,2,21,1
43,3,21,1
43,4,21,1
43,5,21,1
43,6,21,1
43,7,22,1
43,8,23,1
43,9,23,1
43,10,25,1
43,11,23,1
43,12,25,1
43,13,23,1
43,14,25,1
43,15,23,1
43,16,27,1
43,17,40,1
43,18,40,1
43,19,40,0
43,20,27,1
43,21,27,1
43,22,27,0
43,23,23,1
43,24,23,1
43,25,45,0
43,26,60,1
43,27,60,0
43,28,60,1
43,29,60,1
43,30,19,1
43,31,60,1
43,32,24,1
43,33,45,1
43,34,45,1
43,35,45,1
43,36,46,1
43,37,46,1
43,38,46,0
43,39,46,1
43,40,47,1
43,41,67,0
43,42,34,0
43,43,78,0
43,44,78,1
43,45,34,1
43,46,67,1
43,47,67,0
43,48,67,1
43,49,34,1
43,50,67,0
43,51,67,0
43,52,47,1
43,53,78,0
43,54,67,0
43,55,34,1
43,56,13,1
43,57,61,1
43,58,14,1
43,59,78,0
43,60,78,1
43,61,35,1
43,62,34,0
43,63,34,1
43,64,34,0
43,65,61,0
43,66,35,0
43,67,41,0
43,68,61,0
43,69,34,0
43,70,13,1
43,71,61,1
43,72,35,1
43,73,14,1
43,74,67,0
43,75,34,1
43,76,34,0
43,77,67,0
43,78,34,1
43,79,34,1
43,80,35,0
43,81,35,0
43,82,35,0
43,83,35,0
43,84,67,0
43,85,34,1
43,86,34,1
43,87,47,0
43,88,67,0
43,89,26,1
43,90,26,1
43,91,26,0
43,92,26,1
43,93,26,0
43,94,26,1
43,95,26,0
43,96,26,1
43,97,26,0
43,98,26,1
43,99,26,0
43,100,26,1
43,101,26,1
43,102,37,0
43,103,30,0
43,104,37,0
43,105,30,0
43,106,37,0
43,107,30,0
43,108,37,1
43,109,30,1
43,110,37,1
43,111,30,1
43,112,37,0
43,113,30,0
43,114,37,0
43,115,30,0
43,116,37,1
43,117,30,1
43,118,37,1
43,119,30,1
43,120,37,0
43,121,30,0
43,122,30,1
43,123,30,1
43,124,30,0
43,125,30,1
43,126,30,1
43,127,30,1
43,128,34,1
43,129,34,1
43,130,41,0
43,131,41,1
43,132,41,1
43,133,41,0
43,134,34,1
43,135,34,1
43,136,34,0
43,137,34,0
43,138,41,0
43,139,41,0
43,140,41,0
43,141,41,0
43,142,41,0
43,143,41,0
43,144,41,0
43,145,41,0
43,146,41,0
43,147,41,1
43,148,34,1
43,149,34,1
43,150,34,1
43,151,34,1
43,152,34,0
43,153,47,0
43,154,47,0
43,155,78,0
43,156,26,1
43,157,26,1
43,158,26,0
43,159,26,1
43,160,26,1
43,161,26,1
43,162,26,1
43,163,26,0
43,164,26,0
43,165,26,1
43,166,26,1
43,167,26,1
43,168,26,1
43,169,26,0
43,170,37,0
43,171,30,0
43,172,37,1
43,173,30,1
43,174,37,1
43,175,30,1
43,176,37,1
43,177,30,1
43,178,37,0
43,179,30,0
43,180,26,1
43,181,26,1
43,182,26,0
43,183,26,1
43,184,26,1
43,185,26,1
43,186,26,1
43,187,26,1
44,0,21,0
45,0,4,1
45,1,7,1
45,2,4,1
45,3,7,1
45,4,4,0
45,5,9,0
45,6,4,1
45,7,9,1
45,8,4,1
45,9,9,1
45,10,4,1
45,11,9,1
45,12,18,0
45,13,18,0
45,14,30,1
45,15,37,0
45,16,30,0
45,17,18,0
45,18,18,1
45,19,18,0
45,20,18,1
45,21,18,1
45,22,24,1
45,23,21,0
45,24,21,1
45,25,21,1
45,26,21,1
45,27,24,0
45,28,24,1
45,29,24,1
45,30,24,1
45,31,19,1
45,32,18,1
45,33,22,0
45,34,22,1
45,35,22,1
45,36,22,1
45,37,20,0
45,38,20,1
45,39,20,0
45,40,20,0
45,41,20,1
45,42,21,0
45,43,21,1
45,44,21,1
45,45,21,1
45,46,18,0
45,47,18,1
45,48,18,1
45,49,18,1
45,50,20,0
45,51,20,1
45,52,20,0
45,53,20,1
45,54,20,1
45,55,20,1
45,56,21,1
45,57,38,1
45,58,52,1
45,59,20,1
45,60,20,1
45,61,21,1
45,62,38,0
45,63,38,1
45,64,38,1
45,65,38,1
45,66,33,1
45,67,37,1
45,68,21,1
46,0,3,1
46,1,29,0
46,2,3,0
46,3,18,0
46,4,18,0
46,5,18,1
46,6,18,1
46,7,18,1
46,8,24,0
46,9,24,1
46,10,24,1
46,11,24,1
46,12,21,1
46,13,24,1
46,14,19,0
46,15,18,1
46,16,22,1
46,17,20,1
46,18,21,1
46,19,21,1
46,20,20,1
46,21,20,1
46,22,38,0
46,23,38,0
46,24,38,0
46,25,38,1
46,26,38,0
46,27,52,1
46,28,21,1
46,29,19,0
46,30,19,1
46,31,19,1
46,32,19,0
46,33,19,0
46,34,19,0
46,35,19,1
46,36,38,1
46,37,38,1
46,38,38,1
46,39,33,1
46,40,37,1
46,41,21,1
46,42,27,0
46,43,27,1
46,44,27,0
46,45,27,1
46,46,58,1
46,47,48,1
46,48,4,0
46,49,16,0
46,50,4,1
46,51,15,1
46,52,4,1
46,53,16,1
46,54,4,1
46,55,15,1
46,56,16,1
46,57,16,1
46,58,4,1
46,59,9,1
46,60,4,1
46,61,9,1
46,62,28,1
46,63,27,0
46,64,27,1
46,65,27,0
46,66,44,1
46,67,61,1
46,68,44,1
46,69,61,1
46,70,44,1
46,71,61,1
46,72,44,1
46,73,61,1
46,74,44,1
46,75,61,1
46,76,44,1
46,77,48,1
46,78,50,1
46,79,50,1
46,80,94,1
46,81,22,1
46,82,23,1
46,83,22,1
46,84,23,1
46,85,18,1
46,86,37,1
46,87,30,1
46,88,33,1
46,89,37,1
46,90,30,1
46,91,30,1
46,92,30,1
46,93,30,1
46,94,30,1
46,95,33,1
46,96,37,1
46,97,30,1
47,0,25,1
47,1,23,1
47,2,22,1
47,3,23,1
47,4,23,1
47,5,22,1
47,6,23,1
47,7,23,1
47,8,40,1
47,9,20,1
47,10,21,1
47,11,18,0
47,12,27,1
47,13,40,0
47,14,40,1
47,15,40,1
47,16,40,1
47,17,40,0
47,18,40,0
47,19,40,1
47,20,40,0
47,21,40,1
47,22,21,1
47,23,18,1
47,24,24,1
47,25,19,0
47,26,19,0
47,27,60,1
47,28,24,1
47,29,19,1
47,30,60,0
47,31,24,1
47,32,60,1
47,33,24,1
47,34,60,1
47,35,24,1
47,36,45,0
47,37,45,0
47,38,45,0
47,39,45,1
47,40,45,1
47,41,45,0
47,42,46,0
47,43,46,1
47,44,46,0
47,45,46,1
47,46,46,0
47,47,46,1
47,48,46,0
47,49,46,0
47,50,46,1
47,51,46,1
47,52,45,0
47,53,45,1
47,54,45,1
47,55,45,1
47,56,45,0
47,57,45,1
47,58,45,1
47,59,45,1
47,60,67,0
47,61,34,1
47,62,34,1
47,63,47,1
47,64,35,1
47,65,34,1
47,66,34,1
47,67,34,1
47,68,26,1
47,69,26,1
47,70,26,1
47,71,37,0
47,72,30,0
47,73,37,0
47,74,30,0
47,75,37,0
47,76,30,0
47,77,37,0
47,78,30,0
47,79,37,0
47,80,30,0
47,81,37,0
47,82,30,0
47,83,37,0
47,84,30,0
47,85,37,0
47,86,30,0
47,87,37,0
47,88,30,0
47,89,37,0
47,90,30,0
47,91,30,1
47,92,30,1
47,93,30,1
47,94,34,0
47,95,34,1
47,96,47,0
47,97,78,0
47,98,67,0
47,99,34,1
47,100,78,0
47,101,47,0
47,102,67,0
47,103,34,1
47,104,37,1
47,105,30,1
47,106,37,1
47,107,30,1
47,108,37,1
47,109,30,1
47,110,37,1
47,111,30,1
47,112,37,0
47,113,30,0
47,114,37,1
47,115,30,1
47,116,37,1
47,117,30,1
47,118,37,0
47,119,30,0
47,120,37,1
47,121,30,1
47,122,37,1
47,123,30,1
47,124,37,0
47,125,30,0
47,126,34,0
47,127,78,0
47,128,67,1
47,129,78,0
47,130,67,0
47,131,13,0
47,132,61,0
47,133,35,0
47,134,14,0
47,135,61,0
47,136,14,0
47,137,13,0
48,0,25,0
48,1,23,0
48,2,23,1
48,3,23,1
48,4,20,1
48,5,20,1
48,6,27,1
48,7,21,1
48,8,23,0
48,9,40,1
48,10,23,1
48,11,40,0
48,12,27,1
48,13,40,1
48,14,22,1
48,15,23,1
48,16,22,1
48,17,23,1
48,18,40,1
48,19,23,1
48,20,40,0
48,21,40,0
48,22,24,0
48,23,40,1
48,24,40,0
48,25,60,1
48,26,24,0
48,27,60,1
48,28,24,0
48,29,19,0
48,30,60,0
48,31,47,0
48,32,41,0
48,33,41,1
48,34,41,0
48,35,34,1
48,36,67,1
48,37,24,1
48,38,19,1
48,39,19,1
48,40,24,1
48,41,19,1
48,42,46,0
48,43,46,1
48,44,46,1
48,45,46,1
48,46,67,1
48,47,34,1
48,48,78,0
48,49,34,1
48,50,78,1
48,51,34,1
48,52,34,1
48,53,67,1
48,54,46,0
48,55,26,1
48,56,26,1
48,57,26,0
48,58,26,0
48,59,26,1
48,60,26,1
48,61,26,0
48,62,26,1
48,63,26,1
48,64,26,1
48,65,26,1
48,66,26,1
48,67,26,1
48,68,37,1
48,69,30,1
48,70,37,1
48,71,30,1
48,72,37,1
48,73,30,1
48,74,30,1
48,75,30,1
48,76,30,1
48,77,46,0
48,78,46,0
48,79,46,1
48,80,46,0
48,81,46,0
48,82,46,0
48,83,46,1
49,0,25,1
49,1,23,1
49,2,23,1
49,3,23,1
49,4,25,0
49,5,23,0
49,6,26,1
49,7,26,1
49,8,26,1
49,9,37,0
49,10,30,0
49,11,37,0
49,12,30,0
49,13,37,0
49,14,30,0
49,15,37,0
49,16,30,0
49,17,37,0
49,18,30,0
49,19,37,1
49,20,30,1
49,21,37,0
49,22,30,0
49,23,37,0
49,24,30,0
49,25,37,0
49,26,30,0
49,27,37,0
49,28,30,0
49,29,37,0
49,30,30,0
49,31,37,1
49,32,30,1
49,33,37,1
49,34,30,1
49,35,37,0
49,36,30,0
49,37,37,0
49,38,30,0
49,39,37,0
49,40,30,0
49,41,37,1
49,42,30,1
49,43,37,0
49,44,30,0
49,45,30,1
49,46,30,1
50,0,20,0
50,1,21,1
50,2,21,1
50,3,21,1
50,4,21,1
50,5,21,1
50,6,23,1
50,7,25,0
50,8,23,0
50,9,23,0
50,10,22,1
50,11,23,1
50,12,22,1
50,13,23,1
50,14,25,0
50,15,23,0
50,16,23,0
50,17,23,1
50,18,22,1
50,19,23,1
50,20,22,1
50,21,23,1
50,22,25,1
50,23,23,1
50,24,23,1
51,0,6,1
51,1,7,1
51,2,6,0
51,3,8,0
51,4,41,0
51,5,38,1
51,6,21,0
51,7,19,0
51,8,18,0
51,9,18,0
51,10,18,0
51,11,18,1
51,12,18,1
51,13,24,1
51,14,21,1
51,15,24,1
51,16,19,1
51,17,18,1
51,18,22,1
51,19,20,0
51,20,20,1
51,21,20,0
51,22,20,0
51,23,20,0
51,24,38,1
51,25,20,0
51,26,20,0
51,27,20,1
51,28,20,1
51,29,20,1
51,30,20,0
51,31,20,0
51,32,20,1
51,33,20,1
51,34,20,0
51,35,20,0
51,36,20,0
51,37,21,1
51,38,21,1
51,39,52,1
51,40,18,1
51,41,35,1
51,42,25,1
51,43,23,1
51,44,22,1
51,45,23,1
51,46,20,1
51,47,18,0
51,48,18,1
51,49,18,1
51,50,18,1
51,51,24,1
51,52,24,1
51,53,22,0
51,54,22,1
51,55,22,1
51,56,22,1
51,57,22,1
51,58,22,1
51,59,37,0
51,60,37,0
51,61,37,0
51,62,37,0
51,63,37,0
51,64,37,0
51,65,37,1
51,66,34,1
51,67,34,1
51,68,34,1
51,69,34,1
51,70,34,0
51,71,34,0
51,72,34,0
51,73,34,1
51,74,34,1
51,75,34,1
51,76,34,0
51,77,34,1
51,78,34,1
51,79,34,1
51,80,37,0
51,81,37,1
51,82,80,0
51,83,36,0
51,84,80,1
51,85,80,1
51,86,80,1
51,87,36,1
51,88,74,1
51,89,60,1
51,90,21,1
51,91,21,1
51,92,59,1
51,93,41,0
51,94,41,0
51,95,55,0
51,96,55,0
51,97,55,0
51,98,55,0
51,99,41,0
51,100,21,1
51,101,21,1
51,102,20,0
51,103,20,0
51,104,20,0
51,105,20,0
51,106,20,0
51,107,69,0
51,108,69,0
51,109,37,1
51,110,30,0
51,111,30,1
51,112,30,1
51,113,30,1
51,114,33,1
51,115,30,0
51,116,30,1
51,117,30,0
51,118,30,0
51,119,30,1
51,120,30,1
51,121,30,0
51,122,30,1
51,123,30,1
51,124,30,0
51,125,37,1
51,126,69,0
51,127,57,1
51,128,31,0
51,129,27,1
51,130,19,0
51,131,27,1
51,132,40,0
51,133,40,0
51,134,40,0
51,135,40,0
51,136,40,0
51,137,19,0
51,138,19,1
51,139,19,0
51,140,19,0
51,141,19,1
51,142,14,0
51,143,44,1
51,144,44,1
51,145,44,0
51,146,21,1
51,147,35,0
51,148,12,0
51,149,35,0
51,150,4,1
51,151,8,1
51,152,4,1
51,153,8,1
51,154,9,1
51,155,4,0
51,156,7,0
51,157,4,1
51,158,7,1
51,159,4,1
51,160,7,1
51,161,4,1
51,162,7,1
51,163,4,1
51,164,9,1
51,165,4,1
51,166,9,1
51,167,28,0
51,168,10,1
51,169,10,1
51,170,10,1
51,171,10,0
51,172,10,1
51,173,10,1
51,174,10,1
51,175,4,1
51,176,22,1
51,177,38,1
51,178,16,1
51,179,36,0
51,180,33,1
51,181,41,0
51,182,41,1
51,183,41,1
51,184,41,1
51,185,55,1
51,186,55,0
51,187,55,0
51,188,55,1
51,189,55,1
51,190,20,1
51,191,69,1
51,192,69,1
51,193,69,1
51,194,69,1
51,195,19,1
51,196,30,1
51,197,30,1
51,198,30,1
51,199,30,1
51,200,30,1
51,201,33,1
51,202,62,1
51,203,44,1
51,204,33,1
51,205,62,1
51,206,44,1
51,207,33,1
51,208,62,1
51,209,44,1
51,210,33,1
51,211,62,1
51,212,44,1
51,213,33,1
51,214,62,1
51,215,44,1
51,216,40,1
51,217,55,1
51,218,55,0
51,219,55,1
51,220,55,1
51,221,55,0
51,222,55,1
51,223,44,1
51,224,44,1
51,225,44,1
51,226,44,1
51,227,44,1
51,228,40,0
51,229,40,1
51,230,40,0
51,231,40,1
51,232,35,1
51,233,73,0
51,234,73,0
51,235,73,1
51,236,73,0
51,237,73,1
51,238,73,1
51,239,73,1
51,240,55,1
51,241,55,1
51,242,55,1
51,243,55,1
51,244,14,1
51,245,14,0
51,246,14,1
51,247,14,0
51,248,14,0
51,249,14,0
51,250,63,0
51,251,63,0
51,252,63,1
51,253,63,1
51,254,63,1
51,255,14,1
51,256,14,1
51,257,14,1
51,258,65,1
51,259,65,1
51,260,65,1
51,261,65,1
51,262,65,1
51,263,14,1
51,264,14,1
51,265,14,1
51,266,14,1
51,267,14,1
51,268,59,1
51,269,14,1
51,270,14,1
51,271,35,1
51,272,12,1
51,273,35,1
51,274,41,1
51,275,61,1
51,276,44,1
51,277,61,1
51,278,44,1
51,279,61,0
51,280,44,0
51,281,61,1
51,282,44,1
51,283,61,1
51,284,44,1
51,285,61,1
51,286,44,1
51,287,61,1
51,288,44,1
51,289,61,1
51,290,44,1
51,291,24,0
51,292,24,1
51,293,24,1
51,294,24,1
51,295,20,1
51,296,36,1
51,297,37,1
51,298,30,1
51,299,71,1
51,300,52,1
51,301,48,1
51,302,50,1
51,303,50,0
51,304,50,1
51,305,50,0
51,306,50,0
51,307,51,0
51,308,51,1
51,309,51,1
51,310,51,1
51,311,50,1
51,312,50,0
51,313,50,1
51,314,50,0
51,315,50,1
51,316,50,1
51,317,50,1
51,318,51,1
51,319,50,0
51,320,50,0
51,321,76,0
51,322,50,0
51,323,50,0
51,324,50,0
51,325,50,0
51,326,50,1
51,327,50,0
52,0,19,0
52,1,21,0
52,2,20,0
52,3,24,0
52,4,24,1
52,5,24,0
52,6,24,0
52,7,24,0
52,8,21,1
52,9,24,0
52,10,24,1
52,11,24,1
52,12,24,0
52,13,18,0
52,14,18,0
52,15,18,0
52,16,18,0
52,17,18,1
52,18,24,0
52,19,24,0
52,20,24,1
52,21,24,1
52,22,24,1
52,23,21,1
52,24,24,1
52,25,19,0
52,26,18,1
52,27,22,1
52,28,18,1
52,29,18,1
52,30,19,1
52,31,19,1
52,32,19,1
52,33,20,1
52,34,21,1
52,35,20,1
52,36,20,1
52,37,21,1
52,38,21,1
52,39,38,0
52,40,38,0
52,41,52,0
52,42,52,1
52,43,52,1
52,44,52,1
52,45,38,1
52,46,38,0
52,47,38,0
52,48,22,0
52,49,23,0
52,50,25,0
52,51,23,0
52,52,25,0
52,53,23,0
52,54,22,1
52,55,23,1
52,56,25,0
52,57,23,0
52,58,23,1
52,59,23,1
52,60,22,1
52,61,23,1
52,62,18,0
52,63,18,0
52,64,18,0
52,65,18,1
52,66,18,1
52,67,24,0
52,68,24,0
52,69,37,1
52,70,20,1
52,71,21,1
52,72,21,1
52,73,37,1
52,74,20,1
52,75,44,0
52,76,44,1
52,77,44,0
52,78,23,1
52,79,18,1
52,80,65,0
52,81,65,0
52,82,25,0
52,83,23,0
52,84,22,0
52,85,23,0
52,86,25,0
52,87,23,0
52,88,25,1
52,89,23,1
52,90,22,0
52,91,23,0
52,92,23,1
52,93,25,0
52,94,23,0
52,95,25,0
52,96,23,0
52,97,22,0
52,98,23,0
52,99,22,1
52,100,23,1
52,101,22,1
52,102,23,1
52,103,25,0
52,104,23,0
52,105,22,1
52,106,23,1
52,107,20,0
52,108,20,0
52,109,20,1
52,110,20,1
52,111,20,1
52,112,18,0
52,113,18,0
52,114,18,0
52,115,18,0
52,116,18,0
52,117,24,0
52,118,24,0
52,119,24,1
52,120,24,0
52,121,24,1
52,122,24,1
52,123,22,1
52,124,22,1
52,125,22,1
52,126,22,1
52,127,22,0
52,128,22,1
52,129,22,1
52,130,22,1
52,131,22,1
52,132,22,0
52,133,37,1
52,134,37,1
52,135,30,0
52,136,33,1
52,137,20,0
52,138,4,0
52,139,5,0
52,140,25,0
52,141,23,0
52,142,22,1
52,143,23,1
52,144,18,0
52,145,18,1
52,146,22,1
52,147,22,1
52,148,22,1
52,149,22,1
52,150,22,1
52,151,30,0
52,152,30,1
52,153,30,1
52,154,30,0
52,155,30,0
52,156,30,0
52,157,30,0
52,158,24,0
52,159,24,1
52,160,74,1
52,161,60,0
52,162,34,0
52,163,34,1
52,164,34,1
52,165,34,1
52,166,34,0
52,167,34,1
52,168,34,0
52,169,34,0
52,170,59,0
52,171,19,0
52,172,35,1
52,173,53,0
52,174,53,1
52,175,53,0
52,176,54,0
52,177,53,1
52,178,53,1
52,179,53,1
52,180,20,1
52,181,21,1
52,182,21,0
52,183,21,0
52,184,30,1
52,185,27,0
52,186,27,0
52,187,27,0
52,188,27,0
52,189,27,0
52,190,27,0
52,191,65,0
52,192,65,0
52,193,65,0
52,194,65,0
52,195,65,1
52,196,65,1
52,197,65,0
52,198,65,0
52,199,65,1
52,200,65,0
52,201,69,0
52,202,69,0
52,203,69,0
52,204,69,0
52,205,69,1
52,206,69,0
52,207,69,0
52,208,24,0
52,209,21,1
52,210,37,1
52,211,30,1
52,212,59,0
52,213,59,1
52,214,59,0
52,215,59,1
52,216,59,1
52,217,59,1
52,218,33,0
52,219,33,0
52,220,33,1
52,221,33,1
52,222,33,0
52,223,33,0
52,224,62,0
52,225,44,0
52,226,33,0
52,227,62,0
52,228,44,0
52,229,33,1
52,230,62,1
52,231,44,1
52,232,33,1
52,233,62,1
52,234,44,1
52,235,33,0
52,236,62,0
52,237,44,0
52,238,33,0
52,239,62,0
52,240,44,0
52,241,33,0
52,242,62,0
52,243,44,0
52,244,30,0
52,245,30,0
52,246,30,1
52,247,30,0
52,248,30,1
52,249,30,0
52,250,30,0
52,251,30,0
52,252,30,0
52,253,30,0
52,254,37,1
52,255,34,0
52,256,34,1
52,257,34,1
52,258,34,1
52,259,44,0
52,260,44,0
52,261,44,0
52,262,44,1
52,263,44,0
52,264,44,1
52,265,44,1
52,266,34,0
52,267,33,0
52,268,62,0
52,269,44,0
52,270,33,0
52,271,62,0
52,272,44,0
52,273,33,0
52,274,62,0
52,275,44,0
52,276,33,0
52,277,62,0
52,278,44,0
52,279,33,0
52,280,62,0
52,281,44,0
52,282,33,0
52,283,62,0
52,284,44,0
52,285,33,0
52,286,62,0
52,287,44,0
52,288,33,0
52,289,62,0
52,290,44,0
52,291,33,0
52,292,62,0
52,293,44,0
52,294,33,0
52,295,62,0
52,296,44,0
52,297,33,1
52,298,62,1
52,299,44,1
52,300,44,0
52,301,44,1
52,302,30,1
52,303,30,1
52,304,30,1
52,305,30,0
52,306,30,1
52,307,30,1
52,308,30,0
52,309,30,1
52,310,30,0
52,311,30,0
52,312,30,1
52,313,33,0
52,314,62,0
52,315,44,0
52,316,33,0
52,317,62,0
52,318,44,0
52,319,33,0
52,320,62,0
52,321,44,0
52,322,33,1
52,323,62,1
52,324,44,1
52,325,33,0
52,326,62,0
52,327,44,0
52,328,33,0
52,329,62,0
52,330,44,0
52,331,33,0
52,332,62,0
52,333,44,0
52,334,33,0
52,335,62,0
52,336,44,0
52,337,33,1
52,338,62,1
52,339,44,1
52,340,33,0
52,341,62,0
52,342,44,0
52,343,33,1
52,344,62,1
52,345,44,1
52,346,34,0
53,0,4,1
53,1,4,1
53,2,9,1
53,3,4,1
53,4,9,1
53,5,26,0
53,6,40,0
53,7,40,1
53,8,31,0
53,9,26,0
53,10,18,1
53,11,24,1
53,12,21,1
53,13,24,1
53,14,19,1
53,15,18,1
53,16,22,1
53,17,20,1
53,18,21,0
53,19,21,1
53,20,21,1
53,21,21,1
53,22,21,1
53,23,20,1
53,24,20,1
53,25,38,0
53,26,38,1
53,27,38,0
53,28,38,1
53,29,38,0
53,30,52,1
53,31,21,1
53,32,38,1
53,33,38,1
53,34,38,1
53,35,33,1
53,36,37,1
53,37,21,1
53,38,27,1
53,39,58,0
53,40,64,0
53,41,4,1
53,42,9,1
53,43,4,1
53,44,9,1
53,45,4,1
53,46,7,1
53,47,4,1
53,48,7,1
53,49,21,1
53,50,21,1
53,51,22,0
53,52,23,0
53,53,23,1
53,54,22,1
53,55,23,1
53,56,23,1
53,57,22,1
53,58,23,1
53,59,18,1
53,60,24,0
53,61,24,1
53,62,24,1
53,63,24,0
53,64,24,1
53,65,24,1
53,66,24,1
53,67,24,1
53,68,22,1
53,69,22,1
53,70,22,1
53,71,22,1
53,72,22,1
53,73,37,0
53,74,37,1
53,75,37,1
53,76,37,1
53,77,34,0
53,78,34,1
53,79,34,1
53,80,34,1
53,81,34,1
53,82,34,1
53,83,34,0
53,84,34,1
53,85,34,1
53,86,34,1
53,87,80,0
53,88,80,1
53,89,80,0
53,90,36,0
53,91,80,0
53,92,80,0
53,93,90,0
53,94,80,1
53,95,80,1
53,96,80,0
53,97,36,0
53,98,80,1
53,99,36,1
53,100,80,0
53,101,36,0
53,102,80,1
53,103,36,1
53,104,80,0
53,105,80,1
53,106,35,0
53,107,35,1
53,108,35,0
53,109,35,1
53,110,35,1
53,111,35,0
53,112,35,0
53,113,80,0
53,114,80,1
53,115,80,1
53,116,80,1
53,117,35,1
53,118,35,1
53,119,35,1
53,120,74,1
53,121,60,0
53,122,60,0
53,123,60,0
53,124,60,0
53,125,60,1
53,126,60,1
53,127,60,1
53,128,21,0
53,129,21,1
53,130,21,0
53,131,21,0
53,132,21,0
53,133,21,0
53,134,21,1
53,135,21,1
53,136,21,1
53,137,59,1
53,138,41,0
53,139,41,0
53,140,41,0
53,141,21,0
53,142,21,1
53,143,21,0
53,144,21,1
53,145,21,1
53,146,21,1
53,147,55,0
53,148,41,0
53,149,41,0
53,150,41,0
53,151,41,0
53,152,41,0
53,153,41,0
53,154,55,1
53,155,55,1
53,156,55,0
53,157,55,0
53,158,55,1
53,159,20,1
53,160,21,1
53,161,21,1
53,162,20,1
53,163,69,0
53,164,69,0
53,165,69,0
53,166,69,1
53,167,69,1
53,168,69,1
53,169,69,0
53,170,69,1
53,171,69,1
53,172,69,0
53,173,69,0
53,174,69,1
53,175,69,1
53,176,19,0
53,177,19,1
53,178,19,0
53,179,19,1
53,180,19,1
53,181,41,0
53,182,41,0
53,183,41,1
53,184,41,1
53,185,41,1
53,186,55,0
53,187,55,0
53,188,55,1
53,189,55,1
53,190,55,1
53,191,55,0
53,192,69,0
53,193,69,0
53,194,69,1
53,195,69,1
53,196,69,1
53,197,19,1
53,198,19,1
53,199,21,1
53,200,37,0
53,201,30,0
53,202,37,0
53,203,30,0
53,204,37,1
53,205,30,1
53,206,37,1
53,207,30,1
53,208,37,1
53,209,30,1
53,210,55,1
53,211,55,1
53,212,55,1
53,213,55,1
53,214,55,1
53,215,37,1
53,216,37,1
53,217,30,1
53,218,30,1
53,219,30,1
53,220,30,1
53,221,30,1
53,222,30,0
53,223,30,1
53,224,30,0
53,225,30,1
53,226,30,1
53,227,33,1
53,228,33,1
53,229,33,1
53,230,62,1
53,231,44,1
53,232,33,1
53,233,62,1
53,234,44,1
53,235,33,0
53,236,62,0
53,237,44,0
53,238,33,1
53,239,62,1
53,240,44,1
53,241,33,1
53,242,62,1
53,243,44,1
53,244,33,1
53,245,62,1
53,246,44,1
53,247,33,1
53,248,62,1
53,249,44,1
53,250,40,0
53,251,27,1
53,252,27,1
53,253,27,1
53,254,27,1
53,255,40,0
53,256,40,1
53,257,40,1
53,258,40,1
53,259,40,0
53,260,40,1
53,261,40,1
53,262,40,0
53,263,40,1
53,264,40,1
53,265,40,1
53,266,44,1
53,267,44,0
53,268,44,1
53,269,44,1
53,270,44,1
53,271,44,1
53,272,44,1
53,273,35,0
53,274,35,1
53,275,35,1
53,276,35,1
53,277,73,0
53,278,73,1
53,279,73,1
53,280,73,1
53,281,14,0
53,282,14,1
53,283,14,1
53,284,14,1
53,285,14,0
53,286,14,0
53,287,14,1
53,288,14,1
53,289,14,0
53,290,38,0
53,291,38,0
53,292,38,1
53,293,38,0
53,294,38,1
53,295,38,1
53,296,38,1
53,297,63,0
53,298,63,1
53,299,63,0
53,300,63,1
53,301,63,1
53,302,63,1
53,303,65,0
53,304,65,0
53,305,65,0
53,306,65,1
53,307,65,0
53,308,65,1
53,309,65,1
53,310,65,1
53,311,65,1
53,312,65,1
53,313,14,0
53,314,14,1
53,315,14,1
53,316,14,1
53,317,14,1
53,318,14,1
53,319,59,1
53,320,14,1
53,321,14,1
53,322,35,1
53,323,12,1
53,324,35,1
53,325,41,0
53,326,12,0
53,327,35,0
53,328,30,1
53,329,33,1
53,330,62,1
53,331,44,1
53,332,14,0
53,333,14,0
53,334,14,1
53,335,14,1
53,336,14,1
53,337,41,0
53,338,41,0
53,339,41,1
53,340,35,1
53,341,35,1
53,342,44,0
53,343,44,1
53,344,44,1
53,345,44,0
53,346,44,1
53,347,44,1
53,348,44,1
53,349,61,0
53,350,44,0
53,351,61,1
53,352,44,1
53,353,61,0
53,354,44,0
53,355,61,0
53,356,44,0
53,357,61,1
53,358,44,1
53,359,61,1
53,360,44,1
53,361,61,1
53,362,44,1
53,363,61,1
53,364,44,1
53,365,61,1
53,366,44,1
53,367,24,0
53,368,24,1
53,369,24,1
53,370,24,1
53,371,20,1
53,372,36,0
53,373,36,1
53,374,36,1
53,375,36,1
53,376,36,0
53,377,36,0
53,378,36,0
53,379,22,0
53,380,23,0
53,381,23,1
53,382,22,1
53,383,23,1
53,384,22,1
53,385,23,1
53,386,22,1
53,387,23,1
53,388,20,1
53,389,18,1
53,390,24,0
53,391,24,1
53,392,24,1
53,393,24,0
53,394,24,1
53,395,24,0
53,396,24,1
53,397,24,1
53,398,22,1
53,399,22,1
53,400,22,1
53,401,22,1
53,402,22,0
53,403,22,1
53,404,22,1
53,405,22,1
53,406,22,0
53,407,22,1
53,408,37,1
53,409,34,1
53,410,34,1
53,411,34,0
53,412,34,1
53,413,34,1
53,414,34,1
53,415,34,1
53,416,34,1
53,417,34,0
53,418,34,0
53,419,34,0
53,420,80,0
53,421,80,0
53,422,90,0
53,423,74,1
53,424,60,0
53,425,24,1
53,426,22,1
53,427,22,1
53,428,22,1
53,429,22,1
53,430,34,1
53,431,35,0
53,432,35,0
53,433,35,0
53,434,21,0
53,435,21,1
53,436,21,1
53,437,21,1
53,438,59,0
53,439,59,1
53,440,59,1
53,441,59,0
53,442,59,1
53,443,65,0
53,444,65,1
53,445,65,1
53,446,65,0
53,447,65,1
53,448,65,1
53,449,65,1
53,450,65,0
53,451,65,0
53,452,65,1
53,453,80,0
53,454,80,1
53,455,80,1
53,456,80,0
53,457,36,0
53,458,80,0
53,459,36,0
53,460,59,1
53,461,41,0
53,462,41,0
53,463,55,0
53,464,55,0
53,465,55,0
53,466,80,0
53,467,80,0
53,468,36,0
53,469,80,0
53,470,55,1
53,471,55,0
53,472,80,0
53,473,36,0
53,474,80,0
53,475,90,0
53,476,80,0
53,477,21,1
53,478,21,1
53,479,20,1
53,480,69,0
53,481,19,0
53,482,19,0
53,483,37,1
53,484,30,1
53,485,37,1
53,486,37,1
53,487,30,0
53,488,30,1
53,489,30,0
53,490,30,1
53,491,30,1
53,492,30,1
53,493,30,1
53,494,30,1
53,495,30,1
53,496,33,1
53,497,33,0
53,498,33,1
53,499,33,0
53,500,33,1
53,501,33,1
53,502,33,1
53,503,62,1
53,504,44,1
53,505,33,0
53,506,62,0
53,507,44,0
53,508,33,0
53,509,62,0
53,510,44,0
53,511,33,1
53,512,62,1
53,513,44,1
53,514,33,0
53,515,62,0
53,516,44,0
53,517,27,0
53,518,27,1
53,519,40,1
53,520,40,1
53,521,27,1
53,522,40,0
53,523,40,0
53,524,50,0
53,525,50,0
53,526,69,0
53,527,40,1
53,528,40,1
53,529,44,1
53,530,44,0
53,531,44,1
53,532,44,1
53,533,44,1
53,534,44,1
53,535,44,1
53,536,35,1
53,537,73,0
53,538,73,1
53,539,73,1
53,540,73,1
53,541,14,1
53,542,14,0
53,543,14,0
53,544,14,0
53,545,14,1
53,546,14,1
53,547,4,1
53,548,8,1
53,549,4,1
53,550,8,1
53,551,5,0
53,552,8,0
53,553,35,1
53,554,32,1
53,555,5,1
53,556,32,1
53,557,5,1
53,558,12,0
53,559,35,0
53,560,12,1
53,561,35,1
53,562,12,0
53,563,13,0
53,564,41,0
53,565,12,0
53,566,35,0
53,567,12,1
53,568,35,1
53,569,12,1
53,570,35,1
53,571,5,1
53,572,4,1
53,573,5,1
53,574,4,0
53,575,5,0
53,576,4,0
53,577,5,0
53,578,4,1
53,579,7,1
53,580,4,1
53,581,7,1
53,582,4,1
53,583,9,1
53,584,4,1
53,585,9,1
53,586,6,0
53,587,8,0
53,588,4,1
53,589,5,1
53,590,4,0
53,591,5,0
53,592,11,0
54,0,6,0
54,1,7,0
54,2,6,0
54,3,9,0
54,4,6,0
54,5,8,0
54,6,6,0
54,7,9,0
54,8,11,0
54,9,3,0
54,10,3,0
54,11,18,0
54,12,30,0
54,13,30,0
54,14,18,0
54,15,18,1
54,16,52,1
54,17,22,1
54,18,20,0
54,19,20,0
54,20,21,0
54,21,21,1
54,22,21,0
54,23,21,0
54,24,42,0
54,25,21,0
54,26,21,1
54,27,20,1
54,28,20,1
54,29,20,0
54,30,20,1
54,31,20,0
54,32,20,0
54,33,20,0
54,34,20,1
54,35,20,1
54,36,19,0
54,37,19,0
54,38,19,0
54,39,4,0
54,40,8,0
54,41,4,1
54,42,8,1
54,43,4,0
54,44,8,0
54,45,4,1
54,46,8,1
54,47,4,0
54,48,8,0
54,49,23,1
54,50,22,0
54,51,23,0
54,52,22,0
54,53,23,0
54,54,25,0
54,55,23,0
54,56,25,1
54,57,23,1
54,58,25,1
54,59,23,1
54,60,20,1
54,61,18,1
54,62,24,0
54,63,24,1
54,64,24,1
54,65,24,1
54,66,24,1
54,67,22,1
54,68,22,1
54,69,22,1
54,70,22,1
54,71,22,1
54,72,37,0
54,73,37,1
54,74,37,0
54,75,37,1
54,76,37,1
54,77,37,1
54,78,34,0
54,79,34,1
54,80,34,1
54,81,34,1
54,82,34,1
54,83,34,0
54,84,34,0
55,0,10,0
55,1,35,0
55,2,10,0
55,3,35,0
55,4,10,0
55,5,35,0
55,6,10,0
55,7,35,0
55,8,18,0
55,9,18,0
55,10,18,1
55,11,18,1
55,12,18,1
55,13,24,1
55,14,21,1
55,15,24,1
55,16,19,0
55,17,19,1
55,18,19,0
55,19,18,1
55,20,21,0
55,21,21,0
55,22,21,0
55,23,21,1
55,24,21,1
55,25,21,1
55,26,38,0
55,27,20,1
55,28,20,1
55,29,22,1
55,30,22,1
55,31,22,0
55,32,22,0
55,33,22,1
55,34,22,1
55,35,22,1
55,36,22,1
55,37,22,1
55,38,20,1
55,39,52,1
55,40,21,1
55,41,21,1
55,42,22,0
55,43,23,0
55,44,25,1
55,45,23,1
55,46,25,0
55,47,23,0
55,48,22,1
55,49,23,1
55,50,25,0
55,51,23,0
55,52,25,1
55,53,23,1
55,54,22,0
55,55,23,0
55,56,20,1
55,57,18,1
55,58,21,1
55,59,20,0
55,60,20,0
55,61,38,0
55,62,24,0
55,63,24,0
55,64,63,1
55,65,6,1
55,66,9,1
55,67,57,0
55,68,12,0
55,69,35,0
55,70,42,0
55,71,14,0
55,72,69,0
55,73,69,0
55,74,28,0
56,0,25,0
56,1,23,0
56,2,23,1
56,3,23,1
56,4,22,1
56,5,23,1
56,6,22,1
56,7,23,1
56,8,22,1
56,9,23,1
56,10,20,1
56,11,21,1
56,12,21,1
56,13,18,1
56,14,20,1
56,15,40,0
56,16,40,0
56,17,40,0
56,18,40,1
56,19,40,1
56,20,40,1
56,21,40,1
56,22,27,1
56,23,40,1
56,24,23,0
56,25,23,1
56,26,40,1
56,27,40,1
56,28,40,1
56,29,24,1
56,30,24,1
56,31,19,1
56,32,19,1
56,33,24,1
56,34,46,1
56,35,34,1
56,36,34,1
56,37,41,1
56,38,78,1
56,39,34,1
56,40,26,1
56,41,26,1
56,42,26,1
56,43,37,0
56,44,30,0
56,45,37,1
56,46,30,1
56,47,37,1
56,48,30,1
56,49,37,0
56,50,30,0
56,51,37,1
56,52,30,1
56,53,37,1
56,54,30,1
56,55,37,1
56,56,30,1
56,57,30,1
56,58,30,1
56,59,30,1
56,60,30,1
56,61,30,1
56,62,70,1
56,63,70,1
56,64,70,1
56,65,70,0
56,66,70,0
56,67,70,1
56,68,70,1
56,69,70,1
56,70,70,1
56,71,26,1
56,72,26,1
56,73,26,1
56,74,26,1
56,75,26,1
56,76,41,0
56,77,41,0
56,78,37,1
56,79,30,1
56,80,37,1
56,81,30,1
56,82,41,1
56,83,41,1
56,84,41,1
56,85,41,1
56,86,41,1
56,87,46,1
56,88,46,0
56,89,66,0
56,90,66,0
56,91,66,1
56,92,66,1
56,93,66,1
56,94,66,1
56,95,58,1
56,96,58,1
56,97,58,1
56,98,58,1
56,99,58,1
56,100,58,1
56,101,44,1
56,102,44,1
56,103,44,0
56,104,44,1
56,105,44,1
56,106,44,1
56,107,44,1
56,108,59,1
56,109,59,1
56,110,59,1
56,111,59,1
56,112,38,1
56,113,38,1
56,114,38,1
56,115,38,1
56,116,44,1
56,117,44,1
56,118,44,0
56,119,44,1
56,120,44,1
56,121,44,1
56,122,44,1
56,123,59,1
56,124,59,0
56,125,59,0
56,126,59,1
56,127,59,1
56,128,59,1
56,129,59,1
56,130,26,1
56,131,26,1
56,132,26,1
56,133,26,1
56,134,77,1
56,135,79,1
56,136,77,1
56,137,79,1
56,138,77,1
56,139,79,1
56,140,77,1
56,141,79,1
56,142,77,1
56,143,79,1
56,144,77,1
56,145,79,1
56,146,77,1
56,147,79,1
56,148,77,1
56,149,79,1
56,150,77,1
56,151,79,1
56,152,77,1
56,153,79,1
56,154,77,1
56,155,79,1
56,156,77,1
56,157,79,1
57,0,18,1
57,1,21,1
57,2,20,1
57,3,20,1
57,4,21,1
57,5,23,1
57,6,25,1
57,7,23,1
57,8,23,1
57,9,22,1
57,10,23,1
57,11,25,1
57,12,23,1
57,13,40,0
57,14,40,1
57,15,40,1
57,16,40,0
57,17,40,1
57,18,40,0
57,19,40,1
57,20,40,1
57,21,40,1
57,22,40,0
57,23,40,1
57,24,40,1
57,25,40,1
57,26,40,1
57,27,40,1
57,28,40,1
57,29,40,1
57,30,40,0
57,31,40,1
57,32,40,1
57,33,40,0
57,34,40,1
57,35,40,1
57,36,40,1
57,37,40,1
57,38,40,1
57,39,40,1
57,40,23,0
57,41,40,1
57,42,40,1
57,43,23,1
57,44,24,1
57,45,60,0
57,46,60,0
57,47,19,1
57,48,24,1
57,49,19,1
57,50,24,1
57,51,19,0
57,52,24,0
57,53,19,1
57,54,24,1
57,55,19,0
57,56,60,0
57,57,60,1
57,58,24,0
57,59,46,0
57,60,46,0
57,61,46,1
57,62,46,0
57,63,46,0
57,64,46,0
57,65,13,1
57,66,61,1
57,67,14,1
57,68,78,0
57,69,34,1
57,70,34,1
57,71,78,0
57,72,34,1
57,73,34,1
57,74,47,0
57,75,34,1
57,76,26,1
57,77,26,0
57,78,26,0
57,79,26,0
57,80,26,1
57,81,26,1
57,82,26,0
57,83,26,1
57,84,26,1
57,85,26,0
57,86,26,1
57,87,26,1
57,88,26,1
57,89,26,0
57,90,26,1
57,91,26,1
57,92,30,1
57,93,26,0
57,94,26,1
57,95,26,1
57,96,26,0
57,97,26,1
57,98,26,1
57,99,26,1
57,100,26,0
57,101,26,1
57,102,26,1
57,103,26,1
57,104,26,1
57,105,26,1
57,106,70,0
57,107,70,1
57,108,70,0
57,109,70,1
57,110,70,1
57,111,70,0
57,112,70,1
57,113,70,0
57,114,70,1
57,115,70,0
57,116,70,1
57,117,70,1
57,118,70,1
57,119,70,1
57,120,70,1
57,121,70,0
57,122,70,1
57,123,70,1
57,124,26,0
57,125,26,1
57,126,26,1
57,127,26,1
57,128,26,1
57,129,26,1
57,130,26,1
57,131,26,1
57,132,26,0
57,133,26,1
57,134,26,1
57,135,26,1
57,136,26,1
57,137,26,1
57,138,26,1
57,139,26,1
57,140,26,1
57,141,30,1
57,142,30,1
57,143,30,1
57,144,30,1
57,145,37,1
57,146,30,1
57,147,37,1
57,148,30,1
57,149,37,0
57,150,30,0
57,151,37,0
57,152,30,0
57,153,37,1
57,154,30,1
57,155,37,1
57,156,30,1
57,157,37,1
57,158,30,1
57,159,37,1
57,160,30,1
57,161,37,1
57,162,30,1
57,163,41,0
57,164,41,0
57,165,41,0
57,166,41,0
57,167,41,0
57,168,41,0
57,169,66,0
57,170,66,0
57,171,66,1
57,172,66,1
57,173,66,0
57,174,66,0
57,175,66,1
57,176,66,0
57,177,66,1
57,178,66,0
57,179,66,0
57,180,66,1
57,181,66,1
57,182,66,0
57,183,66,1
57,184,66,1
57,185,66,0
57,186,66,1
57,187,66,1
57,188,66,1
57,189,58,1
57,190,58,0
57,191,58,1
57,192,58,1
57,193,58,1
57,194,58,1
57,195,58,1
57,196,58,1
57,197,44,1
57,198,44,1
57,199,44,1
57,200,44,1
57,201,59,1
57,202,59,1
57,203,59,1
57,204,59,1
57,205,38,0
57,206,38,1
57,207,38,1
57,208,38,1
57,209,38,1
57,210,44,1
57,211,44,1
57,212,44,1
57,213,44,1
57,214,59,0
57,215,59,1
57,216,59,1
57,217,59,0
57,218,59,1
57,219,59,1
57,220,59,1
57,221,59,0
57,222,59,1
57,223,59,1
57,224,59,1
57,225,59,1
57,226,26,1
57,227,26,1
57,228,26,1
57,229,26,1
57,230,77,0
57,231,79,0
57,232,77,1
57,233,79,1
57,234,77,0
57,235,79,0
57,236,77,1
57,237,79,1
57,238,77,1
57,239,79,1
57,240,77,1
57,241,79,1
57,242,77,1
57,243,79,1
57,244,77,1
57,245,79,1
57,246,77,1
57,247,79,1
57,248,77,1
57,249,79,1
57,250,77,1
57,251,79,1
57,252,77,0
57,253,79,0
57,254,77,0
57,255,79,0
58,0,22,0
58,1,23,0
58,2,25,0
58,3,23,0
58,4,25,1
58,5,23,1
58,6,23,1
58,7,23,1
58,8,23,1
58,9,23,1
58,10,20,1
58,11,18,1
58,12,20,1
58,13,21,1
58,14,21,1
58,15,40,1
58,16,40,0
58,17,40,1
58,18,40,1
58,19,40,1
58,20,40,0
58,21,40,1
58,22,40,1
58,23,40,0
58,24,40,1
58,25,40,1
58,26,23,1
58,27,23,1
58,28,40,1
58,29,40,1
58,30,40,1
58,31,40,0
58,32,40,1
58,33,40,1
58,34,40,1
58,35,40,1
58,36,40,1
58,37,40,1
58,38,40,1
58,39,40,1
58,40,24,0
58,41,60,0
58,42,60,1
58,43,24,1
58,44,19,1
58,45,19,1
58,46,24,1
58,47,46,1
58,48,34,0
58,49,34,0
58,50,34,0
58,51,34,1
58,52,34,1
58,53,78,0
58,54,26,1
58,55,26,1
58,56,26,1
58,57,41,0
58,58,41,0
58,59,59,1
58,60,59,1
58,61,59,1
58,62,59,1
58,63,38,1
58,64,38,1
58,65,38,0
58,66,38,1
58,67,38,1
58,68,38,1
58,69,38,1
58,70,59,0
58,71,59,1
58,72,59,0
58,73,59,1
58,74,59,1
58,75,59,0
58,76,59,0
58,77,59,1
58,78,59,1
58,79,59,1
58,80,44,1
58,81,44,1
58,82,44,1
58,83,44,1
58,84,44,0
58,85,44,1
58,86,44,1
58,87,44,0
58,88,44,1
58,89,44,1
58,90,44,0
58,91,44,1
58,92,44,1
58,93,44,1
58,94,44,1
58,95,59,1
58,96,58,0
58,97,58,1
58,98,58,1
58,99,58,1
58,100,77,1
58,101,79,1
58,102,77,0
58,103,79,0
58,104,77,1
58,105,79,1
58,106,77,1
58,107,79,1
58,108,77,1
58,109,79,1
59,0,23,1
59,1,22,1
59,2,23,1
59,3,25,1
59,4,23,1
59,5,25,1
59,6,23,1
59,7,22,1
59,8,23,1
59,9,21,1
59,10,21,1
59,11,21,1
59,12,18,1
59,13,40,1
59,14,40,1
59,15,40,1
59,16,40,1
59,17,40,1
59,18,27,1
59,19,40,1
59,20,23,0
59,21,19,0
59,22,60,1
59,23,19,1
59,24,24,1
59,25,19,1
59,26,46,0
59,27,46,1
59,28,26,0
59,29,26,0
59,30,26,1
59,31,26,0
59,32,26,1
59,33,26,1
59,34,26,1
59,35,37,1
59,36,30,1
59,37,37,1
59,38,30,1
59,39,37,1
59,40,30,1
59,41,30,0
59,42,30,1
59,43,30,1
59,44,30,1
59,45,70,0
59,46,70,1
59,47,70,0
59,48,70,1
59,49,70,1
59,50,70,1
59,51,70,0
59,52,70,1
59,53,70,1
59,54,70,1
59,55,70,0
59,56,70,1
59,57,70,1
59,58,70,1
59,59,66,0
59,60,66,0
59,61,44,1
59,62,44,1
59,63,44,1
59,64,44,1
59,65,59,1
59,66,59,1
59,67,59,1
59,68,59,1
59,69,38,1
59,70,38,1
59,71,38,1
59,72,38,1
59,73,44,1
59,74,44,1
59,75,44,1
59,76,44,1
59,77,59,1
59,78,59,1
59,79,59,1
59,80,59,1
60,0,25,1
60,1,23,1
60,2,22,1
60,3,23,1
60,4,23,1
60,5,22,1
60,6,23,1
60,7,23,1
60,8,21,1
60,9,18,1
60,10,21,1
60,11,21,1
60,12,20,1
60,13,40,0
60,14,40,0
60,15,40,1
60,16,40,0
60,17,40,1
60,18,40,1
60,19,40,1
60,20,40,1
60,21,40,1
60,22,40,1
60,23,27,1
60,24,27,1
60,25,40,1
60,26,40,1
60,27,24,1
60,28,19,1
60,29,19,0
60,30,46,1
60,31,46,0
60,32,46,1
60,33,46,1
60,34,13,0
60,35,61,0
60,36,14,0
60,37,13,0
60,38,67,0
60,39,34,1
60,40,34,1
60,41,34,1
60,42,34,1
60,43,26,0
60,44,26,1
60,45,26,1
60,46,26,0
60,47,26,0
60,48,26,1
60,49,26,1
60,50,26,0
60,51,26,0
60,52,26,1
60,53,26,1
60,54,26,1
60,55,37,1
60,56,30,1
60,57,37,1
60,58,30,1
60,59,37,1
60,60,30,1
60,61,37,1
60,62,30,1
60,63,37,1
60,64,30,1
60,65,30,1
60,66,30,1
60,67,30,1
60,68,30,1
60,69,30,1
60,70,70,1
60,71,70,1
60,72,70,0
60,73,70,1
60,74,70,1
60,75,70,1
60,76,70,1
60,77,70,1
60,78,70,1
60,79,70,1
60,80,26,0
60,81,26,0
60,82,26,1
60,83,26,1
60,84,26,1
60,85,26,1
60,86,26,0
60,87,26,1
60,88,26,1
60,89,26,1
60,90,26,1
60,91,26,1
60,92,26,1
60,93,26,1
60,94,26,1
60,95,41,0
60,96,41,0
60,97,41,0
60,98,41,0
60,99,41,1
60,100,41,1
60,101,41,1
60,102,41,1
60,103,41,1
60,104,66,0
60,105,66,0
60,106,66,1
60,107,66,1
60,108,66,1
60,109,66,1
60,110,66,1
60,111,58,1
60,112,58,1
60,113,58,1
60,114,58,1
60,115,58,1
60,116,58,1
61,0,18,0
61,1,21,1
61,2,20,1
61,3,21,1
61,4,21,1
61,5,21,1
61,6,25,1
61,7,23,1
61,8,22,1
61,9,23,1
61,10,23,1
61,11,22,1
61,12,23,1
61,13,40,1
61,14,27,1
61,15,23,1
61,16,40,1
61,17,23,1
61,18,40,1
61,19,40,1
61,20,40,1
61,21,40,1
61,22,24,1
61,23,24,1
61,24,60,1
61,25,60,0
61,26,24,1
61,27,19,1
61,28,46,0
61,29,46,1
61,30,26,1
61,31,26,0
61,32,26,0
61,33,26,0
61,34,26,1
61,35,26,1
61,36,26,1
61,37,37,1
61,38,30,1
61,39,37,1
61,40,30,1
61,41,37,1
61,42,30,1
61,43,30,0
61,44,30,1
61,45,30,1
61,46,30,1
61,47,70,1
61,48,70,1
61,49,70,1
61,50,70,1
61,51,70,1
61,52,70,1
61,53,26,1
61,54,26,1
61,55,26,0
61,56,26,1
61,57,26,1
61,58,26,1
61,59,26,1
61,60,26,1
61,61,26,1
61,62,26,1
61,63,26,1
61,64,41,0
61,65,44,1
61,66,44,1
61,67,44,0
61,68,44,1
61,69,44,1
61,70,44,1
61,71,44,1
61,72,59,1
61,73,59,1
61,74,59,1
61,75,59,1
61,76,38,0
61,77,38,1
61,78,38,1
61,79,38,1
61,80,38,1
61,81,44,1
61,82,44,1
61,83,44,1
61,84,44,1
61,85,59,0
61,86,59,1
61,87,59,0
61,88,59,1
61,89,59,1
61,90,59,1
61,91,59,1
62,0,27,1
62,1,42,0
62,2,43,0
62,3,42,1
62,4,43,1
62,5,42,1
62,6,43,1
62,7,70,1
62,8,70,1
62,9,70,0
62,10,87,1
62,11,86,0
62,12,86,1
62,13,39,1
62,14,40,1
62,15,59,0
62,16,59,0
62,17,59,1
62,18,59,1
62,19,59,1
63,0,42,0
63,1,43,0
63,2,42,0
63,3,43,0
63,4,42,1
63,5,43,1
63,6,42,0
63,7,43,0
63,8,42,1
63,9,43,1
63,10,42,0
63,11,43,0
63,12,42,1
63,13,43,1
63,14,42,1
63,15,43,1
63,16,42,1
63,17,43,1
63,18,27,1
63,19,40,1
63,20,24,1
63,21,27,1
63,22,34,0
63,23,34,1
63,24,34,1
63,25,34,1
63,26,20,1
63,27,27,1
63,28,30,1
63,29,30,1
63,30,30,1
63,31,30,1
63,32,30,1
63,33,74,1
63,34,74,0
63,35,74,1
63,36,26,1
63,37,26,0
63,38,26,1
63,39,26,1
63,40,26,1
63,41,26,1
63,42,26,1
63,43,26,1
63,44,26,1
63,45,26,1
63,46,26,1
63,47,26,1
63,48,26,1
63,49,26,1
63,50,26,1
63,51,26,1
63,52,26,1
63,53,26,1
63,54,26,1
63,55,26,0
63,56,26,1
63,57,26,1
63,58,26,1
63,59,26,1
63,60,26,1
63,61,58,1
63,62,58,1
63,63,58,0
63,64,58,1
63,65,58,1
63,66,58,1
63,67,58,1
63,68,58,1
63,69,58,1
63,70,58,0
63,71,58,1
63,72,58,1
63,73,58,1
63,74,58,1
63,75,58,1
63,76,26,0
63,77,26,1
63,78,26,0
63,79,26,0
63,80,26,1
63,81,26,0
63,82,26,1
63,83,26,1
63,84,26,0
63,85,26,0
63,86,26,1
63,87,26,0
63,88,26,1
63,89,26,0
63,90,26,0
63,91,26,0
63,92,26,1
63,93,26,0
63,94,26,1
63,95,26,1
63,96,26,1
63,97,26,0
63,98,26,0
63,99,26,0
63,100,26,0
63,101,26,1
63,102,26,0
63,103,26,0
63,104,26,1
63,105,26,0
63,106,26,1
63,107,26,0
63,108,26,0
63,109,26,1
63,110,26,1
63,111,26,1
63,112,26,1
63,113,26,0
63,114,26,1
63,115,6,0
63,116,8,0
63,117,25,1
63,118,23,1
63,119,22,1
63,120,23,1
63,121,25,1
63,122,23,1
63,123,25,1
63,124,23,1
63,125,22,1
63,126,23,1
63,127,25,1
63,128,23,1
63,129,25,1
63,130,23,1
63,131,25,0
63,132,23,0
63,133,25,1
63,134,23,1
63,135,22,1
63,136,23,1
63,137,22,1
63,138,23,1
63,139,25,1
63,140,23,1
63,141,22,1
63,142,23,1
63,143,22,1
63,144,23,1
63,145,22,1
63,146,23,1
63,147,22,1
63,148,23,1
63,149,22,1
63,150,23,1
63,151,22,1
63,152,23,1
63,153,25,1
63,154,23,1
63,155,25,1
63,156,23,1
63,157,25,1
63,158,23,1
63,159,22,1
63,160,23,1
63,161,22,1
63,162,23,1
63,163,6,0
63,164,8,0
63,165,6,1
63,166,7,1
63,167,6,1
63,168,7,1
63,169,6,0
63,170,8,0
63,171,34,1
63,172,34,1
63,173,34,1
63,174,34,1
63,175,34,1
63,176,34,1
63,177,34,1
63,178,34,1
63,179,34,1
63,180,34,1
63,181,34,1
63,182,34,0
63,183,34,1
63,184,34,1
63,185,34,1
63,186,34,1
63,187,34,1
63,188,34,1
63,189,34,1
63,190,34,1
63,191,34,1
63,192,34,1
63,193,34,1
63,194,34,1
63,195,34,1
63,196,34,1
63,197,34,1
63,198,34,1
63,199,34,1
63,200,34,1
63,201,34,1
63,202,34,1
63,203,34,1
63,204,34,1
63,205,34,1
63,206,34,1
63,207,34,1
63,208,34,1
63,209,34,1
63,210,34,1
63,211,34,1
63,212,34,1
63,213,4,0
63,214,15,0
63,215,4,1
63,216,15,1
63,217,4,1
63,218,15,1
63,219,4,1
63,220,16,1
63,221,4,1
63,222,15,1
63,223,4,1
63,224,16,1
63,225,4,0
63,226,16,0
63,227,4,1
63,228,16,1
63,229,4,1
63,230,15,1
63,231,4,1
63,232,15,1
63,233,4,0
63,234,16,0
63,235,4,0
63,236,16,0
63,237,4,1
63,238,16,1
63,239,4,1
63,240,15,1
63,241,4,1
63,242,15,1
63,243,4,1
63,244,16,1
63,245,4,1
63,246,15,1
63,247,14,1
63,248,14,1
63,249,14,1
63,250,14,0
63,251,14,0
63,252,14,1
63,253,14,1
63,254,14,0
63,255,14,0
63,256,14,1
63,257,14,0
63,258,14,0
63,259,14,1
63,260,14,0
63,261,14,0
63,262,14,1
63,263,14,1
63,264,14,1
63,265,14,1
63,266,14,1
63,267,14,1
63,268,14,1
63,269,14,1
63,270,14,1
63,271,14,1
63,272,71,0
63,273,49,1
63,274,71,1
63,275,49,1
63,276,52,1
63,277,49,1
63,278,71,1
63,279,49,1
63,280,49,1
63,281,35,0
63,282,35,1
63,283,35,1
63,284,35,1
63,285,35,1
63,286,35,0
63,287,35,1
63,288,35,1
63,289,35,0
63,290,35,1
63,291,35,1
63,292,35,1
63,293,35,1
63,294,35,1
63,295,35,1
63,296,35,1
63,297,35,0
63,298,35,1
63,299,35,1
63,300,35,1
63,301,92,0
63,302,37,1
63,303,37,1
63,304,37,1
63,305,37,0
63,306,37,1
63,307,37,1
63,308,37,1
63,309,37,1
63,310,37,1
63,311,37,1
63,312,37,1
63,313,37,1
63,314,37,1
63,315,30,1
63,316,37,0
63,317,30,0
63,318,35,0
63,319,37,1
63,320,37,1
63,321,37,1
63,322,37,1
63,323,37,1
63,324,37,1
63,325,37,1
63,326,37,1
63,327,37,1
63,328,37,1
63,329,37,1
63,330,37,1
63,331,37,1
63,332,37,1
63,333,37,1
63,334,26,1
63,335,26,0
63,336,26,0
63,337,35,0
63,338,35,1
63,339,35,1
63,340,35,1
63,341,35,1
63,342,35,1
63,343,35,1
63,344,35,1
63,345,35,1
64,0,42,1
64,1,43,1
64,2,40,1
64,3,24,1
64,4,27,0
64,5,27,0
64,6,27,0
64,7,27,1
64,8,27,1
64,9,27,1
64,10,34,0
64,11,34,0
64,12,34,1
64,13,34,1
64,14,34,0
64,15,34,1
64,16,34,0
64,17,30,0
64,18,30,1
64,19,30,0
64,20,30,0
64,21,30,0
64,22,30,1
64,23,30,1
64,24,30,1
64,25,30,1
64,26,30,1
64,27,20,1
64,28,27,1
64,29,26,0
64,30,26,1
64,31,26,1
64,32,26,1
64,33,26,1
64,34,26,0
64,35,26,1
64,36,26,0
64,37,26,0
64,38,26,1
64,39,26,1
64,40,26,1
64,41,26,1
64,42,26,1
64,43,26,1
64,44,26,1
64,45,26,1
64,46,26,1
64,47,26,1
64,48,26,0
64,49,26,1
64,50,26,1
64,51,26,1
64,52,26,1
64,53,26,1
64,54,58,1
64,55,58,1
64,56,58,0
64,57,58,1
64,58,58,1
64,59,58,1
64,60,58,1
64,61,58,0
64,62,58,1
64,63,58,1
64,64,58,1
64,65,58,1
64,66,58,1
64,67,58,1
64,68,58,1
64,69,26,0
64,70,26,0
64,71,26,1
64,72,26,0
64,73,26,0
64,74,26,1
64,75,26,1
64,76,26,0
64,77,26,0
64,78,26,0
64,79,26,0
64,80,26,1
64,81,26,0
64,82,26,1
64,83,26,1
64,84,26,1
64,85,26,1
64,86,26,1
64,87,26,1
64,88,26,0
64,89,26,1
64,90,26,1
64,91,26,1
64,92,26,1
64,93,26,1
64,94,26,1
64,95,26,1
64,96,26,1
64,97,26,0
64,98,26,1
64,99,26,1
64,100,26,1
64,101,26,1
64,102,26,1
64,103,26,1
64,104,26,1
64,105,26,1
64,106,26,1
64,107,26,1
64,108,26,0
64,109,26,0
64,110,26,1
64,111,26,1
64,112,6,1
64,113,9,1
64,114,6,0
64,115,9,0
64,116,6,1
64,117,9,1
64,118,6,1
64,119,9,1
64,120,6,0
64,121,7,0
64,122,6,0
64,123,8,0
64,124,25,1
64,125,23,1
64,126,25,1
64,127,23,1
64,128,25,1
64,129,23,1
64,130,22,1
64,131,23,1
64,132,25,1
64,133,23,1
64,134,25,0
64,135,23,0
64,136,22,1
64,137,23,1
64,138,22,1
64,139,23,1
64,140,22,1
64,141,23,1
64,142,22,1
64,143,23,1
64,144,22,1
64,145,23,1
64,146,25,1
64,147,23,1
64,148,22,1
64,149,23,1
64,150,25,1
64,151,23,1
64,152,25,1
64,153,23,1
64,154,22,1
64,155,23,1
64,156,25,1
64,157,23,1
64,158,22,1
64,159,23,1
64,160,22,1
64,161,23,1
64,162,25,1
64,163,23,1
64,164,25,1
64,165,23,1
64,166,6,0
64,167,8,0
64,168,27,1
64,169,27,0
64,170,27,0
64,171,27,0
64,172,27,1
64,173,27,1
64,174,27,0
64,175,27,0
64,176,27,1
64,177,27,1
64,178,27,0
64,179,27,1
64,180,27,1
64,181,34,1
64,182,34,1
64,183,34,0
64,184,34,0
64,185,34,1
64,186,34,1
64,187,26,0
64,188,26,1
64,189,26,1
64,190,26,1
64,191,26,1
64,192,26,1
64,193,26,1
64,194,26,1
64,195,26,1
64,196,26,1
64,197,26,1
64,198,26,1
64,199,26,1
64,200,26,1
64,201,26,1
64,202,26,1
64,203,6,0
64,204,8,0
64,205,34,1
64,206,34,1
64,207,34,1
64,208,34,0
64,209,34,1
64,210,34,1
64,211,34,1
64,212,34,1
64,213,34,1
64,214,34,1
64,215,34,1
64,216,34,1
64,217,34,1
64,218,34,1
64,219,34,1
64,220,34,1
64,221,34,1
64,222,34,1
64,223,34,1
64,224,34,1
64,225,34,1
64,226,34,0
64,227,34,1
64,228,34,1
64,229,34,1
64,230,34,1
64,231,34,1
64,232,34,1
64,233,34,0
64,234,34,1
64,235,34,1
64,236,34,1
64,237,34,1
64,238,34,1
64,239,34,1
64,240,34,1
64,241,34,1
64,242,34,1
64,243,34,1
64,244,34,1
64,245,34,1
64,246,34,1
64,247,34,1
64,248,34,1
64,249,4,1
64,250,16,1
64,251,4,0
64,252,15,0
64,253,4,1
64,254,16,1
64,255,4,1
64,256,15,1
64,257,4,1
64,258,16,1
64,259,4,0
64,260,16,0
64,261,4,1
64,262,15,1
64,263,4,1
64,264,16,1
64,265,4,1
64,266,15,1
64,267,4,1
64,268,15,1
64,269,4,1
64,270,16,1
64,271,4,1
64,272,15,1
64,273,4,1
64,274,15,1
64,275,4,1
64,276,15,1
64,277,14,1
64,278,14,1
64,279,14,1
64,280,14,1
64,281,14,1
64,282,14,1
64,283,14,1
64,284,14,0
64,285,14,1
64,286,14,1
64,287,14,1
64,288,14,0
64,289,14,1
64,290,14,1
64,291,14,1
64,292,14,1
64,293,14,1
64,294,14,0
64,295,14,1
64,296,14,1
64,297,14,1
64,298,14,1
64,299,14,1
64,300,14,1
64,301,14,1
64,302,14,1
64,303,14,1
64,304,14,1
64,305,52,1
64,306,49,0
64,307,49,0
64,308,49,1
64,309,71,1
64,310,49,1
64,311,49,1
64,312,71,1
64,313,49,1
64,314,49,1
64,315,49,1
64,316,35,0
64,317,35,1
64,318,35,0
64,319,35,1
64,320,35,0
64,321,35,1
64,322,35,0
64,323,35,1
64,324,35,1
64,325,35,1
64,326,35,1
64,327,35,1
64,328,35,1
64,329,35,1
64,330,35,1
64,331,94,0
64,332,37,1
64,333,37,1
64,334,37,1
64,335,37,1
64,336,37,1
64,337,37,1
64,338,37,1
64,339,37,1
64,340,37,0
64,341,30,0
65,0,42,1
65,1,43,1
65,2,27,1
65,3,40,1
65,4,40,0
65,5,40,1
65,6,40,1
65,7,40,1
65,8,44,0
65,9,26,0
65,10,26,1
65,11,26,0
65,12,26,1
65,13,26,1
65,14,26,1
65,15,26,1
65,16,26,1
65,17,26,1
65,18,26,1
65,19,26,0
65,20,26,1
65,21,26,1
65,22,26,1
65,23,26,1
65,24,26,1
65,25,26,0
65,26,26,1
65,27,26,1
65,28,26,1
65,29,26,1
65,30,26,1
65,31,26,1
65,32,26,1
65,33,26,1
65,34,26,1
65,35,26,1
65,36,58,1
65,37,58,1
65,38,58,1
65,39,58,1
65,40,58,1
65,41,58,1
65,42,58,1
65,43,58,1
65,44,26,1
65,45,26,0
65,46,26,1
65,47,26,1
65,48,26,0
65,49,26,1
65,50,26,0
65,51,26,1
65,52,26,1
65,53,26,1
65,54,26,1
65,55,26,1
65,56,26,1
65,57,26,1
65,58,26,1
65,59,26,1
65,60,26,1
65,61,26,1
65,62,26,1
65,63,26,1
65,64,26,1
65,65,26,1
65,66,6,1
65,67,8,1
65,68,6,1
65,69,7,1
65,70,6,1
65,71,9,1
65,72,6,1
65,73,9,1
65,74,6,1
65,75,7,1
65,76,6,1
65,77,9,1
65,78,6,1
65,79,8,1
65,80,6,1
65,81,7,1
65,82,6,1
65,83,7,1
65,84,6,1
65,85,9,1
65,86,6,1
65,87,9,1
65,88,6,1
65,89,8,1
65,90,6,1
65,91,9,1
65,92,6,1
65,93,8,1
65,94,6,1
65,95,9,1
65,96,34,0
65,97,34,0
65,98,22,1
65,99,23,1
65,100,25,1
65,101,23,1
65,102,25,1
65,103,23,1
65,104,25,1
65,105,23,1
65,106,25,1
65,107,23,1
65,108,25,0
65,109,23,0
65,110,25,1
65,111,23,1
65,112,22,1
65,113,23,1
65,114,22,1
65,115,23,1
65,116,25,1
65,117,23,1
65,118,25,1
65,119,23,1
65,120,22,1
65,121,23,1
65,122,22,1
65,123,23,1
65,124,22,1
65,125,23,1
65,126,25,1
65,127,23,1
65,128,22,1
65,129,23,1
65,130,22,1
65,131,23,1
65,132,25,0
65,133,23,0
65,134,22,1
65,135,23,1
65,136,25,1
65,137,23,1
65,138,25,1
65,139,23,1
65,140,22,1
65,141,23,1
65,142,25,1
65,143,23,1
65,144,22,1
65,145,23,1
65,146,22,1
65,147,23,1
65,148,22,1
65,149,23,1
65,150,22,1
65,151,23,1
65,152,22,1
65,153,23,1
65,154,22,1
65,155,23,1
65,156,22,1
65,157,23,1
65,158,34,1
65,159,34,1
65,160,34,1
65,161,34,1
65,162,34,1
65,163,34,1
65,164,34,1
65,165,34,1
65,166,34,1
65,167,34,1
65,168,34,0
65,169,34,1
65,170,34,1
65,171,34,0
65,172,34,1
65,173,34,1
65,174,34,1
65,175,34,1
65,176,34,1
65,177,34,1
65,178,34,1
65,179,34,1
65,180,34,1
65,181,34,1
65,182,34,1
65,183,34,1
65,184,34,1
65,185,34,0
65,186,34,1
65,187,34,1
65,188,34,1
65,189,34,1
65,190,34,1
65,191,34,1
65,192,34,1
65,193,34,1
65,194,34,0
65,195,34,1
65,196,34,1
65,197,34,1
65,198,34,1
65,199,34,0
65,200,34,1
65,201,34,0
65,202,34,1
65,203,34,1
65,204,34,1
65,205,34,1
65,206,34,1
65,207,34,1
65,208,34,1
65,209,34,1
65,210,34,1
65,211,34,1
65,212,34,1
65,213,34,1
65,214,34,0
65,215,34,0
65,216,34,1
65,217,34,1
65,218,4,1
65,219,16,1
65,220,4,1
65,221,16,1
65,222,4,1
65,223,16,1
65,224,4,1
65,225,15,1
65,226,4,0
65,227,16,0
65,228,4,1
65,229,15,1
65,230,4,1
65,231,16,1
65,232,4,0
65,233,15,0
65,234,4,1
65,235,16,1
65,236,4,1
65,237,15,1
65,238,4,0
65,239,15,0
65,240,4,1
65,241,15,1
65,242,4,1
65,243,15,1
65,244,4,1
65,245,16,1
65,246,4,1
65,247,16,1
65,248,4,1
65,249,15,1
65,250,4,1
65,251,15,1
65,252,14,1
65,253,14,0
65,254,14,1
65,255,14,1
65,256,14,1
65,257,14,0
65,258,14,0
65,259,14,1
65,260,14,0
65,261,14,1
65,262,14,0
65,263,14,1
65,264,49,1
65,265,71,1
65,266,49,1
65,267,49,1
65,268,52,0
65,269,49,1
65,270,49,1
65,271,49,1
65,272,49,1
65,273,49,1
65,274,71,1
65,275,49,1
65,276,71,1
65,277,35,0
65,278,35,1
65,279,35,1
65,280,35,1
65,281,35,1
65,282,35,1
65,283,35,1
65,284,35,1
65,285,35,0
65,286,92,0
65,287,93,1
65,288,92,0
66,0,42,1
66,1,43,1
66,2,27,1
66,3,40,0
66,4,40,0
66,5,40,0
66,6,40,0
66,7,40,0
66,8,24,0
66,9,24,0
66,10,24,1
66,11,24,1
66,12,26,0
66,13,26,1
66,14,26,1
66,15,26,1
66,16,26,1
66,17,26,0
66,18,26,1
66,19,26,1
66,20,26,1
66,21,26,1
66,22,26,1
66,23,26,1
66,24,26,1
66,25,26,1
66,26,26,0
66,27,26,1
66,28,26,1
66,29,26,1
66,30,26,1
66,31,26,1
66,32,26,0
66,33,26,0
66,34,26,0
66,35,26,1
66,36,26,1
66,37,26,1
66,38,26,1
66,39,26,1
66,40,58,1
66,41,58,0
66,42,58,1
66,43,58,1
66,44,58,1
66,45,58,1
66,46,58,1
66,47,58,1
66,48,58,1
66,49,58,1
66,50,34,1
66,51,20,1
66,52,27,0
66,53,27,1
66,54,27,1
66,55,27,1
66,56,27,1
66,57,27,1
66,58,22,0
66,59,23,0
66,60,25,1
66,61,23,1
66,62,22,1
66,63,23,1
66,64,22,1
66,65,23,1
66,66,22,1
66,67,23,1
66,68,22,1
66,69,23,1
66,70,25,0
66,71,23,0
66,72,25,1
66,73,23,1
66,74,25,0
66,75,23,0
66,76,25,1
66,77,23,1
66,78,25,1
66,79,23,1
66,80,22,1
66,81,23,1
66,82,25,1
66,83,23,1
66,84,25,1
66,85,23,1
66,86,22,1
66,87,23,1
66,88,22,1
66,89,23,1
66,90,22,1
66,91,23,1
66,92,22,1
66,93,23,1
66,94,22,1
66,95,23,1
66,96,22,1
66,97,23,1
66,98,22,1
66,99,23,1
66,100,25,1
66,101,23,1
66,102,25,1
66,103,23,1
66,104,22,1
66,105,23,1
66,106,24,1
66,107,34,1
66,108,34,1
66,109,34,0
66,110,34,1
66,111,34,1
66,112,34,1
66,113,34,1
66,114,34,1
66,115,34,1
66,116,34,1
66,117,34,1
66,118,34,1
66,119,34,1
66,120,34,1
66,121,34,1
66,122,34,1
66,123,34,1
66,124,34,1
66,125,34,1
66,126,34,1
66,127,34,1
66,128,34,1
66,129,34,1
66,130,34,1
66,131,34,1
66,132,34,1
66,133,34,1
66,134,34,1
66,135,34,1
66,136,34,1
66,137,34,1
66,138,34,1
66,139,34,1
66,140,4,0
66,141,16,0
66,142,4,1
66,143,16,1
66,144,4,1
66,145,16,1
66,146,4,1
66,147,15,1
66,148,4,0
66,149,16,0
66,150,4,1
66,151,16,1
66,152,4,1
66,153,15,1
66,154,4,1
66,155,16,1
66,156,4,1
66,157,16,1
66,158,4,1
66,159,16,1
66,160,4,1
66,161,15,1
66,162,4,1
66,163,15,1
66,164,4,1
66,165,15,1
66,166,14,0
66,167,14,0
66,168,14,1
66,169,14,1
66,170,14,0
66,171,14,1
66,172,14,0
66,173,14,0
66,174,14,0
66,175,14,0
66,176,14,0
67,0,42,1
67,1,43,1
67,2,26,1
67,3,26,1
67,4,26,1
67,5,26,1
67,6,26,1
67,7,26,1
67,8,26,1
67,9,26,1
67,10,26,1
67,11,26,1
67,12,26,1
67,13,26,1
67,14,26,1
67,15,26,1
67,16,26,1
67,17,26,0
67,18,26,0
67,19,26,0
67,20,26,1
67,21,26,1
67,22,26,0
67,23,26,1
67,24,26,1
67,25,26,1
67,26,26,0
67,27,26,1
67,28,26,1
67,29,26,1
67,30,26,1
67,31,26,1
67,32,58,0
67,33,58,0
67,34,58,1
67,35,58,1
67,36,58,1
67,37,58,1
67,38,58,1
67,39,58,1
67,40,58,1
67,41,58,1
67,42,34,0
67,43,34,0
67,44,34,0
67,45,34,1
67,46,34,1
67,47,34,1
67,48,20,1
67,49,27,0
67,50,27,0
67,51,27,1
67,52,27,1
67,53,27,0
67,54,27,0
67,55,27,0
67,56,27,1
67,57,27,1
67,58,26,0
67,59,26,0
67,60,26,0
67,61,26,1
67,62,26,0
67,63,26,0
67,64,26,0
67,65,26,0
67,66,26,0
67,67,26,1
67,68,26,1
67,69,26,0
67,70,26,0
67,71,26,0
67,72,26,0
67,73,26,0
67,74,26,0
67,75,26,1
67,76,26,1
67,77,26,0
67,78,26,0
67,79,26,1
67,80,26,1
67,81,26,0
67,82,26,1
67,83,26,1
67,84,26,1
67,85,26,1
67,86,26,1
67,87,26,1
67,88,26,0
67,89,26,1
67,90,26,0
67,91,26,1
67,92,26,1
67,93,26,1
67,94,26,1
67,95,26,1
67,96,26,1
67,97,26,1
67,98,26,0
67,99,26,1
67,100,26,1
67,101,26,0
67,102,26,0
67,103,26,0
67,104,26,0
67,105,26,1
67,106,26,0
67,107,6,1
67,108,7,1
67,109,6,1
67,110,7,1
67,111,6,1
67,112,8,1
67,113,6,1
67,114,8,1
67,115,6,1
67,116,8,1
67,117,6,0
67,118,9,0
67,119,6,0
67,120,8,0
67,121,6,1
67,122,8,1
67,123,6,0
67,124,9,0
67,125,6,1
67,126,7,1
67,127,6,1
67,128,7,1
67,129,6,0
67,130,8,0
67,131,6,1
67,132,7,1
67,133,6,1
67,134,9,1
67,135,6,1
67,136,9,1
67,137,6,1
67,138,9,1
67,139,6,1
67,140,7,1
67,141,6,1
67,142,7,1
67,143,6,1
67,144,8,1
67,145,6,0
67,146,8,0
67,147,25,1
67,148,23,1
67,149,22,1
67,150,23,1
67,151,22,1
67,152,23,1
67,153,22,1
67,154,23,1
67,155,25,1
67,156,23,1
67,157,22,1
67,158,23,1
67,159,25,0
67,160,23,0
67,161,22,1
67,162,23,1
67,163,22,1
67,164,23,1
67,165,22,1
67,166,23,1
67,167,22,1
67,168,23,1
67,169,25,1
67,170,23,1
67,171,25,1
67,172,23,1
67,173,22,1
67,174,23,1
67,175,25,1
67,176,23,1
67,177,25,1
67,178,23,1
67,179,25,1
67,180,23,1
67,181,25,1
67,182,23,1
67,183,22,1
67,184,23,1
67,185,25,1
67,186,23,1
67,187,25,1
67,188,23,1
67,189,22,1
67,190,23,1
67,191,26,1
67,192,26,1
67,193,26,0
67,194,26,1
67,195,26,0
67,196,26,1
67,197,26,1
67,198,26,0
67,199,26,1
67,200,26,1
67,201,26,1
67,202,26,0
67,203,26,0
67,204,26,0
67,205,27,1
67,206,26,0
67,207,34,1
67,208,34,1
67,209,34,0
67,210,34,1
67,211,34,1
67,212,34,1
67,213,34,1
67,214,34,1
67,215,34,1
67,216,34,1
67,217,34,1
67,218,34,1
67,219,34,1
67,220,34,1
67,221,34,1
67,222,34,1
67,223,34,1
67,224,34,0
67,225,34,1
67,226,34,1
67,227,34,0
67,228,34,1
67,229,34,1
67,230,34,1
67,231,34,1
67,232,34,1
67,233,34,1
67,234,34,1
67,235,34,1
67,236,34,1
67,237,34,1
67,238,34,1
67,239,34,1
67,240,34,1
67,241,34,1
67,242,34,1
67,243,34,1
67,244,34,1
67,245,34,1
67,246,34,1
67,247,34,1
67,248,34,0
67,249,34,1
67,250,34,1
67,251,34,1
67,252,34,1
67,253,34,1
67,254,34,1
67,255,34,1
67,256,34,1
67,257,34,1
67,258,34,1
67,259,34,1
67,260,34,1
67,261,34,1
67,262,34,1
67,263,34,1
67,264,14,0
67,265,4,1
67,266,16,1
67,267,4,0
67,268,16,0
67,269,4,0
67,270,16,0
67,271,14,1
67,272,14,1
67,273,14,1
67,274,14,1
67,275,14,1
67,276,14,1
67,277,14,1
67,278,14,1
67,279,14,1
67,280,4,1
67,281,15,1
67,282,4,1
67,283,15,1
67,284,4,1
67,285,15,1
67,286,4,1
67,287,16,1
67,288,4,1
67,289,16,1
67,290,4,1
67,291,15,1
67,292,4,1
67,293,15,1
67,294,94,1
67,295,94,1
67,296,94,0
67,297,92,0
67,298,93,0
67,299,93,0
67,300,26,1
67,301,26,1
67,302,26,1
67,303,26,1
67,304,26,0
67,305,26,1
67,306,26,1
67,307,26,0
67,308,26,1
67,309,34,1
67,310,34,1
67,311,34,1
67,312,34,0
67,313,34,1
67,314,34,1
67,315,34,1
67,316,34,0
67,317,34,1
67,318,34,0
67,319,34,1
67,320,34,0
67,321,34,1
67,322,34,1
67,323,34,1
67,324,34,1
68,0,42,1
68,1,43,1
68,2,27,0
68,3,27,0
68,4,27,0
68,5,40,0
68,6,40,0
68,7,40,1
68,8,40,0
68,9,40,0
68,10,40,0
68,11,40,1
68,12,40,0
68,13,40,0
68,14,40,0
68,15,40,1
68,16,40,0
68,17,40,0
68,18,40,0
68,19,40,0
68,20,40,0
68,21,26,1
68,22,26,1
68,23,26,1
68,24,26,1
68,25,26,1
68,26,26,1
68,27,26,1
68,28,26,1
68,29,26,1
68,30,26,1
68,31,26,1
68,32,26,1
68,33,26,1
68,34,26,1
68,35,26,1
68,36,26,1
68,37,26,0
68,38,26,1
68,39,26,1
68,40,26,1
68,41,26,1
68,42,26,1
68,43,58,0
68,44,58,1
68,45,58,1
68,46,58,1
68,47,58,1
68,48,58,1
68,49,58,0
68,50,58,1
68,51,58,1
68,52,58,1
68,53,58,1
68,54,58,1
68,55,58,1
68,56,58,1
68,57,58,0
68,58,26,0
68,59,26,0
68,60,26,0
68,61,26,0
68,62,26,1
68,63,26,1
68,64,26,1
68,65,26,1
68,66,26,1
68,67,26,1
68,68,26,1
68,69,26,1
68,70,26,1
68,71,26,0
68,72,26,1
68,73,26,1
68,74,6,0
68,75,7,0
68,76,6,0
68,77,9,0
68,78,6,0
68,79,8,0
68,80,6,1
68,81,9,1
68,82,6,1
68,83,8,1
68,84,22,1
68,85,23,1
68,86,25,0
68,87,23,0
68,88,22,1
68,89,23,1
68,90,22,1
68,91,23,1
68,92,22,1
68,93,23,1
68,94,22,1
68,95,23,1
68,96,25,1
68,97,23,1
68,98,22,1
68,99,23,1
68,100,25,1
68,101,23,1
68,102,25,1
68,103,23,1
68,104,22,1
68,105,23,1
68,106,22,1
68,107,23,1
68,108,22,1
68,109,23,1
68,110,25,1
68,111,23,1
68,112,22,1
68,113,23,1
68,114,22,1
68,115,23,1
68,116,25,1
68,117,23,1
68,118,26,1
68,119,26,1
68,120,26,1
68,121,34,1
68,122,34,1
68,123,34,1
68,124,34,1
68,125,34,1
68,126,14,0
68,127,14,1
68,128,14,1
68,129,14,1
68,130,14,1
68,131,14,1
68,132,14,0
68,133,14,0
68,134,14,1
68,135,14,1
68,136,14,1
68,137,14,0
68,138,14,1
68,139,14,1
68,140,14,1
68,141,14,1
68,142,14,1
68,143,14,1
68,144,14,1
68,145,14,1
68,146,14,0
68,147,14,1
68,148,14,1
68,149,14,1
68,150,14,1
68,151,14,1
68,152,14,1
68,153,14,1
68,154,14,1
68,155,14,1
68,156,4,0
68,157,15,0
69,0,42,0
69,1,43,0
69,2,42,0
69,3,43,0
69,4,42,0
69,5,43,0
69,6,42,1
69,7,43,1
69,8,42,1
69,9,43,1
69,10,42,1
69,11,43,1
69,12,27,1
69,13,40,0
69,14,40,0
69,15,40,1
69,16,40,1
69,17,40,0
69,18,40,0
69,19,40,1
69,20,40,0
69,21,40,0
69,22,40,0
69,23,40,1
69,24,40,0
69,25,24,0
69,26,24,0
69,27,24,0
69,28,24,0
69,29,24,0
69,30,24,0
69,31,24,1
69,32,27,0
69,33,26,1
69,34,26,1
69,35,26,0
69,36,26,1
69,37,26,1
69,38,26,1
69,39,26,0
69,40,26,1
69,41,26,1
69,42,26,1
69,43,26,1
69,44,26,1
69,45,26,1
69,46,26,1
69,47,26,1
69,48,26,0
69,49,26,1
69,50,26,1
69,51,26,1
69,52,26,1
69,53,26,1
69,54,26,1
69,55,26,1
69,56,26,1
69,57,26,1
69,58,26,1
69,59,58,1
69,60,58,1
69,61,58,1
69,62,58,1
69,63,58,1
69,64,58,1
69,65,58,1
69,66,58,1
69,67,24,1
69,68,24,1
69,69,27,1
69,70,27,1
69,71,27,1
69,72,27,1
69,73,27,1
69,74,26,1
69,75,26,1
69,76,26,1
69,77,26,1
69,78,26,1
69,79,26,1
69,80,26,1
69,81,26,0
69,82,26,1
69,83,26,1
69,84,26,1
69,85,26,1
69,86,26,1
69,87,26,1
69,88,26,1
69,89,26,1
69,90,26,1
69,91,26,1
69,92,26,1
69,93,26,1
69,94,26,1
69,95,26,1
69,96,26,1
69,97,6,1
69,98,9,1
69,99,6,1
69,100,7,1
69,101,6,1
69,102,7,1
69,103,6,1
69,104,9,1
69,105,6,0
69,106,8,0
69,107,6,0
69,108,8,0
69,109,6,1
69,110,7,1
69,111,6,1
69,112,7,1
69,113,6,1
69,114,9,1
69,115,6,0
69,116,8,0
69,117,22,1
69,118,23,1
69,119,25,1
69,120,23,1
69,121,22,1
69,122,23,1
69,123,25,1
69,124,23,1
69,125,25,1
69,126,23,1
69,127,25,1
69,128,23,1
69,129,22,1
69,130,23,1
69,131,25,1
69,132,23,1
69,133,22,1
69,134,23,1
69,135,22,1
69,136,23,1
69,137,22,1
69,138,23,1
69,139,22,1
69,140,23,1
69,141,22,1
69,142,23,1
69,143,22,1
69,144,23,1
69,145,25,1
69,146,23,1
69,147,26,1
69,148,26,1
69,149,26,1
69,150,26,1
69,151,26,1
69,152,26,1
69,153,26,0
69,154,26,1
69,155,26,1
69,156,6,0
69,157,8,0
69,158,6,1
69,159,7,1
69,160,6,1
69,161,8,1
69,162,6,1
69,163,9,1
69,164,6,1
69,165,9,1
69,166,6,1
69,167,9,1
69,168,6,0
69,169,7,0
69,170,6,0
69,171,8,0
69,172,34,1
69,173,34,1
69,174,34,1
69,175,34,1
69,176,34,1
69,177,34,1
69,178,34,1
69,179,34,1
69,180,34,1
69,181,34,1
69,182,34,1
69,183,34,1
69,184,34,1
69,185,34,1
69,186,34,1
69,187,34,1
69,188,34,1
69,189,34,1
69,190,34,1
69,191,34,1
69,192,34,1
69,193,34,1
69,194,34,1
69,195,34,1
69,196,34,0
69,197,34,1
69,198,34,1
69,199,34,1
69,200,34,1
69,201,34,1
69,202,34,1
69,203,34,1
69,204,34,1
69,205,34,1
69,206,34,1
69,207,34,1
69,208,34,1
69,209,34,1
69,210,34,1
69,211,34,1
69,212,4,1
69,213,15,1
69,214,4,0
69,215,15,0
69,216,4,1
69,217,16,1
69,218,4,1
69,219,16,1
69,220,4,1
69,221,15,1
69,222,4,1
69,223,15,1
69,224,4,1
69,225,16,1
69,226,4,1
69,227,16,1
69,228,14,0
69,229,14,0
69,230,14,1
69,231,14,1
69,232,14,0
69,233,14,0
69,234,14,1
69,235,14,0
69,236,14,1
69,237,14,0
69,238,14,0
69,239,14,0
69,240,14,1
69,241,14,1
69,242,14,1
69,243,14,1
69,244,14,1
69,245,14,0
69,246,14,0
69,247,14,1
69,248,14,0
69,249,14,0
69,250,14,1
69,251,14,1
69,252,14,1
69,253,14,1
69,254,14,0
69,255,14,1
69,256,14,1
69,257,14,0
69,258,37,1
69,259,30,1
69,260,37,0
69,261,30,0
69,262,37,0
69,263,30,0
69,264,71,1
69,265,52,0
69,266,49,1
69,267,49,1
69,268,52,1
69,269,49,1
69,270,52,1
69,271,52,1
69,272,49,1
69,273,49,1
69,274,35,1
69,275,35,1
69,276,35,1
69,277,35,0
69,278,35,0
69,279,92,0
69,280,37,0
69,281,30,0
69,282,37,1
69,283,30,1
69,284,37,0
69,285,30,0
69,286,37,0
69,287,30,0
69,288,37,0
69,289,30,0
69,290,37,0
69,291,30,0
69,292,37,0
69,293,30,0
69,294,37,0
69,295,30,0
69,296,37,1
69,297,30,1
69,298,37,0
69,299,30,0
69,300,37,0
69,301,30,0
69,302,37,1
69,303,30,1
69,304,37,0
69,305,30,0
69,306,37,0
69,307,30,0
69,308,37,0
69,309,30,0
69,310,37,1
69,311,30,1
69,312,37,0
69,313,30,0
69,314,14,0
70,0,42,1
70,1,43,1
71,0,42,0
71,1,43,0
71,2,42,0
71,3,43,0
71,4,42,0
71,5,43,0
71,6,42,1
71,7,43,1
71,8,42,1
71,9,43,1
71,10,42,1
71,11,43,1
71,12,40,0
71,13,27,1
71,14,40,1
71,15,27,1
71,16,18,1
71,17,22,1
71,18,34,0
71,19,24,0
71,20,24,0
71,21,24,0
71,22,24,0
71,23,24,0
71,24,24,1
71,25,24,1
71,26,27,0
71,27,27,0
71,28,27,0
71,29,27,1
71,30,27,1
71,31,27,0
71,32,27,0
71,33,27,0
71,34,27,0
71,35,27,0
71,36,27,1
71,37,27,0
71,38,27,0
71,39,27,1
71,40,27,1
71,41,27,1
71,42,27,1
71,43,24,1
71,44,26,1
71,45,26,0
71,46,26,0
71,47,26,0
71,48,26,0
71,49,26,1
71,50,26,0
71,51,26,1
71,52,26,1
71,53,26,1
71,54,26,1
71,55,26,1
71,56,26,1
71,57,26,0
71,58,26,1
71,59,26,1
71,60,26,1
71,61,26,1
71,62,26,1
71,63,26,1
71,64,26,1
71,65,26,1
71,66,26,1
71,67,26,0
71,68,26,1
71,69,26,1
71,70,26,1
71,71,26,1
71,72,26,1
71,73,58,0
71,74,58,1
71,75,58,1
71,76,58,1
71,77,58,1
71,78,58,1
71,79,58,1
71,80,58,1
71,81,58,1
71,82,26,1
71,83,26,1
71,84,26,1
71,85,26,1
71,86,26,1
71,87,26,1
71,88,26,1
71,89,26,1
71,90,26,1
71,91,26,0
71,92,26,0
71,93,26,1
71,94,25,0
71,95,23,0
71,96,22,0
71,97,23,0
71,98,22,0
71,99,23,0
71,100,22,1
71,101,23,1
71,102,22,1
71,103,23,1
71,104,25,0
71,105,23,0
71,106,22,1
71,107,23,1
71,108,22,1
71,109,23,1
71,110,22,1
71,111,23,1
71,112,25,0
71,113,23,0
71,114,22,1
71,115,23,1
71,116,25,0
71,117,23,0
71,118,22,1
71,119,23,1
71,120,25,1
71,121,23,1
71,122,25,1
71,123,23,1
71,124,22,1
71,125,23,1
71,126,22,1
71,127,23,1
71,128,22,1
71,129,23,1
71,130,22,1
71,131,23,1
71,132,25,1
71,133,23,1
71,134,25,1
71,135,23,1
71,136,22,1
71,137,23,1
71,138,25,1
71,139,23,1
71,140,22,1
71,141,23,1
71,142,22,1
71,143,23,1
71,144,22,1
71,145,23,1
71,146,22,1
71,147,23,1
71,148,6,0
71,149,8,0
71,150,40,0
71,151,34,1
71,152,34,1
71,153,34,1
71,154,34,1
71,155,34,1
71,156,34,1
71,157,34,1
71,158,34,1
71,159,34,1
71,160,34,0
71,161,34,1
71,162,34,1
71,163,34,1
71,164,34,1
71,165,34,1
71,166,34,1
71,167,34,1
71,168,34,0
71,169,34,1
71,170,34,1
71,171,34,0
71,172,34,0
71,173,34,1
71,174,34,1
71,175,34,1
71,176,34,1
71,177,34,0
71,178,34,1
71,179,34,1
71,180,34,1
71,181,34,1
71,182,34,1
71,183,34,1
71,184,34,1
71,185,34,0
71,186,34,1
71,187,34,1
71,188,34,1
71,189,34,1
71,190,34,1
71,191,34,0
71,192,34,1
71,193,34,0
71,194,34,0
71,195,34,1
71,196,34,1
71,197,34,1
71,198,34,1
71,199,34,1
71,200,34,0
71,201,34,0
71,202,34,1
71,203,34,1
71,204,34,1
71,205,34,1
71,206,34,0
71,207,34,1
71,208,34,1
71,209,34,1
71,210,34,1
71,211,4,1
71,212,16,1
71,213,4,1
71,214,15,1
71,215,4,1
71,216,16,1
71,217,4,1
71,218,16,1
71,219,4,1
71,220,16,1
71,221,4,0
71,222,15,0
71,223,4,1
71,224,16,1
71,225,4,1
71,226,15,1
71,227,4,1
71,228,16,1
71,229,4,1
71,230,15,1
71,231,4,1
71,232,15,1
71,233,4,1
71,234,15,1
71,235,4,1
71,236,15,1
71,237,4,1
71,238,16,1
71,239,14,0
71,240,14,1
71,241,14,0
71,242,14,0
71,243,14,1
71,244,14,0
71,245,14,1
71,246,14,1
71,247,14,1
71,248,14,1
71,249,14,1
71,250,14,1
71,251,14,1
71,252,14,1
71,253,14,1
71,254,14,1
71,255,71,1
71,256,49,1
71,257,49,1
71,258,71,1
71,259,49,1
71,260,49,1
71,261,71,1
71,262,49,1
71,263,34,1
71,264,34,1
71,265,34,1
71,266,34,1
71,267,34,1
71,268,34,1
71,269,34,1
71,270,34,1
71,271,34,1
71,272,34,1
71,273,34,0
71,274,34,1
71,275,34,1
71,276,34,1
71,277,34,1
71,278,34,1
71,279,34,1
71,280,34,1
71,281,34,1
71,282,34,1
71,283,34,1
71,284,34,1
71,285,34,1
71,286,34,0
71,287,34,1
71,288,34,1
71,289,34,1
71,290,34,1
71,291,34,1
71,292,34,1
71,293,34,1
71,294,34,1
71,295,35,0
71,296,93,0
71,297,93,0
71,298,35,1
71,299,35,0
71,300,35,1
71,301,35,1
71,302,35,0
71,303,35,0
72,0,42,1
72,1,43,1
72,2,27,1
72,3,18,0
72,4,18,0
72,5,18,0
72,6,18,0
73,0,27,1
73,1,40,0
73,2,40,0
73,3,40,1
73,4,40,0
73,5,40,0
73,6,24,0
73,7,24,0
73,8,24,1
73,9,24,1
73,10,24,0
73,11,24,1
73,12,24,1
73,13,27,0
73,14,27,1
73,15,27,0
73,16,30,1
73,17,30,1
73,18,30,1
73,19,30,1
73,20,30,1
73,21,34,0
73,22,34,0
73,23,34,0
73,24,26,0
73,25,26,1
73,26,26,1
73,27,26,1
73,28,26,1
73,29,26,1
73,30,26,1
73,31,26,1
73,32,26,1
73,33,26,1
73,34,26,1
73,35,26,1
73,36,26,1
73,37,26,1
73,38,26,0
73,39,26,1
73,40,26,1
73,41,26,1
73,42,26,1
73,43,26,1
73,44,26,1
73,45,26,1
73,46,26,0
73,47,26,1
73,48,26,1
73,49,26,1
73,50,26,1
73,51,26,1
73,52,58,1
73,53,58,1
73,54,58,1
73,55,58,1
73,56,58,1
73,57,58,1
73,58,58,1
73,59,58,1
73,60,34,1
73,61,34,1
73,62,34,1
73,63,20,1
73,64,27,1
73,65,26,1
73,66,26,1
73,67,26,1
73,68,26,1
73,69,26,1
73,70,26,1
73,71,26,1
73,72,26,1
73,73,26,1
73,74,26,0
73,75,26,1
73,76,26,1
73,77,26,1
73,78,26,1
73,79,26,0
73,80,26,1
73,81,26,0
73,82,26,1
73,83,26,1
73,84,26,0
73,85,26,1
73,86,26,1
73,87,26,1
73,88,26,1
73,89,26,1
73,90,26,0
73,91,26,1
73,92,26,1
73,93,26,1
73,94,26,0
73,95,6,1
73,96,7,1
73,97,6,1
73,98,7,1
73,99,6,1
73,100,8,1
73,101,6,0
73,102,8,0
73,103,6,1
73,104,9,1
73,105,6,0
73,106,9,0
73,107,6,0
73,108,8,0
73,109,6,0
73,110,8,0
73,111,6,1
73,112,7,1
73,113,6,1
73,114,7,1
73,115,6,0
73,116,8,0
73,117,6,1
73,118,9,1
73,119,6,1
73,120,9,1
73,121,6,0
73,122,8,0
73,123,6,0
73,124,8,0
73,125,6,0
73,126,8,0
73,127,6,1
73,128,7,1
73,129,25,1
73,130,23,1
73,131,22,1
73,132,23,1
73,133,25,0
73,134,23,0
73,135,25,1
73,136,23,1
73,137,22,1
73,138,23,1
73,139,22,1
73,140,23,1
73,141,22,1
73,142,23,1
73,143,25,1
73,144,23,1
73,145,22,1
73,146,23,1
73,147,22,1
73,148,23,1
73,149,22,1
73,150,23,1
73,151,22,1
73,152,23,1
73,153,25,1
73,154,23,1
73,155,22,1
73,156,23,1
73,157,25,1
73,158,23,1
73,159,25,1
73,160,23,1
73,161,22,1
73,162,23,1
73,163,22,1
73,164,23,1
73,165,24,1
73,166,34,0
73,167,34,1
73,168,34,1
73,169,34,1
73,170,34,1
73,171,34,1
73,172,34,1
73,173,34,1
73,174,34,1
73,175,34,1
73,176,34,1
73,177,34,1
73,178,34,1
73,179,34,1
73,180,34,1
73,181,34,1
73,182,34,1
73,183,34,1
73,184,34,1
73,185,34,1
73,186,34,1
73,187,34,1
73,188,34,1
73,189,34,1
73,190,34,1
73,191,34,1
73,192,34,1
73,193,34,1
73,194,34,0
73,195,34,0
73,196,34,1
73,197,34,1
73,198,34,1
73,199,34,1
73,200,34,1
73,201,34,1
73,202,34,1
73,203,34,1
73,204,34,1
73,205,34,1
73,206,34,1
73,207,34,0
73,208,34,1
73,209,34,1
73,210,34,1
73,211,34,1
73,212,14,0
73,213,14,1
73,214,14,1
73,215,14,0
73,216,14,1
73,217,14,1
73,218,14,1
73,219,14,1
73,220,14,1
73,221,14,1
73,222,14,1
73,223,14,1
73,224,14,1
73,225,14,1
73,226,4,0
73,227,15,0
73,228,4,1
73,229,15,1
73,230,4,1
73,231,15,1
73,232,4,1
73,233,15,1
73,234,4,0
73,235,15,0
73,236,4,1
73,237,16,1
73,238,4,0
73,239,16,0
73,240,49,0
73,241,49,1
73,242,49,1
73,243,49,1
73,244,49,1
73,245,71,1
73,246,49,1
73,247,49,1
73,248,49,1
73,249,35,0
73,250,35,0
73,251,35,1
73,252,35,1
73,253,35,1
73,254,35,1
73,255,35,0
73,256,35,1
73,257,35,0
73,258,35,1
73,259,35,1
73,260,35,1
73,261,35,0
73,262,35,1
73,263,35,1
73,264,35,1
73,265,35,1
73,266,35,0
74,0,22,1
74,1,23,1
74,2,22,1
74,3,23,1
74,4,22,1
74,5,23,1
74,6,23,1
74,7,25,1
74,8,23,1
74,9,21,1
74,10,21,1
74,11,18,1
74,12,20,1
74,13,21,1
74,14,40,0
74,15,40,0
74,16,40,0
74,17,40,0
74,18,40,1
74,19,40,0
74,20,40,0
74,21,40,0
74,22,40,1
74,23,40,1
74,24,40,1
74,25,40,1
74,26,40,1
74,27,40,1
74,28,23,1
74,29,27,0
74,30,40,1
74,31,40,1
74,32,23,0
74,33,40,1
74,34,40,1
74,35,27,1
74,36,40,1
74,37,40,1
74,38,24,0
74,39,24,1
74,40,60,1
74,41,24,1
74,42,60,1
74,43,46,0
74,44,26,0
74,45,26,1
74,46,26,0
74,47,26,0
74,48,26,1
74,49,26,0
74,50,26,1
74,51,26,1
74,52,26,1
74,53,37,1
74,54,30,1
74,55,37,1
74,56,30,1
74,57,37,1
74,58,30,1
74,59,30,1
74,60,30,0
74,61,30,1
74,62,30,1
74,63,30,1
74,64,70,0
74,65,70,1
74,66,70,1
74,67,70,1
74,68,70,1
74,69,70,0
74,70,70,1
74,71,70,1
74,72,70,0
74,73,70,0
74,74,70,1
74,75,70,1
74,76,70,1
74,77,70,1
74,78,70,1
74,79,26,0
74,80,26,1
74,81,26,1
74,82,26,1
74,83,26,1
74,84,26,1
74,85,26,1
74,86,26,0
74,87,26,1
74,88,26,1
74,89,26,1
74,90,26,0
74,91,26,1
74,92,26,1
74,93,26,1
74,94,26,1
74,95,26,1
74,96,26,1
74,97,26,1
74,98,26,1
74,99,41,0
74,100,41,0
74,101,66,0
74,102,66,0
74,103,66,0
74,104,66,0
74,105,66,1
74,106,66,1
74,107,66,0
74,108,66,0
74,109,66,0
74,110,66,0
74,111,66,1
74,112,66,1
74,113,66,1
74,114,58,1
74,115,58,1
74,116,58,0
74,117,58,1
74,118,58,1
74,119,58,1
74,120,58,1
74,121,58,1
74,122,58,1
74,123,38,1
74,124,38,1
74,125,38,1
74,126,38,1
74,127,44,1
74,128,44,0
74,129,59,1
74,130,59,1
74,131,59,1
74,132,59,1
74,133,59,1
74,134,59,1
74,135,59,1
74,136,59,1
74,137,44,1
74,138,44,1
74,139,44,1
74,140,44,1
74,141,44,1
74,142,44,1
74,143,77,1
74,144,79,1
74,145,77,1
74,146,79,1
74,147,77,1
74,148,79,1
74,149,77,1
74,150,79,1
75,0,25,1
75,1,23,1
75,2,23,1
75,3,22,1
75,4,23,1
75,5,25,1
75,6,23,1
75,7,23,1
75,8,21,1
75,9,20,1
75,10,18,1
75,11,21,1
75,12,18,1
75,13,40,1
75,14,40,0
75,15,40,1
75,16,40,1
75,17,40,0
75,18,40,1
75,19,40,1
75,20,40,0
75,21,40,1
75,22,40,1
75,23,40,0
75,24,40,0
75,25,40,0
75,26,40,1
75,27,40,0
75,28,40,1
75,29,27,1
75,30,40,1
75,31,40,0
75,32,40,1
75,33,40,1
75,34,40,1
75,35,40,1
75,36,40,0
75,37,40,0
75,38,40,1
75,39,40,0
75,40,40,0
75,41,40,1
75,42,40,1
75,43,40,1
75,44,40,1
75,45,40,1
75,46,40,0
75,47,40,1
75,48,40,1
75,49,40,1
75,50,40,1
75,51,40,1
75,52,40,1
75,53,27,1
75,54,24,1
75,55,60,0
75,56,60,1
75,57,24,1
75,58,24,1
75,59,46,1
75,60,46,0
75,61,46,0
75,62,46,0
75,63,46,0
75,64,46,1
75,65,34,1
75,66,47,0
75,67,26,1
75,68,26,1
75,69,26,1
75,70,37,0
75,71,30,0
75,72,37,0
75,73,30,0
75,74,37,1
75,75,30,1
75,76,37,1
75,77,30,1
75,78,37,1
75,79,30,1
75,80,30,1
75,81,30,1
75,82,30,1
75,83,70,0
75,84,70,1
75,85,70,1
75,86,70,1
75,87,70,1
75,88,70,0
75,89,70,1
75,90,44,1
75,91,44,1
75,92,44,1
75,93,44,1
75,94,59,1
75,95,59,1
75,96,59,1
75,97,59,1
75,98,38,1
75,99,38,1
75,100,38,1
75,101,38,1
75,102,44,1
75,103,44,1
75,104,44,0
75,105,44,1
75,106,44,1
75,107,44,1
75,108,44,1
75,109,59,0
75,110,59,0
75,111,59,1
75,112,59,1
75,113,59,1
75,114,59,1
75,115,58,1
75,116,58,0
76,0,25,1
76,1,23,1
76,2,22,1
76,3,23,1
76,4,22,1
76,5,23,1
76,6,18,0
76,7,21,1
76,8,21,1
76,9,18,1
76,10,40,1
76,11,40,1
76,12,40,0
76,13,40,0
76,14,40,1
76,15,40,0
76,16,40,1
76,17,27,1
76,18,27,1
76,19,27,1
76,20,40,1
76,21,19,0
76,22,60,1
76,23,19,1
76,24,60,1
76,25,60,0
76,26,60,1
76,27,60,0
76,28,19,1
76,29,24,1
76,30,60,1
76,31,19,1
76,32,24,1
76,33,46,0
76,34,46,1
76,35,46,0
76,36,46,1
76,37,46,0
76,38,46,0
76,39,46,1
76,40,46,1
76,41,67,1
76,42,67,1
76,43,34,1
76,44,78,1
76,45,78,1
76,46,46,0
76,47,26,0
76,48,26,1
76,49,26,0
76,50,26,0
76,51,26,1
76,52,26,1
76,53,26,0
76,54,26,1
76,55,26,1
76,56,26,1
76,57,37,1
76,58,30,1
76,59,37,1
76,60,30,1
76,61,37,1
76,62,30,1
76,63,30,1
76,64,30,1
76,65,30,1
76,66,46,1
76,67,70,0
76,68,70,1
76,69,70,1
76,70,70,1
76,71,70,1
76,72,70,1
76,73,70,1
76,74,41,0
76,75,41,0
76,76,41,1
76,77,41,1
76,78,41,1
76,79,41,1
76,80,41,1
76,81,26,1
76,82,26,1
76,83,26,1
76,84,26,1
76,85,26,1
76,86,66,0
76,87,66,0
76,88,66,1
76,89,66,1
76,90,66,1
76,91,66,0
76,92,66,1
76,93,66,1
76,94,66,1
76,95,66,1
76,96,66,1
76,97,66,1
76,98,58,0
76,99,58,0
76,100,58,0
76,101,58,1
76,102,58,1
76,103,58,1
76,104,58,1
76,105,58,1
76,106,58,1
76,107,44,1
76,108,44,1
76,109,44,1
76,110,44,1
76,111,59,1
76,112,59,1
76,113,59,1
76,114,59,1
76,115,38,1
76,116,38,1
76,117,38,1
76,118,38,1
76,119,44,1
76,120,44,0
76,121,44,1
76,122,44,1
76,123,44,1
76,124,44,1
76,125,59,1
76,126,59,1
76,127,59,1
76,128,59,1
76,129,26,1
76,130,26,1
76,131,26,1
76,132,26,1
76,133,77,1
76,134,79,1
76,135,77,1
76,136,79,1
76,137,77,1
76,138,79,1
76,139,77,1
76,140,79,1
76,141,77,1
76,142,79,1
76,143,77,1
76,144,79,1
76,145,77,1
76,146,79,1
76,147,77,1
76,148,79,1
76,149,77,1
76,150,79,1
76,151,77,1
76,152,79,1
76,153,77,0
76,154,79,0
76,155,77,0
76,156,79,0
76,157,77,0
76,158,79,0
76,159,77,0
76,160,79,0
76,161,77,0
76,162,79,0
76,163,77,1
76,164,79,1
76,165,77,0
76,166,79,0
76,167,77,0
76,168,79,0
77,0,21,1
77,1,21,1
77,2,18,1
77,3,18,1
77,4,21,1
77,5,23,1
77,6,25,1
77,7,23,1
77,8,23,1
77,9,22,1
77,10,23,1
77,11,23,1
77,12,40,0
77,13,40,1
77,14,40,1
77,15,27,1
77,16,40,1
77,17,45,1
77,18,45,0
77,19,45,0
77,20,45,1
77,21,45,0
77,22,46,1
77,23,45,1
77,24,45,1
77,25,45,1
77,26,45,1
77,27,45,1
77,28,46,0
77,29,46,0
77,30,46,1
77,31,60,0
77,32,24,0
77,33,19,1
77,34,19,1
77,35,19,1
77,36,60,1
77,37,19,1
77,38,34,1
77,39,67,0
77,40,78,0
77,41,67,0
77,42,34,1
77,43,41,0
77,44,41,0
77,45,26,0
77,46,26,0
77,47,26,0
77,48,26,0
77,49,26,1
77,50,26,1
77,51,26,1
77,52,37,1
77,53,30,1
77,54,37,1
77,55,30,1
77,56,37,1
77,57,30,1
77,58,30,1
77,59,30,1
77,60,30,1
77,61,41,0
77,62,41,1
77,63,41,1
77,64,34,0
77,65,67,0
77,66,47,0
77,67,67,1
77,68,34,0
77,69,34,1
77,70,34,0
77,71,13,1
77,72,61,1
77,73,14,1
78,0,25,1
78,1,23,1
78,2,22,1
78,3,23,1
78,4,22,1
78,5,23,1
78,6,23,1
78,7,23,1
78,8,18,0
78,9,20,1
78,10,21,1
78,11,21,1
78,12,21,1
78,13,21,1
78,14,40,0
78,15,40,0
78,16,40,1
78,17,40,1
78,18,40,0
78,19,40,0
78,20,40,0
78,21,40,0
78,22,40,1
78,23,40,1
78,24,40,0
78,25,40,1
78,26,40,1
78,27,40,0
78,28,40,1
78,29,40,1
78,30,23,0
78,31,40,0
78,32,40,0
78,33,40,0
78,34,40,1
78,35,40,1
78,36,40,1
78,37,27,1
78,38,23,1
78,39,23,1
78,40,23,1
78,41,46,0
78,42,46,0
78,43,46,0
78,44,46,0
78,45,46,0
78,46,34,1
78,47,67,1
78,48,34,1
78,49,67,1
78,50,34,1
78,51,46,0
78,52,26,0
78,53,26,0
78,54,26,1
78,55,26,1
78,56,26,0
78,57,26,1
78,58,26,1
78,59,26,1
78,60,37,1
78,61,30,1
78,62,37,1
78,63,30,1
78,64,37,1
78,65,30,1
78,66,37,1
78,67,30,1
78,68,37,1
78,69,30,1
78,70,46,0
78,71,46,1
78,72,46,0
78,73,46,0
78,74,46,0
78,75,44,1
78,76,44,1
78,77,44,1
78,78,44,1
78,79,59,1
78,80,59,1
78,81,59,0
78,82,59,1
78,83,59,1
78,84,59,1
78,85,59,1
78,86,38,0
78,87,38,1
78,88,38,1
78,89,38,1
78,90,38,0
78,91,38,1
78,92,38,1
78,93,38,1
78,94,38,1
78,95,44,1
78,96,44,0
78,97,44,1
78,98,44,1
78,99,44,1
78,100,44,1
78,101,59,1
78,102,59,0
78,103,59,1
78,104,59,1
78,105,59,1
78,106,59,1
78,107,26,1
78,108,26,1
78,109,26,1
78,110,26,1
78,111,77,0
78,112,79,0
78,113,77,0
78,114,79,0
78,115,77,0
78,116,79,0
78,117,77,0
78,118,79,0
78,119,77,0
78,120,79,0
78,121,77,0
78,122,79,0
78,123,77,0
78,124,79,0
78,125,77,0
78,126,79,0
78,127,77,0
78,128,79,0
78,129,77,0
78,130,79,0
79,0,40,1
79,1,27,1
79,2,27,1
79,3,27,1
79,4,18,0
79,5,20,1
79,6,21,1
79,7,21,1
79,8,21,1
79,9,20,1
79,10,25,1
79,11,23,1
79,12,22,1
79,13,23,1
79,14,25,1
79,15,23,1
79,16,25,1
79,17,23,1
79,18,22,1
79,19,23,1
79,20,24,0
79,21,24,1
79,22,19,0
79,23,19,1
79,24,19,1
79,25,60,1
79,26,60,1
79,27,24,1
79,28,46,0
79,29,46,0
79,30,26,0
79,31,26,1
79,32,26,1
79,33,26,0
79,34,26,1
79,35,26,1
79,36,26,1
79,37,37,0
79,38,30,0
79,39,37,1
79,40,30,1
79,41,37,0
79,42,30,0
80,0,22,1
80,1,23,1
80,2,22,1
80,3,23,1
80,4,23,1
80,5,25,1
80,6,23,1
80,7,22,1
80,8,23,1
80,9,21,1
80,10,18,0
80,11,21,1
80,12,21,1
80,13,21,1
80,14,21,1
80,15,21,1
80,16,40,1
80,17,40,1
80,18,40,0
80,19,40,0
80,20,40,1
80,21,40,0
80,22,40,1
80,23,40,1
80,24,40,1
80,25,40,1
80,26,40,1
80,27,40,1
80,28,40,0
80,29,40,0
80,30,40,0
80,31,40,0
80,32,40,0
80,33,40,0
80,34,40,0
80,35,40,0
80,36,40,0
80,37,40,0
80,38,40,0
80,39,40,0
80,40,40,1
80,41,40,0
80,42,40,0
80,43,40,0
80,44,40,0
80,45,40,1
80,46,40,1
80,47,40,1
80,48,40,1
80,49,40,1
80,50,60,1
80,51,24,1
80,52,24,1
80,53,24,1
80,54,19,1
80,55,46,1
80,56,34,1
80,57,34,0
80,58,78,0
80,59,26,1
80,60,26,0
80,61,26,1
80,62,26,1
80,63,26,1
80,64,26,1
80,65,26,1
80,66,26,0
80,67,26,0
80,68,26,1
80,69,26,1
80,70,26,0
80,71,26,0
80,72,26,1
80,73,26,1
80,74,26,1
80,75,26,1
80,76,26,0
80,77,26,1
80,78,37,0
80,79,30,0
80,80,37,1
80,81,30,1
80,82,37,1
80,83,30,1
80,84,37,1
80,85,30,1
80,86,30,1
80,87,30,1
80,88,30,1
80,89,70,1
80,90,41,1
80,91,26,1
80,92,41,1
80,93,41,1
80,94,41,1
80,95,41,1
80,96,70,0
80,97,70,0
80,98,70,0
80,99,70,1
80,100,70,1
80,101,70,1
80,102,70,1
80,103,70,1
80,104,26,0
80,105,26,1
80,106,26,1
80,107,26,1
80,108,26,1
80,109,26,1
80,110,26,0
80,111,26,1
80,112,26,1
80,113,26,1
80,114,26,1
80,115,26,1
80,116,26,1
80,117,26,1
80,118,26,1
80,119,66,0
80,120,66,0
80,121,66,0
80,122,66,0
80,123,66,1
80,124,66,1
80,125,66,1
80,126,58,1
80,127,58,1
80,128,58,0
80,129,58,0
80,130,58,1
80,131,58,1
80,132,58,0
80,133,58,1
80,134,58,1
80,135,58,1
80,136,58,0
80,137,58,1
80,138,58,1
80,139,58,1
80,140,44,1
80,141,44,1
80,142,44,1
80,143,44,1
80,144,38,0
80,145,38,1
80,146,38,1
80,147,38,1
80,148,38,1
80,149,59,1
80,150,59,1
80,151,59,1
80,152,59,1
80,153,26,1
80,154,26,1
80,155,26,1
80,156,26,1
80,157,77,1
80,158,79,1
80,159,77,1
80,160,79,1
80,161,77,0
80,162,79,0
80,163,77,0
80,164,79,0
80,165,77,0
80,166,79,0
80,167,77,1
80,168,79,1
80,169,77,1
80,170,79,1
80,171,77,1
80,172,79,1
80,173,77,1
80,174,79,1
80,175,77,0
80,176,79,0
80,177,77,0
80,178,79,0
80,179,77,0
80,180,79,0
81,0,6,0
81,1,9,0
81,2,6,1
81,3,7,1
81,4,6,1
81,5,9,1
81,6,6,1
81,7,9,1
82,0,21,1
82,1,20,1
82,2,21,1
82,3,20,1
82,4,21,1
82,5,23,1
82,6,22,1
82,7,23,1
82,8,25,1
82,9,23,1
82,10,25,1
82,11,23,1
82,12,23,1
82,13,40,0
82,14,40,0
82,15,40,1
82,16,40,0
82,17,40,0
82,18,40,1
82,19,23,1
82,20,23,1
82,21,24,0
82,22,60,0
82,23,60,0
82,24,19,1
82,25,60,1
82,26,19,1
82,27,60,1
82,28,24,1
82,29,45,0
82,30,45,0
82,31,46,1
82,32,46,0
82,33,46,1
82,34,46,1
82,35,46,0
82,36,46,1
82,37,34,0
82,38,78,0
82,39,26,1
82,40,26,0
82,41,26,0
82,42,26,0
82,43,26,0
82,44,26,0
82,45,26,0
82,46,26,0
82,47,26,0
82,48,26,0
82,49,26,1
82,50,26,1
82,51,26,0
82,52,26,0
82,53,26,0
82,54,26,1
82,55,26,0
82,56,26,1
82,57,26,1
82,58,37,1
82,59,30,1
82,60,37,1
82,61,30,1
82,62,37,1
82,63,30,1
82,64,30,0
82,65,30,1
82,66,30,1
82,67,30,1
82,68,26,1
82,69,26,0
82,70,26,1
82,71,26,0
82,72,26,0
82,73,26,1
82,74,26,1
82,75,26,1
82,76,26,0
82,77,26,1
82,78,26,1
82,79,47,1
82,80,34,1
82,81,34,1
82,82,67,1
82,83,34,1
82,84,78,1
83,0,25,1
83,1,23,1
83,2,23,1
83,3,22,1
83,4,23,1
83,5,22,1
83,6,23,1
83,7,23,1
83,8,18,1
83,9,20,0
83,10,21,1
83,11,21,1
83,12,21,1
83,13,40,0
83,14,40,0
83,15,40,0
83,16,40,0
83,17,40,1
83,18,40,1
83,19,40,1
83,20,40,1
83,21,40,1
83,22,40,1
83,23,40,1
83,24,40,1
83,25,40,1
83,26,19,1
83,27,24,1
83,28,24,1
83,29,60,1
83,30,24,1
83,31,46,0
83,32,34,1
83,33,34,0
83,34,67,1
83,35,34,1
83,36,67,1
83,37,67,1
83,38,47,1
83,39,67,1
83,40,34,1
83,41,26,0
83,42,26,1
83,43,26,1
83,44,26,1
83,45,26,1
83,46,26,1
83,47,26,1
83,48,37,0
83,49,30,0
83,50,37,1
83,51,30,1
83,52,37,0
83,53,30,0
83,54,37,0
83,55,30,0
83,56,37,1
83,57,30,1
83,58,37,0
83,59,30,0
83,60,37,1
83,61,30,1
83,62,37,1
83,63,30,1
83,64,37,1
83,65,30,1
83,66,30,1
83,67,30,1
83,68,30,1
83,69,30,1
83,70,30,1
83,71,70,0
83,72,70,1
83,73,70,1
83,74,70,1
83,75,70,1
83,76,70,1
83,77,70,0
83,78,70,1
83,79,70,1
83,80,70,1
83,81,70,1
83,82,70,1
83,83,26,0
83,84,26,0
83,85,26,1
83,86,26,1
83,87,26,1
83,88,26,1
83,89,26,1
83,90,26,1
83,91,26,1
83,92,41,0
83,93,41,0
83,94,41,1
83,95,41,1
83,96,41,1
83,97,41,1
83,98,41,1
83,99,66,0
83,100,66,0
83,101,66,1
83,102,66,1
83,103,66,1
83,104,66,1
83,105,66,1
83,106,58,1
83,107,58,0
83,108,58,0
83,109,58,1
83,110,58,1
83,111,58,1
83,112,58,1
83,113,58,0
83,114,58,0
83,115,58,1
83,116,58,1
83,117,58,1
83,118,44,1
83,119,44,1
83,120,44,1
83,121,44,1
83,122,59,0
83,123,59,1
83,124,59,1
83,125,59,1
83,126,59,1
83,127,38,1
83,128,38,1
83,129,38,1
83,130,38,1
83,131,44,1
83,132,44,1
83,133,44,1
83,134,44,1
83,135,59,1
83,136,59,1
83,137,59,1
83,138,59,0
83,139,59,1
83,140,59,1
83,141,59,1
83,142,59,1
83,143,26,1
83,144,26,1
83,145,26,1
83,146,26,0
83,147,26,1
83,148,26,0
83,149,26,1
83,150,26,1
83,151,26,1
83,152,26,1
83,153,77,1
83,154,79,1
83,155,77,1
83,156,79,1
83,157,77,1
83,158,79,1
83,159,77,1
83,160,79,1
83,161,77,1
83,162,79,1
83,163,77,1
83,164,79,1
83,165,77,1
83,166,79,1
83,167,77,1
83,168,79,1
83,169,77,0
83,170,79,0
83,171,77,0
83,172,79,0
83,173,77,1
83,174,79,1
83,175,77,1
83,176,79,1
83,177,77,1
83,178,79,1
83,179,77,1
83,180,79,1
84,0,23,1
84,1,23,1
84,2,22,1
84,3,23,1
84,4,22,1
84,5,23,1
84,6,25,1
84,7,23,1
84,8,21,1
84,9,21,1
84,10,21,1
84,11,21,1
84,12,21,1
84,13,40,0
84,14,40,1
84,15,40,1
84,16,40,0
84,17,40,1
84,18,40,0
84,19,40,1
84,20,40,1
84,21,40,0
84,22,40,0
84,23,40,1
84,24,40,1
84,25,40,0
84,26,40,1
84,27,40,1
84,28,27,1
84,29,23,0
84,30,40,1
84,31,40,1
84,32,40,1
84,33,27,1
84,34,40,0
84,35,40,1
84,36,40,0
84,37,40,0
84,38,40,1
84,39,40,0
84,40,40,0
84,41,40,1
84,42,40,1
84,43,40,1
84,44,40,1
84,45,40,1
84,46,40,1
84,47,40,1
84,48,40,1
84,49,24,1
84,50,24,1
84,51,24,0
84,52,60,1
84,53,19,0
84,54,60,1
84,55,60,1
84,56,24,0
84,57,24,1
84,58,24,1
84,59,60,1
84,60,60,1
84,61,60,1
84,62,46,0
84,63,46,0
84,64,46,0
84,65,46,0
84,66,46,0
84,67,46,1
84,68,46,1
84,69,46,1
84,70,46,1
84,71,52,1
84,72,46,1
84,73,46,0
84,74,46,0
84,75,46,0
84,76,46,0
84,77,46,0
84,78,46,1
84,79,34,1
84,80,47,0
84,81,13,1
84,82,61,1
84,83,14,1
84,84,34,1
84,85,47,0
84,86,34,0
84,87,67,0
84,88,67,1
84,89,34,1
84,90,46,1
84,91,46,1
84,92,46,1
84,93,46,0
84,94,46,1
84,95,34,1
84,96,78,1
84,97,34,0
84,98,34,1
84,99,34,1
84,100,34,0
84,101,34,1
84,102,78,0
84,103,34,0
84,104,78,1
84,105,67,0
84,106,47,0
84,107,34,1
84,108,47,0
84,109,34,1
84,110,78,1
84,111,78,0
84,112,34,1
84,113,78,1
84,114,35,1
84,115,34,0
84,116,41,0
84,117,41,0
84,118,41,1
84,119,41,1
84,120,41,1
84,121,34,1
84,122,26,1
84,123,26,1
84,124,26,1
84,125,37,0
84,126,30,0
84,127,37,0
84,128,30,0
85,0,21,1
85,1,21,1
85,2,21,1
85,3,18,1
85,4,20,1
85,5,23,1
85,6,25,1
85,7,23,1
85,8,23,1
85,9,23,1
85,10,25,1
85,11,23,1
85,12,40,0
85,13,40,0
85,14,40,1
85,15,40,0
85,16,40,0
85,17,40,1
85,18,40,1
85,19,40,0
85,20,40,1
85,21,40,1
85,22,40,0
85,23,40,1
85,24,40,1
85,25,40,1
85,26,40,1
85,27,40,1
85,28,40,0
85,29,40,1
85,30,40,1
85,31,40,1
85,32,40,1
85,33,40,1
85,34,40,1
85,35,40,1
85,36,40,1
85,37,40,1
85,38,24,0
85,39,24,1
85,40,24,0
85,41,19,0
85,42,60,1
85,43,60,1
85,44,60,1
85,45,60,1
85,46,60,1
85,47,46,0
85,48,46,0
85,49,46,1
85,50,46,1
85,51,78,0
85,52,34,1
85,53,34,0
85,54,67,0
85,55,35,1
85,56,13,0
85,57,61,0
85,58,14,0
85,59,61,0
85,60,14,0
85,61,13,0
85,62,46,0
85,63,46,1
85,64,35,0
85,65,35,0
85,66,35,0
85,67,35,0
85,68,41,0
85,69,41,0
85,70,41,0
85,71,41,0
85,72,41,0
85,73,41,0
85,74,41,0
85,75,41,0
85,76,41,0
85,77,41,0
85,78,41,0
85,79,41,0
85,80,41,0
85,81,34,0
85,82,78,0
85,83,26,0
85,84,26,0
85,85,26,1
85,86,26,0
85,87,26,1
85,88,26,0
85,89,26,0
85,90,26,1
85,91,26,0
85,92,26,1
85,93,26,1
85,94,26,0
85,95,26,0
85,96,26,0
85,97,26,1
85,98,26,1
85,99,26,1
85,100,26,1
85,101,37,0
85,102,30,0
85,103,41,0
85,104,41,0
85,105,41,1
85,106,41,0
85,107,41,0
85,108,41,0
85,109,41,1
85,110,41,1
85,111,41,1
85,112,41,1
85,113,26,0
85,114,26,1
85,115,26,1
85,116,26,1
85,117,26,0
85,118,26,0
85,119,26,0
85,120,26,1
85,121,26,0
85,122,26,1
85,123,26,1
85,124,26,1
85,125,26,0
85,126,26,1
85,127,26,1
85,128,26,1
85,129,26,0
85,130,26,0
85,131,26,0
85,132,26,1
85,133,26,0
85,134,26,0
85,135,26,0
85,136,26,0
85,137,26,0
85,138,26,1
85,139,26,1
85,140,26,1
85,141,26,0
85,142,26,1
85,143,26,1
85,144,26,1
85,145,26,0
85,146,26,1
85,147,26,1
85,148,26,1
85,149,41,0
85,150,41,1
85,151,41,1
85,152,41,1
85,153,41,1
85,154,41,1
85,155,70,0
85,156,70,1
85,157,70,1
85,158,70,1
85,159,37,0
85,160,30,0
85,161,37,1
85,162,30,1
85,163,37,1
85,164,30,1
85,165,37,0
85,166,30,0
85,167,37,0
85,168,30,0
85,169,37,0
85,170,30,0
85,171,37,0
85,172,30,0
85,173,37,0
85,174,30,0
85,175,37,0
85,176,30,0
85,177,37,0
85,178,30,0
85,179,30,0
85,180,30,0
85,181,30,0
85,182,37,1
85,183,30,1
85,184,37,0
85,185,30,0
85,186,37,1
85,187,30,1
85,188,37,1
85,189,30,1
85,190,37,1
85,191,30,1
85,192,37,1
85,193,30,1
85,194,66,0
85,195,66,0
85,196,66,1
85,197,66,0
85,198,66,0
85,199,66,0
85,200,66,0
85,201,66,0
85,202,66,0
85,203,66,0
85,204,66,1
85,205,66,0
85,206,66,0
85,207,66,0
85,208,66,0
85,209,66,0
85,210,66,0
85,211,66,0
85,212,66,1
85,213,66,0
85,214,58,0
85,215,44,1
85,216,44,1
85,217,44,0
85,218,44,1
85,219,44,1
85,220,44,1
85,221,44,0
85,222,44,1
85,223,44,0
85,224,44,1
85,225,59,1
85,226,59,1
85,227,59,1
85,228,59,1
85,229,44,0
85,230,59,1
85,231,59,0
85,232,59,0
85,233,59,1
85,234,59,1
85,235,59,1
85,236,59,0
85,237,59,0
85,238,59,1
85,239,59,1
85,240,44,1
85,241,44,1
85,242,44,1
85,243,44,1
85,244,44,1
85,245,44,1
85,246,59,0
85,247,59,1
85,248,59,1
85,249,59,1
85,250,59,1
85,251,67,0
85,252,47,0
85,253,47,1
85,254,67,1
85,255,67,0
85,256,67,0
85,257,38,1
85,258,38,1
85,259,38,1
85,260,38,1
85,261,26,1
85,262,26,1
85,263,26,1
85,264,26,1
85,265,77,0
85,266,79,0
85,267,77,0
85,268,79,0
85,269,77,0
85,270,79,0
85,271,77,0
85,272,79,0
85,273,77,0
85,274,79,0
85,275,77,0
85,276,79,0
85,277,77,0
85,278,79,0
85,279,77,0
85,280,79,0
85,281,77,0
85,282,79,0
85,283,77,1
85,284,79,1
85,285,34,1
86,0,25,0
86,1,23,0
86,2,23,1
86,3,25,0
86,4,23,0
86,5,25,0
86,6,23,0
86,7,25,0
86,8,23,0
86,9,23,1
86,10,22,0
86,11,23,0
86,12,18,0
86,13,21,0
86,14,21,1
86,15,18,0
86,16,20,0
86,17,21,0
86,18,21,1
86,19,25,0
86,20,23,0
86,21,22,0
86,22,23,0
86,23,22,0
86,24,23,0
86,25,22,0
86,26,23,0
86,27,25,0
86,28,23,0
86,29,20,0
86,30,18,0
86,31,21,1
86,32,18,1
86,33,21,1
86,34,21,1
86,35,21,1
86,36,22,0
86,37,23,0
86,38,23,1
86,39,25,0
86,40,23,0
86,41,22,0
86,42,23,0
86,43,25,0
86,44,23,0
86,45,22,1
86,46,23,1
86,47,23,1
86,48,25,0
86,49,23,0
86,50,25,1
86,51,23,1
86,52,23,1
86,53,23,1
86,54,23,0
86,55,40,0
86,56,22,0
86,57,23,0
86,58,23,1
86,59,22,1
86,60,23,1
86,61,23,1
86,62,23,1
86,63,25,1
86,64,23,1
86,65,23,1
86,66,40,1
86,67,40,1
86,68,40,1
86,69,40,1
86,70,40,1
86,71,24,1
86,72,60,1
86,73,60,1
86,74,60,1
86,75,19,1
86,76,46,0
86,77,46,0
86,78,46,1
86,79,46,1
86,80,34,0
86,81,67,0
86,82,34,1
86,83,34,0
86,84,41,1
86,85,67,0
86,86,67,0
86,87,67,0
86,88,34,1
86,89,67,0
86,90,34,1
86,91,35,1
86,92,26,1
86,93,26,1
86,94,26,0
86,95,26,0
86,96,26,1
86,97,26,0
86,98,26,1
86,99,26,1
86,100,26,0
86,101,26,1
86,102,26,1
86,103,26,0
86,104,26,1
86,105,37,0
86,106,30,0
86,107,37,1
86,108,30,1
86,109,37,0
86,110,30,0
86,111,37,0
86,112,30,0
86,113,37,1
86,114,30,1
86,115,30,1
86,116,30,1
86,117,30,0
86,118,30,1
86,119,30,1
86,120,30,1
86,121,30,0
86,122,30,1
86,123,41,0
86,124,41,0
86,125,41,0
86,126,41,1
86,127,41,0
86,128,41,1
86,129,41,0
86,130,41,1
86,131,41,1
86,132,41,1
86,133,41,1
86,134,41,1
86,135,70,0
86,136,70,1
86,137,70,1
86,138,70,1
86,139,70,1
86,140,70,0
86,141,70,1
86,142,70,1
86,143,70,1
86,144,70,0
86,145,70,1
86,146,70,0
86,147,70,1
86,148,70,0
86,149,70,1
86,150,70,1
86,151,70,1
86,152,70,0
86,153,70,1
86,154,70,0
86,155,70,1
86,156,70,0
86,157,70,1
86,158,70,1
86,159,70,1
86,160,70,0
86,161,70,1
86,162,70,0
86,163,70,1
86,164,70,1
86,165,70,1
86,166,26,0
86,167,26,1
86,168,26,1
86,169,26,0
86,170,26,0
86,171,26,0
86,172,26,0
86,173,26,0
86,174,26,0
86,175,26,0
86,176,26,1
86,177,26,0
86,178,26,1
86,179,26,1
86,180,26,1
86,181,26,0
86,182,26,0
86,183,26,0
86,184,26,1
86,185,26,0
86,186,37,1
86,187,30,1
86,188,37,1
86,189,30,1
86,190,37,1
86,191,30,1
86,192,37,1
86,193,30,1
86,194,26,0
86,195,26,1
86,196,26,0
86,197,26,1
86,198,26,0
86,199,26,1
86,200,26,1
86,201,26,1
86,202,26,0
86,203,26,1
86,204,26,1
86,205,26,1
86,206,26,0
86,207,26,1
86,208,26,1
86,209,26,1
86,210,26,0
86,211,26,1
86,212,26,1
86,213,26,1
86,214,26,0
86,215,26,1
86,216,26,1
86,217,26,1
86,218,26,0
86,219,26,1
86,220,26,1
86,221,26,0
86,222,26,1
86,223,26,0
86,224,26,1
86,225,26,1
86,226,26,1
86,227,26,0
86,228,26,1
86,229,26,1
86,230,26,1
86,231,70,1
86,232,26,0
86,233,26,0
86,234,26,0
86,235,26,0
86,236,26,0
86,237,26,0
86,238,26,0
86,239,26,0
86,240,26,0
86,241,26,1
86,242,26,1
86,243,26,1
86,244,26,1
86,245,26,1
86,246,30,0
86,247,30,0
86,248,30,1
86,249,30,1
86,250,30,1
86,251,30,1
86,252,30,1
86,253,70,0
86,254,70,1
86,255,70,1
86,256,70,1
86,257,70,1
86,258,70,1
86,259,70,1
86,260,70,1
86,261,26,1
86,262,26,1
86,263,26,1
86,264,26,1
86,265,26,1
86,266,66,0
86,267,66,0
86,268,66,1
86,269,66,0
86,270,66,0
86,271,66,0
86,272,66,1
86,273,66,0
86,274,66,0
86,275,66,0
86,276,58,0
86,277,58,1
86,278,58,1
86,279,58,1
86,280,58,1
86,281,58,1
86,282,58,1
86,283,66,1
86,284,66,1
86,285,66,0
86,286,66,0
86,287,66,1
86,288,66,1
86,289,66,1
86,290,66,1
86,291,66,0
86,292,66,0
86,293,66,1
86,294,66,1
86,295,66,1
86,296,66,1
86,297,44,1
86,298,44,1
86,299,44,1
86,300,44,1
86,301,59,1
86,302,59,1
86,303,59,1
86,304,59,1
86,305,38,1
86,306,38,1
86,307,38,1
86,308,38,0
86,309,38,1
86,310,38,1
86,311,38,1
86,312,38,1
86,313,44,1
86,314,44,1
86,315,44,0
86,316,59,1
86,317,59,1
86,318,59,1
86,319,59,1
86,320,44,1
86,321,26,1
86,322,26,1
86,323,26,1
86,324,26,1
86,325,77,0
86,326,79,0
86,327,77,0
86,328,79,0
86,329,77,0
86,330,79,0
86,331,77,1
86,332,79,1
86,333,77,0
86,334,79,0
86,335,77,0
86,336,79,0
86,337,77,0
86,338,79,0
86,339,77,0
86,340,79,0
86,341,77,1
86,342,79,1
86,343,77,1
86,344,79,1
86,345,77,1
86,346,79,1
86,347,77,0
86,348,79,0
86,349,77,1
86,350,79,1
86,351,77,1
86,352,79,1
86,353,77,1
86,354,79,1
86,355,77,1
86,356,79,1
86,357,77,1
86,358,79,1
86,359,77,1
86,360,79,1
86,361,77,1
86,362,79,1
86,363,77,0
86,364,79,0
86,365,77,0
86,366,79,0
86,367,77,0
86,368,79,0
86,369,77,0
86,370,79,0
86,371,77,0
86,372,79,0
86,373,77,1
86,374,79,1
86,375,77,0
86,376,79,0
86,377,77,0
86,378,79,0
86,379,77,1
86,380,79,1
86,381,77,0
86,382,79,0
86,383,77,0
86,384,79,0
86,385,77,0
86,386,79,0
86,387,77,0
86,388,79,0
86,389,77,0
86,390,79,0
86,391,77,0
86,392,79,0
86,393,77,1
86,394,79,1
86,395,77,0
86,396,79,0
86,397,77,0
86,398,79,0
86,399,77,0
86,400,79,0
86,401,77,0
86,402,79,0
86,403,77,0
86,404,79,0
86,405,77,0
86,406,79,0
86,407,77,0
86,408,79,0
86,409,77,0
86,410,79,0
86,411,77,1
86,412,79,1
86,413,46,0
86,414,46,0
86,415,46,0
86,416,46,0
87,0,25,0
87,1,23,0
87,2,22,1
87,3,23,1
87,4,22,1
87,5,23,1
87,6,25,1
87,7,23,1
87,8,23,1
87,9,25,1
87,10,23,1
87,11,18,1
87,12,21,1
87,13,20,1
87,14,20,1
87,15,21,1
87,16,40,0
87,17,40,0
87,18,40,1
87,19,40,0
87,20,40,1
87,21,40,0
87,22,40,0
87,23,40,1
87,24,23,0
87,25,40,1
87,26,40,1
87,27,40,1
87,28,40,1
87,29,40,1
87,30,40,1
87,31,40,1
87,32,27,1
87,33,24,0
87,34,60,1
87,35,60,1
87,36,24,1
87,37,19,1
87,38,24,1
87,39,46,0
87,40,46,0
87,41,46,1
87,42,46,0
87,43,46,0
87,44,46,1
87,45,34,1
87,46,34,1
87,47,34,1
87,48,61,1
87,49,35,1
87,50,41,1
87,51,41,1
87,52,13,0
87,53,61,0
87,54,14,0
87,55,61,1
87,56,14,0
87,57,13,1
87,58,34,0
87,59,47,0
87,60,35,1
87,61,34,1
87,62,78,0
87,63,78,0
87,64,34,1
87,65,34,1
87,66,34,1
87,67,34,0
87,68,67,1
87,69,26,0
87,70,26,1
87,71,26,1
87,72,26,1
87,73,26,0
87,74,26,1
87,75,26,1
87,76,26,1
87,77,26,0
87,78,26,1
87,79,26,1
87,80,26,0
87,81,26,1
87,82,26,1
87,83,26,1
87,84,37,1
87,85,30,1
87,86,37,1
87,87,30,1
87,88,37,0
87,89,30,0
87,90,37,0
87,91,30,0
87,92,70,1
87,93,70,0
87,94,70,1
87,95,70,1
87,96,70,1
87,97,70,1
87,98,70,0
87,99,70,1
87,100,70,1
87,101,70,1
87,102,70,0
87,103,70,1
87,104,70,1
87,105,70,1
87,106,26,0
87,107,26,1
87,108,26,1
87,109,26,1
87,110,26,1
87,111,26,1
87,112,26,1
87,113,26,1
87,114,26,1
87,115,41,0
87,116,41,0
87,117,41,0
87,118,41,0
87,119,41,0
87,120,41,0
87,121,70,1
87,122,70,1
87,123,70,1
87,124,70,1
87,125,41,1
87,126,41,0
87,127,41,1
87,128,41,1
87,129,41,1
87,130,41,1
87,131,41,1
87,132,30,1
87,133,30,1
87,134,30,1
87,135,30,1
87,136,30,1
87,137,46,0
87,138,46,0
87,139,46,0
87,140,37,1
87,141,30,1
87,142,37,1
87,143,30,1
87,144,37,1
87,145,30,1
87,146,37,1
87,147,30,1
87,148,37,1
87,149,30,1
87,150,78,0
87,151,34,1
87,152,78,0
87,153,67,1
87,154,34,1
87,155,34,1
87,156,34,1
87,157,66,0
87,158,66,1
87,159,66,1
87,160,66,0
87,161,66,1
87,162,66,1
87,163,58,0
87,164,58,0
87,165,58,0
87,166,58,0
87,167,58,0
87,168,58,1
87,169,58,1
87,170,58,1
87,171,58,1
87,172,58,1
87,173,58,1
87,174,44,1
87,175,44,1
87,176,44,1
87,177,44,1
87,178,59,1
87,179,59,0
87,180,59,1
87,181,59,1
87,182,59,1
87,183,59,1
87,184,38,0
87,185,38,0
87,186,38,1
87,187,38,1
87,188,38,1
87,189,38,1
87,190,44,1
87,191,44,1
87,192,44,0
87,193,44,1
87,194,44,1
87,195,44,1
87,196,44,1
87,197,59,1
87,198,59,1
87,199,59,0
87,200,59,1
87,201,59,0
87,202,59,1
87,203,59,1
87,204,59,1
87,205,59,1
87,206,26,0
87,207,26,1
87,208,26,1
87,209,26,1
87,210,26,1
87,211,77,1
87,212,79,1
87,213,77,1
87,214,79,1
87,215,77,1
87,216,79,1
87,217,77,1
87,218,79,1
87,219,77,1
87,220,79,1
87,221,77,1
87,222,79,1
87,223,77,1
87,224,79,1
87,225,77,1
87,226,79,1
87,227,77,0
87,228,79,0
87,229,77,1
87,230,79,1
87,231,77,1
87,232,79,1
87,233,77,1
87,234,79,1
87,235,77,1
87,236,79,1
88,0,22,1
88,1,23,1
88,2,25,1
88,3,23,1
88,4,23,1
88,5,23,1
88,6,23,1
88,7,18,1
88,8,18,1
88,9,21,1
88,10,18,1
88,11,21,1
88,12,40,0
88,13,40,0
88,14,40,0
88,15,40,1
88,16,40,1
88,17,40,1
88,18,23,0
88,19,27,1
88,20,23,1
88,21,40,1
88,22,40,1
88,23,40,0
88,24,40,1
88,25,40,1
88,26,40,0
88,27,40,1
88,28,40,1
88,29,40,1
88,30,40,1
88,31,40,1
88,32,27,1
88,33,40,1
88,34,27,1
88,35,24,1
88,36,19,1
88,37,60,1
88,38,19,1
88,39,60,1
88,40,46,0
88,41,46,1
88,42,67,1
88,43,41,1
88,44,34,1
88,45,26,1
88,46,26,1
88,47,26,1
88,48,37,0
88,49,30,0
88,50,37,0
88,51,30,0
88,52,37,1
88,53,30,1
88,54,37,0
88,55,30,0
88,56,37,0
88,57,30,0
88,58,70,0
88,59,70,1
88,60,70,1
88,61,70,0
88,62,70,1
88,63,70,1
88,64,70,1
88,65,44,1
88,66,44,1
88,67,44,1
88,68,44,1
88,69,59,1
88,70,59,0
88,71,59,1
88,72,59,1
88,73,59,1
88,74,59,1
88,75,38,1
88,76,38,1
88,77,38,1
88,78,38,1
88,79,59,1
88,80,59,1
88,81,59,1
88,82,59,1
88,83,44,1
88,84,44,1
88,85,44,0
88,86,44,1
88,87,44,0
88,88,44,1
88,89,44,1
88,90,44,1
88,91,44,0
88,92,44,1
89,0,25,1
89,1,23,1
89,2,23,1
89,3,25,1
89,4,23,1
89,5,22,1
89,6,23,1
89,7,22,1
89,8,23,1
89,9,20,1
89,10,20,1
89,11,21,1
89,12,21,1
89,13,21,1
89,14,40,1
89,15,40,1
89,16,40,1
89,17,40,1
89,18,40,1
89,19,40,1
89,20,40,0
89,21,23,1
89,22,40,1
89,23,23,0
89,24,40,0
89,25,27,0
89,26,40,1
89,27,40,0
89,28,40,0
89,29,40,0
89,30,40,0
89,31,27,1
89,32,40,1
89,33,40,1
89,34,23,1
89,35,46,0
89,36,46,0
89,37,46,1
89,38,26,0
89,39,26,1
89,40,26,1
89,41,26,0
89,42,26,0
89,43,26,1
89,44,26,1
89,45,26,1
89,46,26,1
89,47,26,1
89,48,26,0
89,49,26,1
89,50,26,0
89,51,26,1
89,52,26,1
89,53,26,1
89,54,26,1
89,55,37,0
89,56,30,0
89,57,37,0
89,58,30,0
89,59,37,1
89,60,30,1
89,61,37,1
89,62,30,1
89,63,37,1
89,64,30,1
89,65,30,0
89,66,30,1
89,67,30,1
89,68,30,1
89,69,30,1
89,70,30,1
89,71,70,0
89,72,70,1
89,73,70,1
89,74,70,1
89,75,70,1
89,76,70,0
89,77,70,1
89,78,70,1
89,79,70,1
90,0,22,1
90,1,23,1
90,2,22,1
90,3,23,1
90,4,23,1
90,5,25,0
90,6,23,0
90,7,23,1
90,8,23,1
90,9,23,1
90,10,18,1
90,11,21,1
90,12,21,1
90,13,21,1
90,14,18,1
90,15,25,0
90,16,23,0
90,17,23,1
90,18,25,1
90,19,23,1
90,20,25,0
90,21,23,0
90,22,25,0
90,23,23,0
90,24,25,1
90,25,23,1
90,26,23,1
90,27,22,0
90,28,23,0
90,29,40,1
90,30,40,0
90,31,40,0
90,32,40,1
90,33,40,1
90,34,40,1
90,35,40,1
90,36,40,1
90,37,40,1
90,38,40,0
90,39,40,1
90,40,40,1
90,41,40,1
90,42,23,1
90,43,40,1
90,44,23,0
90,45,40,0
90,46,40,1
90,47,23,1
90,48,40,1
90,49,40,1
90,50,40,1
90,51,40,1
90,52,40,1
90,53,40,1
90,54,25,1
90,55,23,1
90,56,22,1
90,57,23,1
90,58,25,1
90,59,23,1
90,60,25,1
90,61,23,1
90,62,25,1
90,63,23,1
90,64,40,1
90,65,40,1
90,66,60,1
90,67,24,1
90,68,24,1
90,69,60,1
90,70,60,1
90,71,67,0
90,72,67,1
90,73,78,1
90,74,34,1
90,75,34,1
90,76,34,0
90,77,67,1
90,78,34,1
90,79,26,0
90,80,26,0
90,81,26,0
90,82,26,0
90,83,26,0
90,84,26,1
90,85,26,0
90,86,26,1
90,87,26,1
90,88,26,0
90,89,26,1
90,90,26,1
90,91,26,1
90,92,26,1
90,93,26,0
90,94,26,0
90,95,26,0
90,96,26,1
90,97,26,0
90,98,26,0
90,99,26,0
90,100,26,0
90,101,26,1
90,102,26,1
90,103,26,1
90,104,26,0
90,105,26,1
90,106,26,0
90,107,26,0
90,108,26,0
90,109,26,1
90,110,26,0
90,111,26,0
90,112,30,0
90,113,30,1
90,114,30,1
90,115,30,1
90,116,30,1
90,117,30,0
90,118,30,1
90,119,30,1
90,120,30,1
90,121,30,1
90,122,70,1
90,123,70,0
90,124,70,1
90,125,70,1
90,126,70,1
90,127,70,0
90,128,70,1
90,129,70,1
90,130,70,1
90,131,70,0
90,132,70,1
90,133,70,0
90,134,70,1
90,135,70,1
90,136,70,1
90,137,26,0
90,138,26,0
90,139,26,0
90,140,26,1
90,141,26,1
90,142,26,0
90,143,26,0
90,144,26,1
90,145,26,0
90,146,26,1
90,147,26,0
90,148,26,0
90,149,26,0
90,150,26,0
90,151,26,0
90,152,26,0
90,153,26,1
90,154,26,0
90,155,26,0
90,156,26,1
90,157,26,1
90,158,26,0
90,159,46,0
90,160,46,0
90,161,46,0
90,162,66,0
90,163,66,0
90,164,66,1
90,165,66,0
90,166,58,0
90,167,58,0
90,168,58,0
90,169,58,0
90,170,58,0
90,171,58,0
90,172,58,0
90,173,58,0
90,174,58,0
90,175,58,0
90,176,58,0
90,177,44,1
90,178,44,1
90,179,44,1
90,180,44,1
90,181,59,1
90,182,59,1
90,183,59,1
90,184,59,1
90,185,44,1
90,186,44,1
90,187,44,1
90,188,44,1
90,189,59,1
90,190,59,1
90,191,59,1
90,192,59,1
90,193,38,1
90,194,38,1
90,195,38,1
90,196,38,1
90,197,46,0
90,198,46,0
90,199,77,0
90,200,79,0
91,0,25,0
91,1,23,0
91,2,23,1
91,3,22,1
91,4,23,1
91,5,25,1
91,6,23,1
91,7,23,1
91,8,40,0
91,9,40,1
91,10,40,1
91,11,40,0
91,12,40,0
91,13,40,0
91,14,40,1
91,15,40,0
91,16,40,0
91,17,40,1
91,18,40,1
91,19,40,1
91,20,23,0
91,21,40,0
91,22,40,0
91,23,40,0
91,24,40,1
91,25,40,1
91,26,40,0
91,27,40,1
91,28,40,0
91,29,40,1
91,30,40,1
91,31,40,1
91,32,27,1
91,33,40,0
91,34,40,1
91,35,40,0
91,36,40,0
91,37,40,1
91,38,40,1
91,39,40,1
91,40,23,1
91,41,20,0
91,42,21,0
91,43,18,1
91,44,21,1
91,45,21,1
91,46,21,1
91,47,19,1
91,48,24,0
91,49,24,0
91,50,24,0
91,51,24,1
91,52,19,1
91,53,60,0
91,54,60,1
91,55,60,0
91,56,24,0
91,57,24,1
91,58,60,0
91,59,19,0
91,60,24,1
91,61,19,0
91,62,24,1
91,63,19,0
91,64,24,1
91,65,24,1
91,66,60,0
91,67,19,0
91,68,24,1
91,69,19,0
91,70,24,1
91,71,24,1
91,72,19,0
91,73,24,1
91,74,19,1
91,75,60,1
91,76,19,1
91,77,19,1
91,78,46,0
91,79,46,0
91,80,46,0
91,81,46,0
91,82,46,1
91,83,46,0
91,84,46,1
91,85,46,0
91,86,46,0
91,87,67,0
91,88,78,0
91,89,78,0
91,90,34,1
91,91,34,0
91,92,78,0
91,93,34,0
91,94,34,1
91,95,26,0
91,96,26,0
91,97,26,1
91,98,26,1
91,99,26,0
91,100,26,1
91,101,26,1
91,102,26,1
91,103,37,0
91,104,30,0
91,105,37,1
91,106,30,1
91,107,37,0
91,108,30,0
91,109,37,0
91,110,30,0
91,111,37,0
91,112,30,0
91,113,37,1
91,114,30,1
91,115,37,0
91,116,30,0
91,117,37,0
91,118,30,0
91,119,37,0
91,120,30,0
91,121,37,1
91,122,30,1
91,123,37,1
91,124,30,1
91,125,37,1
91,126,30,1
91,127,37,1
91,128,30,1
91,129,37,1
91,130,30,1
91,131,30,1
91,132,30,1
91,133,30,1
91,134,30,1
91,135,30,1
91,136,70,0
91,137,70,1
91,138,70,1
91,139,70,1
91,140,70,0
91,141,70,1
91,142,70,1
91,143,70,1
91,144,70,1
91,145,70,1
91,146,70,0
91,147,70,1
91,148,70,1
91,149,70,1
91,150,70,1
91,151,70,1
91,152,70,1
91,153,70,1
91,154,70,0
91,155,70,1
91,156,70,1
91,157,70,1
91,158,70,1
91,159,70,1
91,160,70,1
91,161,70,1
91,162,26,0
91,163,26,0
91,164,26,1
91,165,26,0
91,166,26,0
91,167,26,1
91,168,26,1
91,169,26,1
91,170,26,1
91,171,26,1
91,172,26,1
91,173,26,1
91,174,26,1
91,175,41,0
91,176,41,1
91,177,41,1
91,178,41,1
91,179,41,1
91,180,41,1
91,181,70,1
91,182,66,0
91,183,58,0
91,184,66,1
91,185,66,1
91,186,66,0
91,187,66,1
91,188,66,1
91,189,58,1
91,190,58,1
91,191,58,0
91,192,58,1
91,193,58,0
91,194,58,1
91,195,58,1
91,196,58,0
91,197,58,1
91,198,58,0
91,199,58,1
91,200,58,1
91,201,58,1
91,202,58,1
91,203,58,1
91,204,58,1
91,205,44,0
91,206,44,1
91,207,44,1
91,208,44,1
91,209,44,1
91,210,59,1
91,211,59,1
91,212,59,0
91,213,59,1
91,214,59,1
91,215,59,1
91,216,59,1
91,217,38,0
91,218,38,1
91,219,38,1
91,220,38,1
91,221,38,1
91,222,44,1
91,223,44,1
91,224,44,1
91,225,44,1
91,226,59,1
91,227,59,1
91,228,59,1
91,229,59,1
91,230,26,1
91,231,26,1
91,232,26,1
91,233,26,1
91,234,77,1
91,235,79,1
91,236,77,1
91,237,79,1
91,238,77,1
91,239,79,1
91,240,77,1
91,241,79,1
91,242,77,1
91,243,79,1
91,244,77,1
91,245,79,1
91,246,77,1
91,247,79,1
91,248,77,1
91,249,79,1
91,250,77,0
91,251,79,0
91,252,77,0
91,253,79,0
91,254,77,1
91,255,79,1
91,256,77,1
91,257,79,1
91,258,77,1
91,259,79,1
91,260,77,0
91,261,79,0
92,0,23,1
92,1,25,1
92,2,23,1
92,3,23,1
92,4,22,1
92,5,23,1
92,6,23,1
92,7,21,1
92,8,20,1
92,9,18,1
92,10,21,1
92,11,21,1
92,12,40,0
92,13,40,1
92,14,40,1
92,15,40,1
92,16,40,0
92,17,40,1
92,18,40,1
92,19,40,1
92,20,40,1
92,21,40,0
92,22,40,1
92,23,40,1
92,24,40,1
92,25,40,1
92,26,40,1
92,27,40,1
92,28,40,0
92,29,40,1
92,30,40,1
92,31,40,0
92,32,40,0
92,33,40,1
92,34,40,1
92,35,40,0
92,36,40,1
92,37,40,1
92,38,40,1
92,39,40,1
92,40,40,1
92,41,24,1
92,42,40,0
92,43,40,1
92,44,40,0
92,45,40,1
92,46,40,1
92,47,40,1
92,48,23,1
92,49,23,1
92,50,40,0
92,51,40,0
92,52,40,1
92,53,40,1
92,54,60,1
92,55,19,1
92,56,60,1
92,57,24,1
92,58,40,1
92,59,27,1
92,60,23,0
92,61,40,0
92,62,40,1
92,63,40,1
92,64,40,0
92,65,23,1
92,66,40,1
92,67,40,1
92,68,23,1
92,69,40,1
92,70,46,0
92,71,46,1
92,72,46,1
92,73,34,1
92,74,67,1
92,75,67,0
92,76,34,1
92,77,67,1
92,78,47,1
92,79,34,1
92,80,46,1
92,81,26,0
92,82,26,1
92,83,26,1
92,84,26,0
92,85,26,1
92,86,26,1
92,87,26,1
92,88,37,1
92,89,30,1
92,90,37,1
92,91,30,1
92,92,37,0
92,93,30,0
92,94,37,1
92,95,30,1
92,96,37,1
92,97,30,1
92,98,37,1
92,99,30,1
92,100,30,1
92,101,46,0
92,102,70,1
92,103,66,1
92,104,58,1
92,105,58,1
92,106,58,1
92,107,58,1
92,108,58,1
92,109,58,0
92,110,58,1
92,111,58,1
92,112,58,1
92,113,66,0
92,114,66,0
92,115,66,1
92,116,66,1
92,117,44,1
92,118,44,1
92,119,44,1
92,120,44,1
92,121,59,1
92,122,59,1
92,123,59,1
92,124,59,1
92,125,38,1
92,126,38,1
92,127,38,1
92,128,38,1
92,129,44,0
92,130,44,1
92,131,44,1
92,132,44,1
92,133,44,0
92,134,44,0
92,135,44,1
92,136,59,1
92,137,59,1
92,138,59,1
92,139,59,1
92,140,44,1
92,141,44,1
92,142,44,1
92,143,30,1
92,144,30,1
92,145,30,1
92,146,30,1
92,147,70,0
92,148,70,1
92,149,70,1
92,150,70,1
92,151,70,1
92,152,70,1
92,153,70,1
92,154,26,0
92,155,26,1
92,156,26,1
92,157,26,1
92,158,26,1
92,159,26,1
92,160,26,0
92,161,26,1
92,162,26,1
92,163,26,1
92,164,26,0
92,165,26,1
92,166,26,1
92,167,26,1
92,168,26,1
92,169,26,1
92,170,26,1
92,171,26,1
92,172,26,1
92,173,41,0
92,174,41,0
92,175,41,0
92,176,41,0
92,177,41,0
92,178,41,1
92,179,41,1
92,180,41,1
92,181,41,1
92,182,41,1
92,183,66,1
92,184,66,0
92,185,66,1
92,186,66,1
92,187,66,1
92,188,66,1
92,189,66,1
93,0,25,0
93,1,23,0
93,2,23,1
93,3,25,1
93,4,23,1
93,5,23,1
93,6,22,1
93,7,23,1
93,8,25,1
93,9,23,1
93,10,18,0
93,11,20,0
93,12,21,0
93,13,20,0
93,14,21,1
93,15,20,0
93,16,21,1
93,17,20,0
93,18,18,1
93,19,21,1
93,20,21,1
93,21,21,1
93,22,21,1
93,23,40,1
93,24,40,1
93,25,23,0
93,26,40,0
93,27,40,0
93,28,40,0
93,29,40,0
93,30,40,0
93,31,40,1
93,32,40,1
93,33,40,1
93,34,23,0
93,35,23,1
93,36,23,1
93,37,40,1
93,38,40,1
93,39,40,1
93,40,40,1
93,41,40,1
93,42,40,1
93,43,60,1
93,44,24,0
93,45,19,0
93,46,19,1
93,47,24,1
93,48,19,1
93,49,46,0
93,50,46,0
93,51,46,0
93,52,46,0
93,53,46,0
93,54,46,0
93,55,26,0
93,56,26,1
93,57,26,0
93,58,26,0
93,59,26,1
93,60,26,0
93,61,26,0
93,62,26,0
93,63,26,0
93,64,26,0
93,65,26,1
93,66,26,1
93,67,26,0
93,68,26,0
93,69,26,0
93,70,26,1
93,71,26,1
93,72,26,0
93,73,26,0
93,74,26,0
93,75,26,1
93,76,26,1
93,77,26,0
93,78,26,1
93,79,26,1
93,80,26,0
93,81,26,1
93,82,26,0
93,83,26,0
93,84,37,0
93,85,30,0
93,86,37,0
93,87,30,0
93,88,37,1
93,89,30,1
93,90,37,0
93,91,30,0
93,92,37,0
93,93,30,0
93,94,37,0
93,95,30,0
93,96,37,0
93,97,30,0
93,98,37,0
93,99,30,0
93,100,37,1
93,101,30,1
93,102,37,1
93,103,30,1
93,104,30,1
93,105,30,1
93,106,30,1
93,107,30,1
93,108,30,1
93,109,70,1
93,110,70,0
93,111,70,1
93,112,70,0
93,113,70,1
93,114,70,1
93,115,70,1
93,116,70,1
93,117,70,1
93,118,70,1
93,119,26,0
93,120,26,1
93,121,26,1
93,122,26,1
93,123,26,0
93,124,26,0
93,125,41,0
93,126,41,0
93,127,41,0
93,128,41,0
93,129,41,0
93,130,41,0
93,131,41,0
93,132,41,0
93,133,41,0
93,134,41,0
93,135,70,0
93,136,70,1
93,137,70,0
93,138,70,0
93,139,70,1
93,140,70,1
93,141,70,1
93,142,70,1
93,143,26,1
93,144,26,0
93,145,26,1
93,146,26,1
93,147,26,1
93,148,26,1
93,149,41,0
93,150,41,1
93,151,41,0
93,152,41,1
93,153,41,1
93,154,41,1
93,155,41,1
93,156,41,1
93,157,37,1
93,158,30,1
93,159,37,1
93,160,30,1
93,161,37,1
93,162,30,1
93,163,66,1
93,164,66,1
93,165,66,1
93,166,58,1
93,167,58,0
93,168,58,1
93,169,58,1
93,170,58,1
93,171,44,1
93,172,44,1
93,173,44,1
93,174,44,1
93,175,59,1
93,176,59,1
93,177,59,1
93,178,59,1
93,179,38,1
93,180,38,1
93,181,38,1
93,182,38,1
93,183,44,1
93,184,44,0
93,185,44,1
93,186,44,1
93,187,59,1
93,188,59,1
93,189,59,1
93,190,59,1
94,0,25,0
94,1,23,0
94,2,23,1
94,3,25,1
94,4,23,1
94,5,25,1
94,6,23,1
94,7,25,1
94,8,23,1
94,9,18,0
94,10,21,1
94,11,21,1
94,12,21,1
94,13,21,1
94,14,40,0
94,15,40,0
94,16,40,1
94,17,40,1
94,18,40,0
94,19,40,1
94,20,40,1
94,21,40,1
94,22,40,1
94,23,40,1
94,24,40,1
94,25,40,0
94,26,23,0
94,27,23,0
94,28,27,1
94,29,40,0
94,30,40,1
94,31,40,1
94,32,40,0
94,33,23,0
94,34,40,1
94,35,23,1
94,36,27,1
94,37,23,1
94,38,40,1
94,39,46,1
94,40,47,0
94,41,34,1
94,42,67,0
94,43,67,0
94,44,34,1
94,45,47,1
94,46,46,0
94,47,46,1
94,48,46,0
94,49,46,0
94,50,34,1
94,51,34,0
94,52,78,1
94,53,67,0
94,54,26,0
94,55,26,0
94,56,26,1
94,57,26,1
94,58,26,0
94,59,26,1
94,60,26,0
94,61,26,1
94,62,26,1
94,63,26,1
94,64,26,1
94,65,26,1
94,66,26,1
94,67,37,0
94,68,30,0
94,69,37,1
94,70,30,1
94,71,37,1
94,72,30,1
94,73,37,1
94,74,30,1
94,75,30,1
94,76,30,1
94,77,30,1
94,78,70,0
94,79,70,1
94,80,70,1
94,81,70,1
94,82,70,1
94,83,70,1
94,84,70,1
94,85,26,0
94,86,26,1
94,87,26,1
94,88,26,1
94,89,26,0
94,90,26,1
94,91,26,1
94,92,26,1
94,93,26,0
94,94,26,0
94,95,26,0
94,96,26,0
94,97,26,1
94,98,26,1
94,99,26,1
94,100,26,1
94,101,26,1
94,102,41,0
94,103,41,1
94,104,41,1
94,105,41,1
94,106,41,1
94,107,41,1
94,108,66,0
94,109,66,1
94,110,66,1
94,111,66,0
94,112,66,0
94,113,66,0
94,114,66,1
94,115,66,1
94,116,38,1
94,117,38,1
94,118,38,1
94,119,38,1
94,120,44,1
94,121,44,1
94,122,44,1
94,123,44,1
94,124,59,1
94,125,59,1
94,126,59,1
94,127,59,1
94,128,44,1
94,129,44,1
94,130,44,1
94,131,44,1
94,132,59,1
94,133,59,1
94,134,59,1
94,135,59,1
94,136,77,1
94,137,79,1
94,138,77,1
94,139,79,1
94,140,77,1
94,141,79,1
94,142,77,0
94,143,79,0
94,144,77,1
94,145,79,1
94,146,77,1
94,147,79,1
94,148,77,1
94,149,79,1
94,150,77,1
94,151,79,1
94,152,77,1
94,153,79,1
94,154,77,1
94,155,79,1
94,156,77,1
94,157,79,1
94,158,77,1
94,159,79,1
95,0,25,0
95,1,23,0
95,2,23,1
95,3,25,1
95,4,23,1
95,5,22,1
95,6,23,1
95,7,23,1
95,8,25,1
95,9,23,1
95,10,18,1
95,11,21,1
95,12,20,1
95,13,21,1
95,14,21,1
95,15,40,1
95,16,40,1
95,17,40,1
95,18,40,1
95,19,40,1
95,20,27,1
95,21,23,1
95,22,40,1
95,23,24,1
95,24,19,1
95,25,19,1
95,26,19,1
95,27,19,1
95,28,46,1
95,29,67,1
95,30,35,0
95,31,35,0
95,32,35,0
95,33,34,1
95,34,34,1
95,35,47,0
95,36,26,1
95,37,26,0
95,38,26,1
95,39,26,1
95,40,26,1
95,41,37,0
95,42,30,0
95,43,37,1
95,44,30,1
95,45,37,1
95,46,30,1
95,47,30,1
95,48,30,1
95,49,30,1
95,50,70,0
95,51,70,1
95,52,70,1
95,53,70,1
95,54,70,1
95,55,70,1
95,56,70,1
95,57,70,1
95,58,70,1
95,59,26,1
95,60,26,1
95,61,26,0
95,62,26,1
95,63,26,1
95,64,26,1
95,65,26,1
95,66,26,1
95,67,26,1
95,68,26,1
95,69,26,1
95,70,41,0
95,71,41,0
95,72,41,0
95,73,41,0
95,74,41,1
95,75,41,0
95,76,41,1
95,77,41,1
95,78,41,1
95,79,41,1
95,80,41,0
95,81,41,0
95,82,41,1
95,83,41,1
95,84,41,1
95,85,41,1
95,86,66,1
95,87,66,1
95,88,66,0
95,89,66,0
95,90,66,1
95,91,66,1
95,92,66,0
95,93,66,0
95,94,66,1
95,95,66,1
95,96,66,1
95,97,66,1
95,98,66,1
95,99,58,1
95,100,58,1
95,101,58,1
95,102,58,1
95,103,58,1
95,104,58,1
95,105,44,1
95,106,44,1
95,107,44,1
95,108,44,1
95,109,59,1
95,110,59,1
95,111,59,1
95,112,59,1
95,113,38,1
95,114,38,1
95,115,38,1
95,116,38,0
95,117,38,1
95,118,38,1
95,119,38,1
95,120,38,1
95,121,44,1
95,122,44,1
95,123,44,1
95,124,44,1
95,125,59,1
95,126,59,1
95,127,59,1
95,128,59,1
95,129,26,1
95,130,26,1
95,131,26,1
95,132,26,1
95,133,77,1
95,134,79,1
95,135,77,1
95,136,79,1
95,137,77,1
95,138,79,1
95,139,77,1
95,140,79,1
95,141,77,1
95,142,79,1
95,143,77,1
95,144,79,1
95,145,77,1
95,146,79,1
95,147,77,1
95,148,79,1
95,149,77,1
95,150,79,1
95,151,77,1
95,152,79,1
95,153,77,1
95,154,79,1
95,155,77,1
95,156,79,1
96,0,22,1
96,1,23,1
96,2,23,1
96,3,23,1
96,4,23,1
96,5,22,1
96,6,23,1
96,7,21,1
96,8,21,1
96,9,20,1
96,10,18,1
96,11,21,1
96,12,40,0
96,13,40,0
96,14,23,0
96,15,23,1
96,16,23,0
96,17,23,1
96,18,40,0
96,19,27,1
96,20,23,1
96,21,46,1
96,22,47,0
97,0,21,1
97,1,18,0
97,2,21,1
97,3,21,1
97,4,21,1
97,5,21,1
97,6,19,1
97,7,19,0
97,8,20,0
97,9,21,1
97,10,21,1
97,11,22,1
97,12,23,1
97,13,22,1
97,14,23,1
97,15,25,1
97,16,23,1
97,17,25,1
97,18,23,1
97,19,22,1
97,20,23,1
97,21,23,1
97,22,40,0
97,23,40,1
97,24,40,1
97,25,40,1
97,26,40,0
97,27,40,0
97,28,40,1
97,29,40,1
97,30,40,1
97,31,40,1
97,32,23,1
97,33,19,1
97,34,18,0
97,35,21,1
97,36,21,1
97,37,18,1
97,38,18,1
97,39,40,0
97,40,40,1
97,41,40,1
97,42,40,0
97,43,23,1
97,44,23,1
97,45,23,0
97,46,27,1
97,47,40,1
97,48,40,1
97,49,40,1
97,50,60,0
97,51,60,0
97,52,60,1
97,53,24,1
97,54,60,1
97,55,19,0
97,56,19,1
97,57,19,0
97,58,24,0
97,59,19,1
97,60,60,1
97,61,24,1
97,62,24,0
97,63,24,1
97,64,19,1
97,65,60,1
97,66,24,0
97,67,60,1
97,68,60,1
97,69,60,0
97,70,24,1
97,71,19,1
97,72,24,0
97,73,60,1
97,74,24,1
97,75,19,1
97,76,60,1
97,77,19,1
97,78,46,0
97,79,46,0
97,80,46,0
97,81,46,0
97,82,46,0
97,83,46,0
98,0,25,0
98,1,23,0
98,2,25,1
98,3,23,1
98,4,25,0
98,5,23,0
98,6,23,1
98,7,23,1
98,8,22,0
98,9,23,0
98,10,22,1
98,11,23,1
98,12,18,0
98,13,20,0
98,14,21,1
98,15,21,1
98,16,18,0
98,17,21,1
98,18,21,1
98,19,23,1
98,20,21,1
98,21,21,1
98,22,21,1
98,23,40,0
98,24,40,0
98,25,40,0
98,26,40,0
98,27,40,1
98,28,40,0
98,29,60,0
98,30,60,1
98,31,19,1
98,32,60,1
98,33,24,1
98,34,23,0
98,35,40,0
98,36,40,0
98,37,40,0
98,38,46,0
98,39,46,1
98,40,46,0
98,41,46,0
98,42,46,1
98,43,34,1
98,44,34,0
98,45,67,0
98,46,34,1
98,47,26,0
98,48,26,0
98,49,26,1
98,50,26,1
98,51,26,1
98,52,37,1
98,53,30,1
98,54,37,1
98,55,30,1
98,56,37,1
98,57,30,1
98,58,30,1
98,59,30,1
98,60,30,0
98,61,30,1
98,62,30,1
98,63,30,0
98,64,30,1
98,65,30,1
98,66,30,1
98,67,46,0
98,68,70,0
98,69,70,1
98,70,70,1
98,71,70,1
98,72,70,0
98,73,70,1
98,74,70,1
98,75,70,0
98,76,70,1
98,77,70,1
98,78,70,1
98,79,70,0
98,80,70,1
98,81,70,0
98,82,70,1
98,83,70,1
98,84,70,1
98,85,70,0
98,86,70,1
98,87,70,1
98,88,70,1
98,89,70,0
98,90,70,1
98,91,70,0
98,92,70,1
98,93,70,0
98,94,70,0
98,95,26,1
98,96,26,0
98,97,26,0
98,98,26,1
98,99,26,1
98,100,26,0
98,101,26,1
98,102,26,1
98,103,26,1
98,104,26,0
98,105,26,1
98,106,26,1
98,107,26,1
98,108,26,0
98,109,26,1
98,110,26,1
98,111,26,1
98,112,26,0
98,113,26,1
98,114,26,1
98,115,26,1
98,116,26,1
98,117,26,1
98,118,26,0
98,119,26,1
98,120,26,1
98,121,26,1
98,122,26,1
98,123,70,1
98,124,70,1
98,125,70,0
98,126,70,1
98,127,70,1
98,128,70,1
98,129,41,0
98,130,41,0
98,131,41,1
98,132,41,1
98,133,41,1
98,134,41,1
98,135,41,1
98,136,70,0
98,137,70,1
98,138,70,1
98,139,70,1
98,140,70,1
98,141,70,1
98,142,70,1
98,143,70,0
98,144,70,1
98,145,70,0
98,146,70,1
98,147,70,1
98,148,70,1
98,149,70,0
98,150,70,1
98,151,70,1
98,152,70,1
98,153,70,1
98,154,26,0
98,155,26,1
98,156,26,1
98,157,26,1
98,158,26,1
98,159,26,1
98,160,26,0
98,161,26,1
98,162,26,1
98,163,26,1
98,164,26,1
98,165,26,0
98,166,26,1
98,167,26,0
98,168,26,1
98,169,26,0
98,170,26,0
98,171,66,0
98,172,66,0
98,173,66,1
98,174,66,1
98,175,66,0
98,176,66,1
98,177,66,1
98,178,66,1
98,179,66,0
98,180,66,0
98,181,66,1
98,182,66,0
98,183,66,1
98,184,66,0
98,185,66,0
98,186,66,1
98,187,66,0
98,188,66,0
98,189,66,0
98,190,66,1
98,191,66,1
98,192,66,0
98,193,66,0
98,194,66,1
98,195,66,1
98,196,66,0
98,197,66,1
98,198,66,1
98,199,66,1
98,200,66,1
98,201,66,0
98,202,66,0
98,203,58,1
98,204,58,1
98,205,58,1
98,206,58,0
98,207,58,1
98,208,58,1
98,209,58,1
98,210,66,1
98,211,66,0
98,212,66,1
98,213,59,1
98,214,59,1
98,215,59,1
98,216,59,1
98,217,44,0
98,218,44,0
98,219,44,1
98,220,44,1
98,221,44,0
98,222,44,1
98,223,44,1
98,224,44,1
98,225,44,1
98,226,38,0
98,227,38,1
98,228,38,1
98,229,38,1
98,230,38,1
98,231,59,1
98,232,59,1
98,233,59,1
98,234,59,1
98,235,44,1
98,236,44,1
98,237,44,1
98,238,44,1
98,239,77,0
98,240,79,0
99,0,21,1
99,1,18,0
99,2,18,1
99,3,20,0
99,4,21,1
99,5,18,1
99,6,21,1
99,7,21,1
99,8,20,1
99,9,22,1
99,10,23,1
99,11,23,1
99,12,25,1
99,13,23,1
99,14,22,1
99,15,23,1
99,16,25,0
99,17,23,0
99,18,22,1
99,19,23,1
99,20,22,1
99,21,23,1
99,22,40,0
99,23,23,1
99,24,23,1
99,25,27,1
99,26,23,1
99,27,23,0
99,28,40,0
99,29,40,0
99,30,40,0
99,31,40,1
99,32,40,1
99,33,27,1
99,34,23,0
99,35,40,0
99,36,40,1
99,37,40,1
99,38,40,0
99,39,40,0
99,40,40,1
99,41,40,1
99,42,40,0
99,43,40,1
99,44,40,1
99,45,40,1
99,46,40,1
99,47,60,0
99,48,24,1
99,49,19,1
99,50,60,1
99,51,24,1
99,52,19,1
99,53,45,0
99,54,45,0
99,55,45,0
99,56,46,0
99,57,46,0
99,58,46,0
99,59,46,0
99,60,46,0
99,61,46,0
99,62,46,0
99,63,26,0
99,64,26,0
99,65,37,0
99,66,30,0
100,0,48,1
100,1,51,1
100,2,50,1
100,3,50,0
100,4,50,0
100,5,50,1
100,6,50,0
100,7,50,1
100,8,50,0
101,0,50,1
101,1,50,1
101,2,50,1
101,3,50,1
101,4,51,1
101,5,51,0
101,6,51,1
101,7,51,1
101,8,50,0
102,0,51,1
102,1,50,1
102,2,50,1
102,3,48,1
102,4,50,1
102,5,50,1
102,6,50,1
102,7,50,1
103,0,51,0
103,1,51,1
104,0,48,0
104,1,48,1
104,2,48,1
104,3,48,1
104,4,51,1
104,5,51,0
104,6,51,1
104,7,51,1
104,8,50,1
104,9,50,0
105,0,51,1
105,1,52,1
105,2,49,0
105,3,49,1
105,4,49,1
105,5,49,1
105,6,53,0
105,7,54,0
105,8,53,1
105,9,54,1
105,10,53,1
105,11,54,1
105,12,53,1
105,13,54,1
106,0,50,0
106,1,50,0
106,2,50,1
106,3,50,1
106,4,50,1
107,0,50,0
108,0,51,0
108,1,51,1
108,2,51,0
108,3,51,1
108,4,51,1
108,5,56,0
109,0,51,0
109,1,51,1
109,2,51,1
109,3,51,1
109,4,50,0
110,0,53,0
110,1,54,0
110,2,53,0
110,3,54,0
111,0,48,1
111,1,49,1
111,2,52,1
111,3,53,1
111,4,54,1
111,5,50,0
111,6,50,1
111,7,50,0
111,8,50,1
111,9,50,1
111,10,50,1
111,11,50,0
112,0,51,1
112,1,52,1
113,0,51,0
113,1,51,1
113,2,51,1
113,3,51,1
113,4,48,0
113,5,48,0
113,6,48,0
113,7,48,0
114,0,50,1
114,1,50,0
115,0,55,0
116,0,51,1
116,1,51,0
116,2,51,1
116,3,51,1
116,4,51,1
116,5,50,1
116,6,50,1
117,0,50,0
118,0,48,1
118,1,57,0
118,2,51,1
118,3,50,0
118,4,50,1
118,5,50,1
118,6,50,1
118,7,50,0
118,8,50,0
119,0,25,0
119,1,23,0
119,2,25,1
119,3,23,1
119,4,23,1
119,5,25,1
119,6,23,1
119,7,23,1
119,8,21,0
119,9,21,0
119,10,20,0
119,11,21,0
119,12,21,1
119,13,21,1
119,14,18,0
119,15,21,0
119,16,21,0
119,17,21,1
119,18,21,0
119,19,21,1
119,20,21,0
119,21,20,0
119,22,40,0
119,23,24,1
119,24,60,0
119,25,21,1
119,26,18,1
119,27,18,1
119,28,18,0
119,29,21,1
119,30,21,0
119,31,21,1
119,32,18,0
119,33,60,1
119,34,19,0
119,35,60,1
119,36,19,1
119,37,24,0
119,38,60,1
119,39,19,1
120,0,51,1
121,0,10,1
121,1,10,1
121,2,10,0
121,3,35,0
121,4,10,1
121,5,35,1
121,6,10,1
121,7,35,1
121,8,10,1
121,9,35,1
121,10,12,1
121,11,13,1
121,12,14,1
121,13,12,0
121,14,13,0
121,15,14,0
121,16,12,1
121,17,35,1
121,18,12,1
121,19,13,1
121,20,14,1
121,21,12,0
121,22,35,0
121,23,4,0
121,24,7,0
121,25,4,1
121,26,7,1
121,27,4,1
121,28,7,1
121,29,4,1
121,30,7,1
121,31,4,1
121,32,9,1
121,33,4,1
121,34,9,1
121,35,41,0
121,36,41,1
121,37,41,1
121,38,41,1
121,39,40,1
121,40,40,1
121,41,40,1
121,42,40,1
121,43,57,0
121,44,57,1
121,45,57,1
121,46,57,1
121,47,38,1
121,48,22,1
121,49,23,1
121,50,20,1
121,51,38,1
121,52,20,1
121,53,25,1
121,54,23,1
121,55,25,1
121,56,23,1
121,57,20,1
121,58,38,1
121,59,38,1
121,60,25,1
121,61,23,1
121,62,20,1
121,63,20,0
121,64,12,0
121,65,13,0
121,66,14,0
121,67,12,0
121,68,13,0
121,69,14,0
121,70,12,0
121,71,13,0
121,72,14,0
121,73,12,0
121,74,13,0
121,75,14,0
121,76,12,0
121,77,13,0
121,78,14,0
121,79,12,0
121,80,13,0
121,81,14,0
121,82,12,0
121,83,35,0
121,84,12,0
121,85,35,0
122,0,37,1
122,1,37,1
122,2,30,1
122,3,30,0
122,4,30,1
122,5,30,1
122,6,30,1
122,7,37,1
122,8,30,1
122,9,37,1
122,10,24,1
122,11,24,1
122,12,24,0
122,13,24,1
122,14,24,1
122,15,24,1
122,16,19,1
122,17,60,1
122,18,19,1
122,19,20,1
122,20,20,1
122,21,21,1
122,22,21,1
122,23,21,1
122,24,27,1
122,25,27,1
122,26,59,1
122,27,40,1
122,28,40,1
122,29,34,1
122,30,34,1
122,31,34,0
122,32,34,1
122,33,34,1
122,34,34,1
122,35,18,1
122,36,21,1
122,37,41,0
122,38,41,1
122,39,41,1
122,40,41,1
122,41,35,1
122,42,14,1
122,43,14,1
122,44,36,1
122,45,26,1
122,46,26,1
122,47,26,1
122,48,26,0
122,49,26,1
122,50,26,1
122,51,26,0
122,52,26,1
122,53,26,1
122,54,26,1
122,55,26,1
122,56,70,1
122,57,70,1
122,58,70,1
122,59,70,1
122,60,70,1
122,61,70,1
122,62,26,0
122,63,26,1
122,64,26,1
122,65,26,1
122,66,26,0
122,67,26,1
122,68,26,1
122,69,26,1
122,70,26,0
122,71,26,1
122,72,26,1
122,73,26,1
122,74,26,1
122,75,26,1
122,76,26,1
122,77,26,1
122,78,26,1
122,79,58,1
122,80,58,0
122,81,58,1
122,82,58,1
122,83,58,1
122,84,26,1
122,85,77,0
122,86,79,0
122,87,77,1
122,88,79,1
122,89,77,0
122,90,79,0
122,91,77,1
122,92,79,1
122,93,77,1
122,94,79,1
122,95,77,0
122,96,79,0
122,97,77,1
122,98,79,1
122,99,77,1
122,100,79,1
122,101,77,1
122,102,79,1
122,103,77,0
122,104,79,0
122,105,77,1
122,106,79,1
122,107,77,0
122,108,79,0
122,109,77,1
122,110,79,1
122,111,77,1
122,112,79,1
122,113,77,1
122,114,79,1
122,115,77,0
122,116,79,0
122,117,77,0
122,118,79,0
122,119,77,1
122,120,79,1
122,121,77,1
122,122,79,1
122,123,77,1
122,124,79,1
122,125,25,0
122,126,42,0
122,127,42,1
122,128,43,1
122,129,25,0
122,130,42,0
122,131,25,1
122,132,42,1
122,133,25,1
122,134,42,1
122,135,25,1
122,136,42,1
122,137,42,1
122,138,26,1
122,139,66,1
122,140,43,1
122,141,43,1
122,142,43,1
122,143,72,0
122,144,72,1
122,145,72,1
122,146,72,1
122,147,1,0
122,148,1,1
122,149,1,1
122,150,1,1
122,151,1,0
122,152,1,1
122,153,1,1
122,154,1,1
122,155,1,0
122,156,1,1
122,157,1,1
122,158,1,1
122,159,1,0
122,160,1,1
122,161,1,0
122,162,1,1
122,163,1,1
122,164,1,1
122,165,1,1
122,166,2,1
122,167,82,1
122,168,68,1
122,169,68,1
122,170,57,0
122,171,57,1
122,172,57,1
122,173,57,1
122,174,31,1
122,175,31,0
122,176,31,1
122,177,31,1
122,178,31,1
122,179,31,1
122,180,80,1
122,181,18,1
122,182,28,1
122,183,84,0
122,184,28,0
122,185,84,1
122,186,28,1
122,187,84,1
122,188,28,1
122,189,84,1
122,190,28,1
122,191,28,1
122,192,28,1
122,193,28,1
122,194,28,1
122,195,64,0
122,196,64,1
122,197,64,0
122,198,64,1
122,199,64,1
122,200,85,0
122,201,85,0
122,202,64,0
122,203,64,0
122,204,64,1
122,205,85,0
122,206,64,1
122,207,64,0
122,208,64,1
122,209,64,1
122,210,64,1
122,211,85,1
122,212,64,1
122,213,39,1
122,214,86,1
122,215,87,1
122,216,75,0
122,217,75,1
122,218,75,1
122,219,75,0
122,220,75,0
122,221,75,1
122,222,75,1
122,223,75,0
122,224,75,1
122,225,75,1
122,226,75,1
122,227,30,1
122,228,30,1
122,229,30,1
122,230,30,1
122,231,30,1
122,232,37,1
122,233,30,1
122,234,37,1
122,235,30,1
122,236,37,1
122,237,30,1
122,238,37,1
122,239,30,1
122,240,37,1
122,241,30,1
122,242,26,1
122,243,26,1
122,244,26,0
122,245,26,1
122,246,26,1
122,247,26,1
122,248,26,1
122,249,26,0
122,250,26,1
122,251,26,1
122,252,26,1
122,253,26,1
122,254,26,1
122,255,70,1
122,256,70,1
122,257,70,1
122,258,70,1
122,259,70,1
122,260,26,0
122,261,26,1
122,262,26,1
122,263,26,1
122,264,26,0
122,265,26,1
122,266,26,1
122,267,26,1
122,268,26,1
122,269,26,1
122,270,26,0
122,271,26,1
122,272,26,1
122,273,26,1
122,274,26,0
122,275,26,1
122,276,26,1
122,277,26,1
122,278,26,0
122,279,26,1
122,280,26,1
122,281,26,1
122,282,26,1
122,283,26,1
122,284,26,0
122,285,26,1
122,286,26,1
122,287,26,1
122,288,26,1
122,289,26,1
122,290,26,1
122,291,26,1
122,292,26,1
122,293,41,1
122,294,41,1
122,295,41,1
122,296,41,1
122,297,41,1
122,298,49,1
122,299,52,1
122,300,48,1
122,301,50,1
122,302,50,1
122,303,50,1
122,304,50,0
122,305,50,1
122,306,50,1
122,307,50,1
122,308,51,1
122,309,50,1
122,310,50,1
122,311,50,1
122,312,50,0
122,313,50,1
122,314,50,1
122,315,50,1
122,316,50,0
122,317,50,1
122,318,50,1
122,319,50,1
122,320,50,1
122,321,50,0
122,322,50,1
122,323,50,1
122,324,50,1
122,325,50,1
122,326,50,1
122,327,53,1
122,328,53,1
122,329,54,1
122,330,49,1
122,331,28,1
122,332,28,1
122,333,28,1
122,334,28,1
122,335,28,1
122,336,18,1
122,337,18,1
122,338,18,1
122,339,18,1
122,340,18,1
122,341,24,1
122,342,24,0
122,343,24,1
122,344,24,1
122,345,24,0
122,346,24,1
122,347,24,1
122,348,24,1
122,349,24,1
122,350,24,1
122,351,74,1
122,352,74,1
122,353,74,0
122,354,74,1
122,355,74,1
122,356,74,1
122,357,74,1
122,358,74,0
122,359,74,1
122,360,74,1
122,361,60,1
122,362,60,1
122,363,60,1
122,364,60,1
122,365,60,1
122,366,19,1
122,367,19,1
122,368,19,1
122,369,19,1
122,370,19,1
122,371,74,1
122,372,74,1
122,373,74,1
122,374,3,1
122,375,3,1
122,376,29,1
122,377,12,0
122,378,13,0
122,379,41,0
122,380,12,1
122,381,13,1
122,382,41,1
122,383,12,1
122,384,13,1
122,385,41,1
122,386,12,0
122,387,35,0
122,388,12,1
122,389,13,1
122,390,41,1
122,391,12,1
122,392,13,1
122,393,41,1
122,394,12,1
122,395,13,1
122,396,41,1
122,397,12,1
122,398,13,1
122,399,14,1
122,400,12,1
122,401,13,1
122,402,14,1
122,403,14,1
122,404,14,1
122,405,14,1
122,406,14,1
122,407,35,1
122,408,41,1
122,409,41,0
122,410,35,1
122,411,12,0
122,412,35,0
122,413,41,0
122,414,41,1
122,415,41,1
122,416,35,1
122,417,41,1
122,418,41,1
122,419,41,1
122,420,41,1
122,421,41,1
122,422,41,1
122,423,34,1
122,424,34,1
122,425,34,1
122,426,34,1
122,427,34,1
122,428,35,1
122,429,12,1
122,430,35,1
122,431,12,1
122,432,13,1
122,433,14,1
122,434,11,1
122,435,11,1
122,436,23,0
122,437,23,1
122,438,23,1
122,439,23,1
122,440,23,1
122,441,23,1
122,442,11,1
122,443,4,0
122,444,8,0
122,445,4,1
122,446,8,1
122,447,4,1
122,448,8,1
122,449,4,1
122,450,8,1
122,451,4,1
122,452,5,1
122,453,4,1
122,454,5,1
122,455,4,1
122,456,7,1
122,457,4,1
122,458,7,1
122,459,17,1
122,460,17,1
122,461,17,1
122,462,17,1
122,463,17,1
122,464,6,1
122,465,7,1
122,466,6,1
122,467,7,1
122,468,6,1
122,469,8,1
122,470,6,0
122,471,5,0
122,472,6,1
122,473,5,1
122,474,6,1
122,475,9,1
122,476,6,1
122,477,5,1
122,478,6,1
122,479,5,1
122,480,6,1
122,481,8,1
122,482,32,0
122,483,5,0
122,484,32,0
122,485,9,0
122,486,32,1
122,487,5,1
122,488,32,1
122,489,5,1
122,490,32,0
122,491,5,0
122,492,32,1
122,493,5,1
122,494,32,1
122,495,5,1
122,496,32,1
122,497,5,1
122,498,32,1
122,499,9,1
122,500,32,1
122,501,5,1
122,502,4,1
122,503,9,1
122,504,4,1
122,505,9,1
122,506,8,0
122,507,8,1
122,508,5,1
122,509,5,1
122,510,5,0
122,511,5,1
122,512,8,0
122,513,5,1
122,514,8,1
122,515,8,1
122,516,4,0
122,517,22,0
122,518,4,1
122,519,22,1
122,520,4,1
122,521,22,1
122,522,4,1
122,523,22,1
122,524,25,0
122,525,42,0
122,526,25,1
122,527,42,1
122,528,25,0
122,529,42,0
122,530,25,1
122,531,42,1
122,532,25,1
122,533,42,1
122,534,25,1
122,535,42,1
122,536,25,1
122,537,42,1
122,538,25,1
122,539,42,1
122,540,16,1
122,541,16,1
122,542,16,1
122,543,16,1
122,544,16,1
122,545,16,1
122,546,3,1
122,547,3,1
122,548,16,1
122,549,16,1
122,550,4,1
122,551,15,1
122,552,4,1
122,553,16,1
122,554,3,1
122,555,29,0
122,556,3,0
122,557,29,1
122,558,3,1
122,559,29,1
122,560,3,1
122,561,29,1
122,562,3,1
122,563,29,1
122,564,3,1
122,565,29,1
122,566,3,1
122,567,29,1
122,568,3,1
122,569,29,1
122,570,3,1
122,571,32,1
122,572,5,1
122,573,32,1
122,574,5,1
122,575,17,1
122,576,17,1
122,577,17,1
122,578,6,1
122,579,8,1
122,580,6,1
122,581,8,1
122,582,6,1
122,583,8,1
122,584,10,0
122,585,10,1
122,586,10,1
122,587,10,1
122,588,10,1
122,589,10,1
122,590,10,0
122,591,10,1
122,592,10,1
122,593,10,1
122,594,10,1
122,595,35,1
122,596,10,1
122,597,35,1
122,598,10,0
122,599,35,0
122,600,10,0
122,601,35,0
122,602,10,1
122,603,35,1
122,604,10,1
122,605,35,1
122,606,10,1
122,607,35,1
122,608,32,1
122,609,5,1
122,610,32,1
122,611,5,1
122,612,11,0
122,613,11,1
122,614,11,1
122,615,11,1
123,0,37,1
123,1,37,1
123,2,30,1
123,3,30,1
123,4,37,1
123,5,30,1
123,6,37,1
123,7,24,1
123,8,24,1
123,9,24,1
123,10,19,0
123,11,60,1
123,12,19,1
123,13,19,1
123,14,19,1
123,15,20,1
123,16,20,1
123,17,21,1
123,18,21,1
123,19,21,1
123,20,19,1
123,21,27,0
123,22,27,1
123,23,27,1
123,24,27,0
123,25,27,1
123,26,27,1
123,27,27,1
123,28,27,1
123,29,27,1
123,30,27,1
123,31,59,1
123,32,40,1
123,33,40,1
123,34,34,1
123,35,34,1
123,36,34,1
123,37,18,1
123,38,21,1
123,39,41,0
123,40,41,1
123,41,41,1
123,42,41,1
123,43,35,1
123,44,14,1
123,45,14,0
123,46,14,1
123,47,14,1
123,48,14,1
123,49,36,1
123,50,26,1
123,51,26,1
123,52,26,1
123,53,26,1
123,54,26,0
123,55,26,0
123,56,26,1
123,57,26,1
123,58,26,1
123,59,26,1
123,60,26,0
123,61,26,1
123,62,70,1
123,63,70,1
123,64,70,0
123,65,70,1
123,66,70,1
123,67,70,1
123,68,70,1
123,69,26,0
123,70,26,1
123,71,26,1
123,72,26,1
123,73,26,0
123,74,26,1
123,75,26,1
123,76,26,1
123,77,26,1
123,78,26,1
123,79,26,1
123,80,26,1
123,81,26,1
123,82,70,1
123,83,70,1
123,84,26,1
123,85,26,0
123,86,26,1
123,87,26,0
123,88,26,1
123,89,26,1
123,90,26,1
123,91,26,1
123,92,70,1
123,93,70,1
123,94,58,1
123,95,58,1
123,96,26,1
123,97,77,0
123,98,79,0
123,99,77,1
123,100,79,1
123,101,77,1
123,102,79,1
123,103,77,1
123,104,79,1
123,105,77,1
123,106,79,1
123,107,77,1
123,108,79,1
123,109,42,0
123,110,42,1
123,111,42,1
123,112,42,1
123,113,25,1
123,114,42,1
123,115,25,1
123,116,42,1
123,117,25,1
123,118,42,1
123,119,42,0
123,120,43,0
123,121,42,0
123,122,43,0
123,123,42,1
123,124,43,1
123,125,42,1
123,126,43,1
123,127,42,0
123,128,43,0
123,129,42,1
123,130,43,1
123,131,42,1
123,132,43,1
123,133,42,1
123,134,43,1
123,135,42,1
123,136,43,1
123,137,42,1
123,138,43,1
123,139,26,1
123,140,72,1
123,141,43,1
123,142,43,1
123,143,43,1
123,144,66,1
123,145,1,0
123,146,1,1
123,147,1,1
123,148,1,1
123,149,1,1
123,150,1,1
123,151,1,1
123,152,1,1
123,153,1,1
123,154,1,1
123,155,1,1
123,156,2,0
123,157,2,1
123,158,2,1
123,159,2,1
123,160,2,1
123,161,2,1
123,162,2,1
123,163,82,1
123,164,68,1
123,165,68,1
123,166,57,1
123,167,31,1
123,168,31,0
123,169,31,1
123,170,31,1
123,171,31,1
123,172,31,0
123,173,31,1
123,174,31,1
123,175,31,1
123,176,80,1
123,177,28,1
123,178,28,0
123,179,28,1
123,180,28,1
123,181,52,1
123,182,28,1
123,183,28,1
123,184,28,0
123,185,28,1
123,186,28,0
123,187,28,1
123,188,28,0
123,189,28,1
123,190,84,0
123,191,28,0
123,192,84,1
123,193,28,1
123,194,84,1
123,195,28,1
123,196,84,1
123,197,28,1
123,198,28,1
123,199,28,0
123,200,14,0
123,201,28,1
123,202,28,1
123,203,28,0
123,204,28,1
123,205,28,1
123,206,28,1
123,207,64,0
123,208,64,0
123,209,64,1
123,210,64,1
123,211,64,1
123,212,64,1
123,213,39,1
123,214,86,0
123,215,86,1
123,216,86,1
123,217,86,1
123,218,39,1
123,219,75,1
123,220,30,1
123,221,30,1
123,222,30,1
123,223,30,1
123,224,30,1
123,225,37,1
123,226,30,1
123,227,37,1
123,228,30,1
123,229,37,1
123,230,30,1
123,231,37,1
123,232,30,1
123,233,37,0
123,234,30,0
123,235,37,0
123,236,30,0
123,237,37,1
123,238,30,1
123,239,37,1
123,240,30,1
123,241,37,1
123,242,30,1
123,243,37,1
123,244,30,1
123,245,37,1
123,246,30,1
123,247,26,1
123,248,26,1
123,249,26,1
123,250,26,1
123,251,26,1
123,252,70,1
123,253,70,0
123,254,70,1
123,255,70,1
123,256,70,1
123,257,70,1
123,258,70,1
123,259,70,1
123,260,70,1
123,261,70,1
123,262,26,0
123,263,26,0
123,264,26,1
123,265,26,1
123,266,26,0
123,267,26,1
123,268,26,1
123,269,26,1
123,270,26,1
123,271,26,1
123,272,26,0
123,273,26,1
123,274,26,1
123,275,26,1
123,276,26,1
123,277,26,1
123,278,26,1
123,279,26,0
123,280,26,1
123,281,26,1
123,282,26,1
123,283,26,1
123,284,26,1
123,285,26,1
123,286,26,1
123,287,26,1
123,288,41,1
123,289,41,1
123,290,41,1
123,291,41,1
123,292,41,1
123,293,49,1
123,294,52,1
123,295,48,1
123,296,50,1
123,297,50,1
123,298,50,0
123,299,50,1
123,300,50,0
123,301,50,1
123,302,50,1
123,303,50,1
123,304,50,1
123,305,50,1
123,306,50,1
123,307,50,0
123,308,50,1
123,309,50,1
123,310,50,0
123,311,50,1
123,312,50,0
123,313,50,1
123,314,50,0
123,315,50,1
123,316,50,0
123,317,50,1
123,318,50,0
123,319,50,0
123,320,50,1
123,321,50,1
123,322,50,1
123,323,50,0
123,324,50,1
123,325,50,1
123,326,50,1
123,327,53,0
123,328,54,1
123,329,53,1
123,330,53,1
123,331,53,1
123,332,54,1
123,333,49,1
123,334,28,1
123,335,28,1
123,336,28,1
123,337,28,1
123,338,28,1
123,339,50,1
123,340,50,0
123,341,50,1
123,342,50,1
123,343,50,1
123,344,50,0
123,345,50,0
123,346,50,1
123,347,50,1
123,348,50,1
123,349,18,1
123,350,18,1
123,351,18,1
123,352,18,1
123,353,18,1
123,354,24,1
123,355,24,0
123,356,24,1
123,357,24,1
123,358,24,1
123,359,24,1
123,360,24,1
123,361,74,1
123,362,74,1
123,363,74,1
123,364,74,1
123,365,74,1
123,366,60,1
123,367,60,1
123,368,60,0
123,369,60,1
123,370,60,1
123,371,60,0
123,372,60,1
123,373,60,1
123,374,60,1
123,375,60,1
123,376,19,1
123,377,19,1
123,378,19,1
123,379,19,0
123,380,19,0
123,381,19,1
123,382,19,1
123,383,19,1
123,384,19,1
123,385,19,1
123,386,60,1
123,387,3,1
123,388,3,1
123,389,29,1
123,390,12,0
123,391,13,0
123,392,41,0
123,393,12,0
123,394,13,0
123,395,14,0
123,396,12,1
123,397,13,1
123,398,14,1
123,399,14,1
123,400,14,1
123,401,14,0
123,402,14,1
123,403,14,1
123,404,14,1
123,405,14,1
123,406,14,1
123,407,41,0
123,408,41,1
123,409,12,0
123,410,35,0
123,411,41,0
123,412,41,1
123,413,12,0
123,414,35,0
123,415,35,1
123,416,41,1
123,417,41,1
123,418,12,1
123,419,35,1
123,420,41,1
123,421,41,0
123,422,41,1
123,423,41,1
123,424,41,1
123,425,41,1
123,426,41,1
123,427,34,1
123,428,34,1
123,429,34,1
123,430,34,1
123,431,34,1
123,432,35,1
123,433,12,1
123,434,13,1
123,435,14,1
123,436,12,1
123,437,35,1
123,438,11,1
123,439,11,1
123,440,23,1
123,441,23,1
123,442,23,1
123,443,23,1
123,444,23,0
123,445,23,1
123,446,23,1
123,447,23,1
123,448,23,0
123,449,23,1
123,450,23,1
123,451,23,1
123,452,11,1
123,453,23,0
123,454,23,1
123,455,23,1
123,456,23,1
123,457,23,1
123,458,23,1
123,459,4,1
123,460,8,1
123,461,4,1
123,462,8,1
123,463,4,1
123,464,5,1
123,465,4,1
123,466,5,1
123,467,4,1
123,468,7,1
123,469,4,1
123,470,7,1
123,471,4,1
123,472,9,1
123,473,4,0
123,474,9,0
123,475,4,1
123,476,9,1
123,477,4,1
123,478,9,1
123,479,4,1
123,480,9,1
123,481,17,0
123,482,17,1
123,483,17,1
123,484,17,1
123,485,17,1
123,486,17,1
123,487,6,0
123,488,9,0
123,489,6,0
123,490,8,0
123,491,6,1
123,492,9,1
123,493,6,1
123,494,7,1
123,495,6,1
123,496,8,1
123,497,6,1
123,498,7,1
123,499,6,1
123,500,7,1
123,501,32,0
123,502,5,0
123,503,32,1
123,504,9,1
123,505,32,1
123,506,9,1
123,507,32,1
123,508,5,1
123,509,32,1
123,510,5,1
123,511,32,1
123,512,5,1
123,513,8,0
123,514,5,1
123,515,8,1
123,516,5,1
123,517,9,1
123,518,4,1
123,519,22,1
123,520,25,0
123,521,42,0
123,522,25,1
123,523,42,1
123,524,25,1
123,525,42,1
123,526,25,0
123,527,42,0
123,528,25,1
123,529,42,1
123,530,25,0
123,531,42,0
123,532,25,1
123,533,42,1
123,534,25,1
123,535,42,1
123,536,25,1
123,537,42,1
123,538,25,1
123,539,42,1
123,540,16,1
123,541,16,1
123,542,4,0
123,543,16,0
123,544,16,1
123,545,16,1
123,546,4,1
123,547,16,1
123,548,3,0
123,549,3,1
123,550,3,1
123,551,16,1
123,552,16,1
123,553,4,1
123,554,15,1
123,555,4,1
123,556,16,1
123,557,3,1
123,558,29,0
123,559,3,0
123,560,29,1
123,561,3,1
123,562,29,0
123,563,3,0
123,564,29,0
123,565,3,0
123,566,29,1
123,567,3,1
123,568,29,0
123,569,3,0
123,570,29,1
123,571,3,1
123,572,29,0
123,573,3,0
123,574,16,1
123,575,29,0
123,576,3,0
123,577,16,1
123,578,29,0
123,579,3,0
123,580,29,1
123,581,3,1
123,582,29,0
123,583,3,0
123,584,29,1
123,585,3,1
123,586,29,0
123,587,3,0
123,588,29,1
123,589,3,1
123,590,29,0
123,591,3,0
123,592,29,1
123,593,3,1
123,594,29,0
123,595,3,0
123,596,29,0
123,597,3,0
123,598,32,1
123,599,5,1
123,600,32,1
123,601,5,1
123,602,29,0
123,603,3,0
123,604,29,0
123,605,3,0
123,606,29,0
123,607,3,0
123,608,16,1
123,609,29,1
123,610,3,1
123,611,29,0
123,612,3,0
123,613,29,0
123,614,3,0
123,615,29,1
123,616,3,1
123,617,17,1
123,618,17,1
123,619,29,1
123,620,3,1
123,621,17,1
123,622,6,1
123,623,7,1
123,624,6,0
123,625,8,0
123,626,6,1
123,627,9,1
123,628,6,1
123,629,8,1
123,630,6,1
123,631,7,1
123,632,6,1
123,633,9,1
123,634,10,1
123,635,10,1
123,636,10,1
123,637,10,1
123,638,10,1
123,639,10,1
123,640,35,1
123,641,10,0
123,642,35,0
123,643,10,1
123,644,35,1
123,645,10,1
123,646,35,1
123,647,10,1
123,648,35,1
123,649,10,0
123,650,35,0
123,651,10,1
123,652,35,1
123,653,10,1
123,654,35,1
123,655,10,1
123,656,35,1
123,657,32,0
123,658,9,0
123,659,32,1
123,660,5,1
123,661,32,1
123,662,5,1
123,663,32,1
123,664,5,1
123,665,11,0
123,666,11,0
123,667,11,1
123,668,11,1
123,669,11,1
124,0,37,1
124,1,37,1
124,2,30,1
124,3,30,1
124,4,37,0
124,5,30,0
124,6,37,1
124,7,30,1
124,8,37,1
124,9,30,1
124,10,37,1
124,11,30,1
124,12,37,1
124,13,24,1
124,14,24,1
124,15,24,1
124,16,19,0
124,17,19,1
124,18,19,1
124,19,19,1
124,20,60,1
124,21,20,1
124,22,20,1
124,23,21,1
124,24,19,1
124,25,21,1
124,26,21,1
124,27,27,0
124,28,27,1
124,29,27,0
124,30,27,1
124,31,27,1
124,32,27,1
124,33,27,1
124,34,59,1
124,35,40,1
124,36,40,1
124,37,34,0
124,38,34,1
124,39,34,1
124,40,34,1
124,41,34,1
124,42,34,1
124,43,18,0
124,44,18,1
124,45,18,1
124,46,18,1
124,47,21,1
124,48,41,1
124,49,35,1
124,50,14,1
124,51,14,1
124,52,36,0
124,53,36,0
124,54,36,1
124,55,36,1
124,56,36,1
124,57,26,1
124,58,26,1
124,59,26,1
124,60,26,1
124,61,26,1
124,62,70,0
124,63,70,0
124,64,70,1
124,65,70,1
124,66,70,1
124,67,70,1
124,68,70,1
124,69,26,0
124,70,26,1
124,71,26,1
124,72,26,1
124,73,26,0
124,74,26,1
124,75,26,1
124,76,26,1
124,77,26,1
124,78,26,1
124,79,26,1
124,80,26,1
124,81,26,1
124,82,58,1
124,83,58,1
124,84,26,1
124,85,77,1
124,86,79,1
124,87,77,1
124,88,79,1
124,89,77,1
124,90,79,1
124,91,42,0
124,92,42,1
124,93,42,0
124,94,42,1
124,95,42,1
124,96,42,1
124,97,25,1
124,98,42,1
124,99,25,1
124,100,42,1
124,101,25,1
124,102,42,1
124,103,25,1
124,104,42,1
124,105,42,1
124,106,43,1
124,107,26,1
124,108,72,1
124,109,43,1
124,110,43,1
124,111,43,1
124,112,66,1
124,113,1,1
124,114,2,0
124,115,2,1
124,116,2,0
124,117,2,1
124,118,2,1
124,119,2,1
124,120,2,1
124,121,68,1
124,122,68,1
124,123,57,1
124,124,31,1
124,125,31,1
124,126,31,1
124,127,83,1
124,128,80,1
124,129,18,1
124,130,28,1
124,131,28,0
124,132,28,1
124,133,28,1
124,134,28,1
124,135,28,1
124,136,28,0
124,137,28,0
124,138,28,1
124,139,28,1
124,140,28,0
124,141,28,1
124,142,84,0
124,143,28,0
124,144,84,1
124,145,28,1
124,146,84,1
124,147,28,1
124,148,84,1
124,149,28,1
124,150,28,1
124,151,28,0
124,152,14,0
124,153,28,0
124,154,28,1
124,155,28,1
124,156,28,1
124,157,64,1
124,158,64,1
124,159,39,1
124,160,86,0
124,161,86,1
124,162,86,1
124,163,86,1
124,164,86,0
124,165,39,1
124,166,39,1
124,167,39,1
124,168,75,1
124,169,30,1
124,170,30,1
124,171,30,1
124,172,30,1
124,173,30,1
124,174,37,1
124,175,30,1
124,176,37,1
124,177,30,1
124,178,37,1
124,179,30,1
124,180,37,1
124,181,30,1
124,182,37,1
124,183,30,1
124,184,26,0
124,185,26,1
124,186,26,1
124,187,26,1
124,188,26,1
124,189,26,1
124,190,26,0
124,191,26,1
124,192,26,1
124,193,26,1
124,194,26,1
124,195,26,0
124,196,26,1
124,197,26,0
124,198,26,0
124,199,26,1
124,200,41,1
124,201,41,1
124,202,41,1
124,203,41,1
124,204,41,1
124,205,26,1
124,206,70,1
124,207,70,1
124,208,70,1
124,209,70,1
124,210,26,1
124,211,26,0
124,212,26,1
124,213,26,1
124,214,26,1
124,215,26,1
124,216,26,1
124,217,26,1
124,218,26,1
124,219,26,1
124,220,26,1
124,221,26,0
124,222,26,1
124,223,26,1
124,224,26,1
124,225,26,1
124,226,26,1
124,227,26,1
124,228,26,1
124,229,26,1
124,230,49,1
124,231,52,1
124,232,48,1
124,233,50,1
124,234,95,1
124,235,51,1
124,236,50,0
124,237,50,1
124,238,50,0
124,239,50,1
124,240,50,1
124,241,50,1
124,242,51,1
124,243,50,1
124,244,50,1
124,245,50,0
124,246,50,1
124,247,50,1
124,248,50,1
124,249,50,0
124,250,50,0
124,251,50,0
124,252,50,0
124,253,50,1
124,254,50,1
124,255,50,1
124,256,50,0
124,257,50,1
124,258,50,1
124,259,50,1
124,260,50,0
124,261,50,1
124,262,50,1
124,263,50,1
124,264,53,1
124,265,54,1
124,266,53,1
124,267,49,1
124,268,28,1
124,269,28,1
124,270,28,1
124,271,28,1
124,272,28,1
124,273,3,1
124,274,3,1
124,275,24,1
124,276,24,1
124,277,24,1
124,278,24,1
124,279,24,1
124,280,18,1
124,281,18,1
124,282,18,1
124,283,18,1
124,284,18,1
124,285,74,1
124,286,74,1
124,287,74,1
124,288,74,1
124,289,74,1
124,290,29,1
124,291,12,0
124,292,35,0
124,293,12,1
124,294,13,1
124,295,41,1
124,296,12,1
124,297,35,1
124,298,12,1
124,299,35,1
124,300,12,1
124,301,13,1
124,302,12,1
124,303,13,1
124,304,60,1
124,305,60,1
124,306,60,1
124,307,60,1
124,308,60,1
124,309,19,1
124,310,19,1
124,311,19,1
124,312,19,1
124,313,19,1
124,314,14,1
124,315,14,1
124,316,14,0
124,317,14,1
124,318,14,1
124,319,14,1
124,320,14,1
124,321,14,0
124,322,14,1
124,323,14,1
124,324,41,1
124,325,35,1
124,326,41,1
124,327,12,1
124,328,35,1
124,329,41,1
124,330,41,1
124,331,41,1
124,332,41,1
124,333,41,1
124,334,41,1
124,335,34,1
124,336,34,1
124,337,34,1
124,338,34,1
124,339,34,1
124,340,14,1
124,341,14,1
124,342,14,1
124,343,12,1
124,344,13,1
124,345,14,1
124,346,12,0
124,347,35,0
124,348,12,1
124,349,35,1
124,350,12,1
124,351,13,1
124,352,14,1
124,353,12,1
124,354,13,1
124,355,14,1
124,356,11,1
124,357,11,1
124,358,11,1
124,359,23,1
124,360,23,1
124,361,23,1
124,362,23,1
124,363,23,1
124,364,23,1
124,365,23,1
124,366,23,1
124,367,4,1
124,368,8,1
124,369,4,1
124,370,8,1
124,371,4,1
124,372,5,1
124,373,4,1
124,374,5,1
124,375,4,1
124,376,7,1
124,377,4,1
124,378,7,1
124,379,4,0
124,380,9,0
124,381,4,1
124,382,9,1
124,383,4,1
124,384,9,1
124,385,4,1
124,386,9,1
124,387,9,1
124,388,9,1
124,389,4,1
124,390,22,1
124,391,25,0
124,392,42,0
124,393,25,1
124,394,42,1
124,395,25,0
124,396,42,0
124,397,25,1
124,398,42,1
124,399,25,1
124,400,42,1
124,401,25,1
124,402,42,1
124,403,25,1
124,404,42,1
124,405,25,1
124,406,42,1
124,407,16,1
124,408,16,1
124,409,17,1
124,410,17,1
124,411,17,1
124,412,17,1
124,413,17,1
124,414,6,1
124,415,9,1
124,416,6,1
124,417,7,1
124,418,6,1
124,419,7,1
124,420,6,1
124,421,7,1
124,422,6,1
124,423,5,1
124,424,32,1
124,425,9,1
124,426,32,1
124,427,5,1
124,428,32,1
124,429,5,1
124,430,32,1
124,431,5,1
124,432,32,1
124,433,5,1
124,434,16,1
124,435,16,1
124,436,16,1
124,437,4,1
124,438,16,1
124,439,4,1
124,440,16,1
124,441,3,1
124,442,29,0
124,443,3,0
124,444,29,0
124,445,3,0
124,446,29,1
124,447,3,1
124,448,29,1
124,449,3,1
124,450,29,1
124,451,3,1
124,452,29,0
124,453,3,0
124,454,29,0
124,455,3,0
124,456,29,1
124,457,3,1
124,458,29,0
124,459,3,0
124,460,29,1
124,461,3,1
124,462,3,1
124,463,3,1
124,464,3,1
124,465,3,1
124,466,3,1
124,467,32,1
124,468,5,1
124,469,32,1
124,470,5,1
124,471,17,1
124,472,17,1
124,473,17,1
124,474,10,1
124,475,10,1
124,476,10,1
124,477,6,1
124,478,9,1
124,479,6,0
124,480,8,0
124,481,6,0
124,482,8,0
124,483,6,1
124,484,7,1
124,485,10,1
124,486,10,1
124,487,10,0
124,488,35,0
124,489,10,1
124,490,35,1
124,491,10,1
124,492,35,1
124,493,10,1
124,494,35,1
124,495,10,0
124,496,35,0
124,497,10,1
124,498,35,1
124,499,10,1
124,500,35,1
124,501,10,1
124,502,35,1
124,503,6,1
124,504,8,1
124,505,6,1
124,506,5,1
124,507,32,1
124,508,5,1
124,509,32,1
124,510,9,1
124,511,11,1
124,512,11,1
125,0,37,1
125,1,37,1
125,2,30,1
125,3,30,1
125,4,37,1
125,5,30,1
125,6,37,1
125,7,24,1
125,8,24,1
125,9,24,1
125,10,19,1
125,11,60,1
125,12,19,1
125,13,21,1
125,14,20,1
125,15,20,1
125,16,21,1
125,17,21,1
125,18,27,1
125,19,27,1
125,20,59,1
125,21,40,1
125,22,40,1
125,23,34,1
125,24,34,1
125,25,34,1
125,26,18,1
125,27,21,1
125,28,41,1
125,29,35,1
125,30,14,1
125,31,14,1
125,32,36,1
125,33,26,1
125,34,26,1
125,35,26,1
125,36,26,1
125,37,26,1
125,38,70,1
125,39,70,1
125,40,70,1
125,41,70,0
125,42,70,1
125,43,70,1
125,44,70,1
125,45,70,1
125,46,70,1
125,47,26,1
125,48,26,0
125,49,26,1
125,50,26,1
125,51,26,1
125,52,26,1
125,53,26,1
125,54,26,1
125,55,26,1
125,56,26,1
125,57,58,1
125,58,58,0
125,59,58,1
125,60,58,1
125,61,58,1
125,62,26,1
125,63,77,1
125,64,79,1
125,65,77,1
125,66,79,1
125,67,77,1
125,68,79,1
125,69,25,1
125,70,42,1
125,71,25,1
125,72,42,1
125,73,25,1
125,74,42,1
125,75,42,0
125,76,42,1
125,77,42,1
125,78,42,1
125,79,42,1
125,80,43,1
125,81,26,1
125,82,72,1
125,83,43,1
125,84,43,1
125,85,43,1
125,86,66,0
125,87,66,0
125,88,66,0
125,89,66,1
125,90,66,0
125,91,66,0
125,92,66,1
125,93,66,1
125,94,66,0
125,95,66,1
125,96,66,1
125,97,66,1
125,98,66,1
125,99,66,1
125,100,66,1
125,101,1,1
125,102,2,1
125,103,81,1
125,104,68,1
125,105,68,1
125,106,57,1
125,107,31,1
125,108,31,1
125,109,31,1
125,110,80,1
125,111,18,1
125,112,28,0
125,113,28,1
125,114,28,1
125,115,28,1
125,116,28,1
125,117,28,1
125,118,28,1
125,119,28,1
125,120,84,1
125,121,28,1
125,122,64,0
125,123,64,1
125,124,64,1
125,125,64,1
125,126,64,1
125,127,39,1
125,128,86,0
125,129,86,1
125,130,86,1
125,131,86,0
125,132,86,1
125,133,86,0
125,134,86,1
125,135,39,1
125,136,75,1
125,137,86,1
125,138,86,1
125,139,30,1
125,140,30,1
125,141,30,1
125,142,30,1
125,143,30,1
125,144,37,1
125,145,30,1
125,146,37,1
125,147,30,1
125,148,37,1
125,149,30,1
125,150,37,1
125,151,30,1
125,152,37,1
125,153,30,1
125,154,26,1
125,155,26,1
125,156,26,1
125,157,26,1
125,158,26,1
125,159,70,1
125,160,70,1
125,161,70,1
125,162,70,1
125,163,70,1
125,164,26,1
125,165,26,1
125,166,26,1
125,167,26,1
125,168,26,1
125,169,41,1
125,170,41,1
125,171,41,1
125,172,41,1
125,173,41,1
125,174,49,1
125,175,52,1
125,176,48,1
125,177,50,1
125,178,50,1
125,179,51,1
125,180,50,1
125,181,50,1
125,182,51,1
125,183,50,1
125,184,50,1
125,185,50,0
125,186,50,1
125,187,50,1
125,188,50,1
125,189,50,1
125,190,50,0
125,191,50,1
125,192,50,1
125,193,50,1
125,194,50,0
125,195,50,1
125,196,50,1
125,197,50,1
125,198,50,1
125,199,50,1
125,200,53,1
125,201,53,1
125,202,54,1
125,203,49,0
125,204,49,1
125,205,49,1
125,206,49,1
125,207,28,1
125,208,28,1
125,209,28,1
125,210,28,1
125,211,28,1
125,212,19,1
125,213,19,1
125,214,19,1
125,215,19,1
125,216,19,1
125,217,60,1
125,218,60,1
125,219,60,1
125,220,60,1
125,221,60,1
125,222,74,1
125,223,74,1
125,224,74,1
125,225,74,1
125,226,74,1
125,227,24,1
125,228,24,1
125,229,24,1
125,230,24,1
125,231,24,1
125,232,18,0
125,233,18,1
125,234,18,1
125,235,18,1
125,236,18,1
125,237,18,1
125,238,3,1
125,239,3,1
125,240,29,1
125,241,12,1
125,242,13,1
125,243,41,1
125,244,12,1
125,245,13,1
125,246,14,1
125,247,12,1
125,248,13,1
125,249,14,1
125,250,14,1
125,251,14,1
125,252,14,1
125,253,14,0
125,254,14,1
125,255,14,0
125,256,14,1
125,257,14,1
125,258,14,0
125,259,14,1
125,260,12,1
125,261,35,1
125,262,12,1
125,263,35,1
125,264,12,1
125,265,35,1
125,266,41,1
125,267,41,1
125,268,41,1
125,269,41,1
125,270,41,1
125,271,41,1
125,272,41,1
125,273,34,1
125,274,34,1
125,275,34,1
125,276,34,1
125,277,34,1
125,278,14,1
125,279,14,1
125,280,14,1
125,281,14,1
125,282,12,0
125,283,35,0
125,284,12,1
125,285,35,1
125,286,12,1
125,287,13,1
125,288,14,1
125,289,12,1
125,290,13,1
125,291,14,1
125,292,11,0
125,293,11,1
125,294,23,1
125,295,23,1
125,296,23,1
125,297,23,1
125,298,23,1
125,299,23,1
125,300,23,1
125,301,23,1
125,302,11,1
125,303,4,1
125,304,8,1
125,305,4,1
125,306,8,1
125,307,4,1
125,308,5,1
125,309,4,1
125,310,5,1
125,311,4,1
125,312,7,1
125,313,4,1
125,314,7,1
125,315,4,1
125,316,9,1
125,317,4,1
125,318,9,1
125,319,9,1
125,320,32,1
125,321,32,1
125,322,32,1
125,323,32,1
125,324,32,1
125,325,17,1
125,326,17,1
125,327,17,1
125,328,17,1
125,329,17,1
125,330,6,0
125,331,8,0
125,332,6,1
125,333,8,1
125,334,6,1
125,335,7,1
125,336,6,1
125,337,9,1
125,338,6,1
125,339,9,1
125,340,6,1
125,341,5,1
125,342,5,1
125,343,4,1
125,344,22,1
125,345,25,0
125,346,42,0
125,347,25,1
125,348,42,1
125,349,25,1
125,350,42,1
125,351,25,1
125,352,42,1
125,353,25,1
125,354,42,1
125,355,25,1
125,356,42,1
125,357,25,1
125,358,42,1
125,359,25,1
125,360,42,1
125,361,16,1
125,362,16,1
125,363,16,1
125,364,16,1
125,365,16,0
125,366,16,1
125,367,16,1
125,368,16,1
125,369,16,0
125,370,16,0
125,371,16,1
125,372,16,1
125,373,16,1
125,374,16,1
125,375,16,1
125,376,16,1
125,377,16,1
125,378,16,1
125,379,16,1
125,380,3,1
125,381,3,1
125,382,3,1
125,383,16,1
125,384,16,1
125,385,4,1
125,386,16,1
125,387,4,0
125,388,16,0
125,389,4,1
125,390,15,1
125,391,4,0
125,392,16,0
125,393,4,1
125,394,16,1
125,395,3,1
125,396,29,1
125,397,3,1
125,398,29,1
125,399,3,1
125,400,29,0
125,401,3,0
125,402,29,1
125,403,3,1
125,404,29,1
125,405,3,1
125,406,29,1
125,407,3,1
125,408,29,0
125,409,3,0
125,410,29,1
125,411,3,1
125,412,29,1
125,413,3,1
125,414,29,1
125,415,3,1
125,416,32,1
125,417,9,1
125,418,32,1
125,419,5,1
125,420,17,1
125,421,17,1
125,422,6,1
125,423,8,1
125,424,6,1
125,425,9,1
125,426,6,1
125,427,9,1
125,428,10,1
125,429,10,1
125,430,10,1
125,431,10,1
125,432,10,1
125,433,10,1
125,434,35,1
125,435,10,1
125,436,35,1
125,437,10,1
125,438,35,1
125,439,10,1
125,440,35,1
125,441,32,1
125,442,9,1
125,443,32,1
125,444,9,1
125,445,11,1
125,446,11,0
125,447,11,1
125,448,11,1
125,449,11,1
126,0,37,1
126,1,37,1
126,2,30,1
126,3,30,1
126,4,37,1
126,5,30,1
126,6,37,1
126,7,24,1
126,8,24,1
126,9,24,1
126,10,19,0
126,11,19,0
126,12,19,0
126,13,19,1
126,14,19,1
126,15,19,1
126,16,60,1
126,17,24,1
126,18,24,1
126,19,19,0
126,20,19,1
126,21,19,1
126,22,19,1
126,23,20,1
126,24,20,1
126,25,21,1
126,26,21,1
126,27,21,1
126,28,27,1
126,29,40,1
126,30,59,1
126,31,40,1
126,32,40,1
126,33,34,0
126,34,34,1
126,35,34,1
126,36,34,1
126,37,34,1
126,38,34,0
126,39,34,1
126,40,34,0
126,41,34,1
126,42,34,1
126,43,34,1
126,44,18,1
126,45,21,1
126,46,41,0
126,47,35,1
126,48,14,1
126,49,14,1
126,50,36,1
126,51,26,1
126,52,26,1
126,53,26,1
126,54,26,0
126,55,26,1
126,56,26,1
126,57,26,0
126,58,26,1
126,59,26,1
126,60,26,1
126,61,26,1
126,62,70,1
126,63,26,0
126,64,26,1
126,65,26,1
126,66,26,1
126,67,26,0
126,68,26,1
126,69,26,1
126,70,26,1
126,71,26,0
126,72,26,1
126,73,26,1
126,74,26,1
126,75,26,0
126,76,26,1
126,77,26,1
126,78,26,1
126,79,26,0
126,80,26,1
126,81,26,1
126,82,26,1
126,83,26,1
126,84,26,0
126,85,26,1
126,86,26,1
126,87,26,1
126,88,26,1
126,89,26,1
126,90,26,1
126,91,70,1
126,92,70,1
126,93,70,1
126,94,70,1
126,95,26,0
126,96,26,1
126,97,26,1
126,98,26,1
126,99,26,0
126,100,26,1
126,101,26,1
126,102,26,1
126,103,26,1
126,104,26,1
126,105,26,1
126,106,26,1
126,107,26,1
126,108,58,1
126,109,58,1
126,110,26,1
126,111,77,1
126,112,79,1
126,113,77,0
126,114,79,0
126,115,77,1
126,116,79,1
126,117,77,1
126,118,79,1
126,119,77,1
126,120,79,1
126,121,77,0
126,122,79,0
126,123,77,0
126,124,79,0
126,125,77,0
126,126,79,0
126,127,77,1
126,128,79,1
126,129,77,0
126,130,79,0
126,131,77,0
126,132,79,0
126,133,77,0
126,134,79,0
126,135,77,0
126,136,79,0
126,137,77,0
126,138,79,0
126,139,77,0
126,140,79,0
126,141,77,0
126,142,79,0
126,143,77,0
126,144,79,0
126,145,77,0
126,146,79,0
126,147,42,1
126,148,25,0
126,149,42,0
126,150,25,1
126,151,42,1
126,152,25,0
126,153,42,0
126,154,25,1
126,155,42,1
126,156,25,0
126,157,42,0
126,158,25,1
126,159,42,1
126,160,25,1
126,161,42,1
126,162,25,1
126,163,42,1
126,164,25,1
126,165,42,1
126,166,25,1
126,167,42,1
126,168,42,1
126,169,43,1
126,170,26,0
126,171,77,1
126,172,79,1
126,173,77,1
126,174,79,1
126,175,77,1
126,176,79,1
126,177,26,1
126,178,26,1
126,179,26,1
126,180,72,0
126,181,43,1
126,182,43,1
126,183,43,1
126,184,66,1
126,185,1,0
126,186,1,1
126,187,1,1
126,188,1,1
126,189,1,1
126,190,1,1
126,191,1,1
126,192,1,1
126,193,1,1
126,194,1,1
126,195,1,1
126,196,2,0
126,197,2,1
126,198,2,0
126,199,2,1
126,200,2,1
126,201,2,1
126,202,2,0
126,203,2,0
126,204,2,1
126,205,2,1
126,206,2,1
126,207,2,0
126,208,2,1
126,209,2,1
126,210,2,1
126,211,2,1
126,212,82,1
126,213,2,1
126,214,2,1
126,215,68,0
126,216,68,1
126,217,68,1
126,218,68,1
126,219,68,1
126,220,57,1
126,221,31,1
126,222,31,1
126,223,31,1
126,224,80,1
126,225,18,1
126,226,28,1
126,227,28,1
126,228,28,1
126,229,28,0
126,230,28,1
126,231,84,0
126,232,28,0
126,233,64,0
126,234,85,0
126,235,64,1
126,236,64,1
126,237,64,1
126,238,85,1
126,239,85,0
126,240,64,1
126,241,64,1
126,242,84,1
126,243,28,1
126,244,84,1
126,245,28,1
126,246,84,1
126,247,28,1
126,248,28,1
126,249,28,1
126,250,28,1
126,251,64,1
126,252,39,1
126,253,86,1
126,254,39,1
126,255,75,0
126,256,75,1
126,257,75,1
126,258,75,0
126,259,75,1
126,260,75,1
126,261,75,1
126,262,30,1
126,263,30,1
126,264,30,1
126,265,30,1
126,266,30,1
126,267,37,1
126,268,30,1
126,269,37,1
126,270,30,1
126,271,37,1
126,272,30,1
126,273,37,1
126,274,30,1
126,275,37,1
126,276,30,1
126,277,26,1
126,278,26,1
126,279,26,0
126,280,26,1
126,281,26,1
126,282,26,1
126,283,26,1
126,284,26,1
126,285,70,1
126,286,70,1
126,287,70,1
126,288,70,1
126,289,70,0
126,290,70,1
126,291,70,1
126,292,70,1
126,293,70,0
126,294,70,1
126,295,70,1
126,296,70,1
126,297,70,0
126,298,70,1
126,299,70,1
126,300,70,1
126,301,70,1
126,302,70,1
126,303,70,1
126,304,26,1
126,305,26,1
126,306,26,1
126,307,26,1
126,308,26,1
126,309,70,1
126,310,41,1
126,311,41,1
126,312,41,1
126,313,41,1
126,314,41,1
126,315,71,1
126,316,52,1
126,317,48,1
126,318,50,1
126,319,50,1
126,320,50,1
126,321,50,1
126,322,50,1
126,323,50,0
126,324,51,1
126,325,50,1
126,326,50,0
126,327,50,1
126,328,50,1
126,329,50,1
126,330,50,0
126,331,50,1
126,332,50,1
126,333,50,1
126,334,50,0
126,335,50,0
126,336,50,0
126,337,50,0
126,338,50,1
126,339,50,1
126,340,50,0
126,341,50,1
126,342,50,0
126,343,50,1
126,344,50,0
126,345,50,1
126,346,50,1
126,347,50,1
126,348,54,0
126,349,54,1
126,350,53,1
126,351,54,1
126,352,53,0
126,353,54,0
126,354,53,1
126,355,54,1
126,356,53,1
126,357,54,1
126,358,53,1
126,359,54,1
126,360,49,1
126,361,28,1
126,362,28,1
126,363,28,1
126,364,28,1
126,365,28,1
126,366,50,0
126,367,50,1
126,368,50,1
126,369,50,1
126,370,18,1
126,371,18,1
126,372,18,1
126,373,18,1
126,374,18,0
126,375,18,1
126,376,18,1
126,377,18,1
126,378,18,1
126,379,18,1
126,380,24,1
126,381,24,1
126,382,24,1
126,383,24,1
126,384,24,0
126,385,24,1
126,386,24,1
126,387,24,1
126,388,24,1
126,389,24,1
126,390,19,1
126,391,19,0
126,392,19,0
126,393,74,1
126,394,74,1
126,395,74,1
126,396,74,1
126,397,74,1
126,398,60,1
126,399,60,1
126,400,60,1
126,401,60,1
126,402,60,1
126,403,19,1
126,404,19,1
126,405,19,1
126,406,19,1
126,407,14,1
126,408,14,1
126,409,14,1
126,410,14,1
126,411,14,1
126,412,41,1
126,413,35,0
126,414,35,1
126,415,41,1
126,416,41,1
126,417,12,1
126,418,35,1
126,419,12,1
126,420,35,1
126,421,41,1
126,422,41,1
126,423,41,1
126,424,41,1
126,425,41,1
126,426,34,1
126,427,34,1
126,428,34,1
126,429,34,1
126,430,34,1
126,431,3,1
126,432,3,1
126,433,29,1
126,434,12,0
126,435,13,0
126,436,41,0
126,437,12,1
126,438,13,1
126,439,41,1
126,440,12,1
126,441,35,1
126,442,12,1
126,443,35,1
126,444,12,0
126,445,13,0
126,446,14,0
126,447,12,1
126,448,13,1
126,449,12,1
126,450,13,1
126,451,14,1
126,452,12,1
126,453,13,1
126,454,12,0
126,455,35,0
126,456,12,1
126,457,35,1
126,458,12,1
126,459,35,1
126,460,12,1
126,461,13,1
126,462,14,1
126,463,11,1
126,464,11,1
126,465,23,1
126,466,23,1
126,467,23,1
126,468,23,1
126,469,23,1
126,470,23,1
126,471,23,1
126,472,11,1
126,473,4,1
126,474,8,1
126,475,4,1
126,476,8,1
126,477,4,1
126,478,5,1
126,479,4,0
126,480,5,0
126,481,4,1
126,482,7,1
126,483,4,1
126,484,7,1
126,485,4,1
126,486,9,1
126,487,4,1
126,488,9,1
126,489,17,1
126,490,17,1
126,491,17,1
126,492,17,1
126,493,17,1
126,494,6,1
126,495,7,1
126,496,6,0
126,497,5,0
126,498,6,1
126,499,9,1
126,500,6,1
126,501,5,1
126,502,6,1
126,503,9,1
126,504,6,1
126,505,7,1
126,506,6,0
126,507,8,0
126,508,6,1
126,509,9,1
126,510,6,1
126,511,9,1
126,512,6,1
126,513,7,1
126,514,32,1
126,515,9,1
126,516,32,0
126,517,5,0
126,518,32,1
126,519,5,1
126,520,32,1
126,521,5,1
126,522,32,1
126,523,5,1
126,524,32,1
126,525,9,1
126,526,32,1
126,527,9,1
126,528,6,1
126,529,5,1
126,530,6,1
126,531,8,1
126,532,5,1
126,533,5,1
126,534,4,1
126,535,22,1
126,536,25,0
126,537,42,0
126,538,25,1
126,539,42,1
126,540,25,0
126,541,42,0
126,542,25,1
126,543,42,1
126,544,25,1
126,545,42,1
126,546,25,1
126,547,42,1
126,548,25,0
126,549,42,0
126,550,25,1
126,551,42,1
126,552,25,1
126,553,42,1
126,554,25,1
126,555,42,1
126,556,25,1
126,557,42,1
126,558,25,1
126,559,42,1
126,560,25,1
126,561,42,1
126,562,25,1
126,563,42,1
126,564,16,1
126,565,16,0
126,566,16,1
126,567,16,1
126,568,16,1
126,569,16,1
126,570,16,1
126,571,16,1
126,572,4,1
126,573,16,1
126,574,16,1
126,575,3,1
126,576,4,1
126,577,16,1
126,578,3,1
126,579,16,1
126,580,16,1
126,581,4,1
126,582,15,1
126,583,4,1
126,584,15,1
126,585,3,0
126,586,3,1
126,587,3,1
126,588,3,1
126,589,29,0
126,590,3,0
126,591,29,1
126,592,3,1
126,593,29,0
126,594,3,0
126,595,29,1
126,596,3,1
126,597,29,0
126,598,3,0
126,599,29,1
126,600,3,1
126,601,29,1
126,602,3,1
126,603,29,0
126,604,3,0
126,605,29,0
126,606,3,0
126,607,29,0
126,608,3,0
126,609,29,0
126,610,3,0
126,611,29,1
126,612,3,1
126,613,29,0
126,614,3,0
126,615,29,1
126,616,3,1
126,617,29,1
126,618,3,1
126,619,29,0
126,620,3,0
126,621,29,1
126,622,3,1
126,623,29,1
126,624,3,1
126,625,29,0
126,626,3,0
126,627,16,1
126,628,29,0
126,629,3,0
126,630,16,1
126,631,29,0
126,632,3,0
126,633,29,0
126,634,3,0
126,635,29,0
126,636,3,0
126,637,29,1
126,638,3,1
126,639,29,0
126,640,3,0
126,641,29,1
126,642,3,1
126,643,32,1
126,644,5,1
126,645,32,1
126,646,5,1
126,647,29,0
126,648,3,0
126,649,29,0
126,650,3,0
126,651,29,1
126,652,3,1
126,653,29,0
126,654,3,0
126,655,16,1
126,656,29,0
126,657,3,0
126,658,29,1
126,659,3,1
126,660,29,0
126,661,3,0
126,662,17,0
126,663,17,1
126,664,17,1
126,665,17,1
126,666,29,1
126,667,3,1
126,668,29,0
126,669,3,0
126,670,29,0
126,671,3,0
126,672,29,0
126,673,3,0
126,674,16,1
126,675,29,0
126,676,3,0
126,677,29,0
126,678,3,0
126,679,29,0
126,680,3,0
126,681,29,1
126,682,3,1
126,683,6,1
126,684,7,1
126,685,6,1
126,686,7,1
126,687,6,1
126,688,7,1
126,689,10,1
126,690,10,1
126,691,10,1
126,692,10,0
126,693,10,1
126,694,10,1
126,695,10,1
126,696,10,0
126,697,35,0
126,698,10,1
126,699,35,1
126,700,10,0
126,701,35,0
126,702,10,1
126,703,35,1
126,704,10,1
126,705,35,1
126,706,10,0
126,707,35,0
126,708,10,1
126,709,35,1
126,710,10,1
126,711,35,1
126,712,10,1
126,713,35,1
126,714,10,1
126,715,35,1
126,716,32,1
126,717,9,1
126,718,32,1
126,719,5,1
126,720,11,1
126,721,11,1
127,0,37,1
127,1,37,1
127,2,30,1
127,3,30,1
127,4,37,0
127,5,30,0
127,6,37,1
127,7,30,1
127,8,37,1
127,9,30,1
127,10,37,1
127,11,30,1
127,12,37,0
127,13,37,1
127,14,37,1
127,15,37,1
127,16,24,1
127,17,24,1
127,18,24,1
127,19,19,1
127,20,60,1
127,21,20,1
127,22,20,1
127,23,21,1
127,24,21,1
127,25,21,1
127,26,19,0
127,27,19,1
127,28,19,1
127,29,19,1
127,30,27,1
127,31,27,1
127,32,59,1
127,33,40,1
127,34,40,0
127,35,40,1
127,36,40,1
127,37,40,1
127,38,34,1
127,39,34,1
127,40,34,1
127,41,18,1
127,42,21,1
127,43,41,1
127,44,35,1
127,45,14,1
127,46,14,1
127,47,36,0
127,48,36,0
127,49,36,1
127,50,36,0
127,51,36,1
127,52,36,1
127,53,36,0
127,54,36,1
127,55,36,1
127,56,36,1
127,57,26,1
127,58,26,1
127,59,26,1
127,60,26,1
127,61,26,1
127,62,26,1
127,63,26,0
127,64,26,1
127,65,26,1
127,66,26,1
127,67,26,1
127,68,26,1
127,69,26,1
127,70,26,1
127,71,26,1
127,72,70,1
127,73,70,1
127,74,70,1
127,75,70,0
127,76,70,1
127,77,70,1
127,78,70,1
127,79,70,1
127,80,70,1
127,81,70,1
127,82,70,1
127,83,70,1
127,84,58,1
127,85,58,1
127,86,26,1
127,87,77,1
127,88,79,1
127,89,77,1
127,90,79,1
127,91,77,1
127,92,79,1
127,93,42,1
127,94,25,1
127,95,42,1
127,96,25,0
127,97,42,0
127,98,25,1
127,99,42,1
127,100,25,0
127,101,42,0
127,102,25,1
127,103,42,1
127,104,25,1
127,105,42,1
127,106,25,1
127,107,42,1
127,108,42,1
127,109,43,1
127,110,26,1
127,111,72,1
127,112,43,0
127,113,43,1
127,114,43,1
127,115,43,1
127,116,66,1
127,117,66,1
127,118,66,1
127,119,1,0
127,120,1,0
127,121,1,1
127,122,1,1
127,123,1,1
127,124,1,1
127,125,1,1
127,126,1,1
127,127,1,1
127,128,1,1
127,129,1,1
127,130,2,0
127,131,2,1
127,132,2,1
127,133,2,1
127,134,2,1
127,135,2,1
127,136,2,1
127,137,1,1
127,138,68,1
127,139,68,1
127,140,57,1
127,141,31,0
127,142,31,1
127,143,31,1
127,144,31,1
127,145,31,1
127,146,31,1
127,147,80,0
127,148,18,0
127,149,80,1
127,150,18,1
127,151,80,1
127,152,80,1
127,153,28,0
127,154,28,1
127,155,28,1
127,156,28,1
127,157,28,1
127,158,28,1
127,159,28,1
127,160,28,1
127,161,84,0
127,162,28,0
127,163,84,1
127,164,28,1
127,165,84,1
127,166,28,1
127,167,84,1
127,168,28,1
127,169,64,0
127,170,64,1
127,171,64,0
127,172,64,0
127,173,64,1
127,174,85,0
127,175,85,0
127,176,64,0
127,177,85,1
127,178,64,0
127,179,85,1
127,180,64,1
127,181,64,1
127,182,64,1
127,183,64,1
127,184,39,1
127,185,86,0
127,186,86,1
127,187,86,1
127,188,86,1
127,189,86,0
127,190,39,1
127,191,39,1
127,192,39,1
127,193,75,0
127,194,75,0
127,195,75,1
127,196,75,1
127,197,75,1
127,198,75,1
127,199,75,1
127,200,30,1
127,201,30,1
127,202,30,1
127,203,30,1
127,204,30,1
127,205,37,1
127,206,30,1
127,207,37,1
127,208,30,1
127,209,37,1
127,210,30,1
127,211,37,1
127,212,30,1
127,213,37,1
127,214,30,1
127,215,26,0
127,216,26,1
127,217,26,1
127,218,26,1
127,219,26,1
127,220,26,1
127,221,70,1
127,222,70,1
127,223,70,1
127,224,26,1
127,225,26,1
127,226,26,1
127,227,26,1
127,228,26,0
127,229,26,1
127,230,26,1
127,231,26,1
127,232,26,0
127,233,26,1
127,234,26,1
127,235,26,1
127,236,26,0
127,237,26,1
127,238,26,1
127,239,26,1
127,240,26,1
127,241,26,1
127,242,26,1
127,243,26,1
127,244,26,1
127,245,41,1
127,246,41,1
127,247,41,1
127,248,41,1
127,249,41,0
127,250,41,1
127,251,41,1
127,252,41,1
127,253,41,1
127,254,41,1
127,255,52,1
127,256,52,1
127,257,48,1
127,258,50,0
127,259,50,1
127,260,50,1
127,261,50,1
127,262,50,1
127,263,50,1
127,264,51,1
127,265,50,1
127,266,50,1
127,267,50,0
127,268,50,1
127,269,50,1
127,270,50,1
127,271,50,1
127,272,50,0
127,273,50,0
127,274,50,1
127,275,50,1
127,276,50,0
127,277,50,1
127,278,50,1
127,279,50,1
127,280,50,1
127,281,50,1
127,282,50,0
127,283,50,1
127,284,50,1
127,285,50,1
127,286,54,1
127,287,53,0
127,288,54,0
127,289,49,1
127,290,28,1
127,291,28,1
127,292,28,1
127,293,28,1
127,294,28,1
127,295,19,1
127,296,19,1
127,297,19,1
127,298,19,1
127,299,19,1
127,300,60,1
127,301,60,1
127,302,60,1
127,303,60,1
127,304,60,1
127,305,74,1
127,306,74,1
127,307,74,1
127,308,74,1
127,309,74,1
127,310,24,1
127,311,24,0
127,312,24,1
127,313,24,1
127,314,24,1
127,315,24,1
127,316,24,1
127,317,18,1
127,318,18,1
127,319,18,1
127,320,18,1
127,321,18,1
127,322,3,1
127,323,3,1
127,324,29,1
127,325,12,0
127,326,35,0
127,327,12,1
127,328,13,1
127,329,41,1
127,330,12,1
127,331,35,1
127,332,12,1
127,333,35,1
127,334,12,1
127,335,13,1
127,336,12,1
127,337,13,1
127,338,14,1
127,339,14,1
127,340,14,1
127,341,14,1
127,342,14,1
127,343,14,1
127,344,41,1
127,345,12,0
127,346,35,0
127,347,35,1
127,348,12,1
127,349,35,1
127,350,12,1
127,351,35,1
127,352,35,0
127,353,41,1
127,354,41,1
127,355,41,1
127,356,35,1
127,357,41,1
127,358,41,1
127,359,41,1
127,360,41,1
127,361,41,1
127,362,34,1
127,363,34,1
127,364,34,1
127,365,34,1
127,366,34,1
127,367,35,1
127,368,12,1
127,369,35,1
127,370,12,1
127,371,35,1
127,372,11,1
127,373,11,1
127,374,11,1
127,375,23,1
127,376,23,1
127,377,23,1
127,378,23,1
127,379,23,1
127,380,23,1
127,381,23,1
127,382,23,1
127,383,23,1
127,384,4,1
127,385,8,1
127,386,4,1
127,387,8,1
127,388,4,1
127,389,5,1
127,390,4,1
127,391,5,1
127,392,4,1
127,393,7,1
127,394,4,1
127,395,7,1
127,396,4,1
127,397,9,1
127,398,4,1
127,399,9,1
127,400,17,1
127,401,17,1
127,402,17,1
127,403,17,0
127,404,17,1
127,405,17,1
127,406,17,1
127,407,17,1
127,408,17,1
127,409,6,1
127,410,8,1
127,411,6,1
127,412,9,1
127,413,6,1
127,414,9,1
127,415,6,1
127,416,5,1
127,417,6,1
127,418,5,1
127,419,32,1
127,420,32,1
127,421,32,1
127,422,32,1
127,423,32,1
127,424,5,1
127,425,9,1
127,426,4,1
127,427,22,1
127,428,25,0
127,429,42,0
127,430,25,1
127,431,42,1
127,432,25,1
127,433,42,1
127,434,25,1
127,435,42,1
127,436,25,1
127,437,42,1
127,438,25,1
127,439,42,1
127,440,25,1
127,441,42,1
127,442,25,0
127,443,42,0
127,444,25,1
127,445,42,1
127,446,25,1
127,447,42,1
127,448,25,1
127,449,42,1
127,450,25,1
127,451,42,1
127,452,25,0
127,453,42,0
127,454,25,1
127,455,42,1
127,456,25,1
127,457,42,1
127,458,25,1
127,459,42,1
127,460,25,1
127,461,42,1
127,462,25,1
127,463,42,1
127,464,25,1
127,465,42,1
127,466,25,1
127,467,42,1
127,468,16,0
127,469,16,1
127,470,16,1
127,471,16,1
127,472,16,1
127,473,16,1
127,474,16,1
127,475,16,1
127,476,16,1
127,477,3,0
127,478,3,1
127,479,16,1
127,480,16,1
127,481,4,1
127,482,15,1
127,483,4,1
127,484,15,1
127,485,3,0
127,486,3,1
127,487,3,0
127,488,3,0
127,489,3,0
127,490,3,1
127,491,3,0
127,492,3,1
127,493,29,1
127,494,3,1
127,495,29,1
127,496,3,1
127,497,29,0
127,498,3,0
127,499,29,1
127,500,3,1
127,501,29,0
127,502,3,0
127,503,29,0
127,504,3,0
127,505,29,1
127,506,3,1
127,507,29,1
127,508,3,1
127,509,29,0
127,510,3,0
127,511,29,1
127,512,3,1
127,513,29,0
127,514,3,0
127,515,16,1
127,516,29,0
127,517,3,0
127,518,16,1
127,519,29,0
127,520,3,0
127,521,29,1
127,522,3,1
127,523,29,1
127,524,3,1
127,525,29,1
127,526,3,1
127,527,32,1
127,528,5,1
127,529,32,1
127,530,5,1
127,531,17,1
127,532,17,1
127,533,17,1
127,534,6,1
127,535,7,1
127,536,6,1
127,537,9,1
127,538,6,1
127,539,7,1
127,540,10,0
127,541,10,1
127,542,10,1
127,543,10,0
127,544,10,1
127,545,10,1
127,546,10,1
127,547,10,1
127,548,10,1
127,549,10,1
127,550,10,0
127,551,10,1
127,552,10,0
127,553,10,1
127,554,10,1
127,555,10,0
127,556,35,0
127,557,10,0
127,558,35,0
127,559,10,1
127,560,35,1
127,561,10,1
127,562,35,1
127,563,10,1
127,564,35,1
127,565,10,1
127,566,35,1
127,567,10,1
127,568,35,1
127,569,32,1
127,570,5,1
127,571,32,1
127,572,5,1
127,573,11,0
127,574,11,1
127,575,11,1
127,576,11,0
127,577,11,1
127,578,11,1
128,0,37,1
128,1,37,1
128,2,30,1
128,3,30,1
128,4,37,1
128,5,30,1
128,6,37,1
128,7,24,1
128,8,24,1
128,9,24,1
128,10,19,0
128,11,19,1
128,12,19,0
128,13,19,0
128,14,19,0
128,15,19,1
128,16,19,1
128,17,60,0
128,18,60,1
128,19,60,1
128,20,60,1
128,21,20,1
128,22,20,1
128,23,21,1
128,24,21,1
128,25,21,1
128,26,19,1
128,27,19,0
128,28,19,1
128,29,19,1
128,30,19,1
128,31,27,1
128,32,27,1
128,33,59,1
128,34,40,1
128,35,40,1
128,36,34,1
128,37,34,1
128,38,34,0
128,39,34,1
128,40,34,0
128,41,34,1
128,42,18,0
128,43,18,1
128,44,18,1
128,45,18,1
128,46,21,0
128,47,21,1
128,48,21,1
128,49,21,1
128,50,41,0
128,51,41,1
128,52,41,1
128,53,41,0
128,54,41,1
128,55,35,1
128,56,41,1
128,57,41,1
128,58,14,1
128,59,36,0
128,60,26,1
128,61,26,1
128,62,26,1
128,63,26,1
128,64,26,0
128,65,26,0
128,66,26,0
128,67,26,1
128,68,26,0
128,69,26,1
128,70,26,0
128,71,26,0
128,72,70,1
128,73,70,1
128,74,70,1
128,75,70,1
128,76,70,0
128,77,70,1
128,78,70,1
128,79,70,1
128,80,70,1
128,81,70,1
128,82,26,0
128,83,26,1
128,84,26,1
128,85,26,1
128,86,26,1
128,87,26,0
128,88,26,1
128,89,26,1
128,90,26,1
128,91,26,1
128,92,26,0
128,93,26,1
128,94,26,1
128,95,26,1
128,96,26,1
128,97,26,1
128,98,26,0
128,99,26,1
128,100,26,0
128,101,26,1
128,102,26,1
128,103,26,1
128,104,58,1
128,105,58,0
128,106,58,1
128,107,58,1
128,108,58,0
128,109,58,1
128,110,26,1
128,111,26,1
128,112,26,1
128,113,26,0
128,114,26,1
128,115,26,1
128,116,26,1
128,117,26,1
128,118,26,1
128,119,26,1
128,120,26,1
128,121,26,1
128,122,26,1
128,123,58,0
128,124,58,1
128,125,58,0
128,126,58,1
128,127,58,1
128,128,58,0
128,129,58,1
128,130,58,1
128,131,77,1
128,132,79,1
128,133,77,0
128,134,79,0
128,135,77,0
128,136,79,0
128,137,77,1
128,138,79,1
128,139,77,1
128,140,79,1
128,141,42,1
128,142,25,1
128,143,42,1
128,144,25,1
128,145,42,1
128,146,25,1
128,147,42,1
128,148,42,1
128,149,43,1
128,150,77,0
128,151,79,0
128,152,77,0
128,153,79,0
128,154,26,1
128,155,14,0
128,156,77,0
128,157,79,0
128,158,77,0
128,159,79,0
128,160,58,1
128,161,72,1
128,162,43,1
128,163,43,0
128,164,43,1
128,165,43,1
128,166,43,1
128,167,1,0
128,168,1,1
128,169,1,0
128,170,1,1
128,171,1,1
128,172,1,1
128,173,1,1
128,174,1,1
128,175,1,0
128,176,1,1
128,177,1,1
128,178,1,1
128,179,1,0
128,180,1,1
128,181,1,1
128,182,1,1
128,183,1,1
128,184,1,1
128,185,2,0
128,186,2,0
128,187,2,1
128,188,2,1
128,189,2,1
128,190,2,0
128,191,2,1
128,192,2,1
128,193,2,1
128,194,2,1
128,195,81,1
128,196,68,1
128,197,68,1
128,198,57,0
128,199,57,1
128,200,57,1
128,201,57,1
128,202,31,1
128,203,31,1
128,204,31,1
128,205,66,1
128,206,66,1
128,207,80,0
128,208,18,0
128,209,80,0
128,210,80,1
128,211,18,1
128,212,80,1
128,213,18,1
128,214,80,1
128,215,18,1
128,216,28,1
128,217,28,1
128,218,28,1
128,219,28,0
128,220,28,1
128,221,28,1
128,222,28,1
128,223,84,0
128,224,28,0
128,225,84,0
128,226,28,0
128,227,84,1
128,228,28,1
128,229,84,1
128,230,28,1
128,231,84,1
128,232,28,1
128,233,28,1
128,234,64,0
128,235,64,1
128,236,64,0
128,237,64,0
128,238,64,1
128,239,85,0
128,240,64,1
128,241,85,1
128,242,85,0
128,243,85,1
128,244,64,0
128,245,85,0
128,246,64,1
128,247,64,0
128,248,64,0
128,249,64,1
128,250,64,1
128,251,39,1
128,252,86,1
128,253,86,0
128,254,86,1
128,255,86,1
128,256,86,1
128,257,75,1
128,258,30,1
128,259,30,1
128,260,30,1
128,261,30,1
128,262,30,1
128,263,37,1
128,264,30,1
128,265,37,1
128,266,30,1
128,267,37,1
128,268,30,1
128,269,37,1
128,270,30,1
128,271,37,1
128,272,30,1
128,273,26,0
128,274,26,1
128,275,26,0
128,276,26,1
128,277,26,1
128,278,26,0
128,279,26,1
128,280,26,0
128,281,26,1
128,282,26,0
128,283,26,1
128,284,26,1
128,285,26,1
128,286,26,0
128,287,26,1
128,288,26,1
128,289,70,1
128,290,70,1
128,291,70,1
128,292,70,1
128,293,26,0
128,294,26,0
128,295,26,0
128,296,26,1
128,297,26,1
128,298,26,1
128,299,26,1
128,300,26,1
128,301,26,0
128,302,26,1
128,303,26,1
128,304,26,1
128,305,26,1
128,306,26,1
128,307,26,1
128,308,26,1
128,309,26,0
128,310,26,1
128,311,26,0
128,312,26,1
128,313,26,1
128,314,26,1
128,315,26,0
128,316,26,0
128,317,26,0
128,318,26,1
128,319,26,1
128,320,26,0
128,321,26,1
128,322,26,1
128,323,26,1
128,324,26,1
128,325,26,1
128,326,26,1
128,327,26,1
128,328,26,1
128,329,26,1
128,330,41,0
128,331,41,0
128,332,41,1
128,333,41,1
128,334,41,1
128,335,41,0
128,336,41,1
128,337,49,1
128,338,52,1
128,339,48,1
128,340,50,1
128,341,50,0
128,342,50,0
128,343,50,1
128,344,50,1
128,345,95,1
128,346,51,1
128,347,50,1
128,348,50,1
128,349,50,1
128,350,50,0
128,351,50,1
128,352,50,1
128,353,50,1
128,354,50,1
128,355,50,1
128,356,50,0
128,357,50,0
128,358,50,1
128,359,50,1
128,360,50,0
128,361,50,0
128,362,50,0
128,363,50,1
128,364,50,1
128,365,50,1
128,366,50,1
128,367,54,1
128,368,53,1
128,369,54,1
128,370,49,1
128,371,28,1
128,372,28,0
128,373,28,1
128,374,28,1
128,375,28,1
128,376,28,1
128,377,28,1
128,378,3,0
128,379,3,1
128,380,3,1
128,381,3,1
128,382,18,1
128,383,18,1
128,384,18,1
128,385,18,1
128,386,18,1
128,387,24,1
128,388,24,0
128,389,24,0
128,390,24,1
128,391,24,1
128,392,24,1
128,393,24,1
128,394,24,1
128,395,74,0
128,396,74,1
128,397,74,1
128,398,74,1
128,399,74,1
128,400,74,1
128,401,60,0
128,402,60,0
128,403,60,1
128,404,60,1
128,405,60,1
128,406,60,1
128,407,60,1
128,408,19,1
128,409,19,0
128,410,19,1
128,411,19,1
128,412,19,1
128,413,19,1
128,414,19,1
128,415,29,1
128,416,12,1
128,417,13,1
128,418,41,1
128,419,50,0
128,420,50,1
128,421,50,1
128,422,50,1
128,423,12,1
128,424,13,1
128,425,14,1
128,426,12,1
128,427,13,1
128,428,14,1
128,429,14,1
128,430,14,1
128,431,14,1
128,432,14,1
128,433,14,1
128,434,12,1
128,435,35,1
128,436,41,0
128,437,35,1
128,438,41,0
128,439,41,1
128,440,12,0
128,441,13,0
128,442,14,0
128,443,12,1
128,444,13,1
128,445,14,1
128,446,12,1
128,447,35,1
128,448,12,0
128,449,35,0
128,450,12,1
128,451,35,1
128,452,12,1
128,453,35,1
128,454,12,1
128,455,13,1
128,456,14,1
128,457,35,0
128,458,35,0
128,459,41,1
128,460,35,1
128,461,41,1
128,462,12,1
128,463,35,1
128,464,12,1
128,465,35,1
128,466,41,1
128,467,41,1
128,468,41,1
128,469,41,1
128,470,41,1
128,471,34,1
128,472,34,1
128,473,34,1
128,474,34,0
128,475,34,1
128,476,34,1
128,477,34,1
128,478,34,1
128,479,34,1
128,480,11,0
128,481,11,1
128,482,11,0
128,483,11,1
128,484,11,1
128,485,11,1
128,486,23,1
128,487,23,1
128,488,23,1
128,489,23,1
128,490,23,1
128,491,23,1
128,492,23,1
128,493,23,1
128,494,23,1
128,495,23,1
128,496,4,0
128,497,8,0
128,498,4,1
128,499,8,1
128,500,4,1
128,501,8,1
128,502,4,1
128,503,8,1
128,504,4,0
128,505,5,0
128,506,4,1
128,507,5,1
128,508,4,1
128,509,5,1
128,510,4,1
128,511,5,1
128,512,4,1
128,513,7,1
128,514,4,1
128,515,7,1
128,516,4,1
128,517,9,1
128,518,4,1
128,519,9,1
128,520,8,1
128,521,5,1
128,522,4,0
128,523,22,0
128,524,4,0
128,525,22,0
128,526,4,1
128,527,22,1
128,528,4,1
128,529,22,1
128,530,4,1
128,531,22,1
128,532,17,1
128,533,17,0
128,534,17,1
128,535,17,1
128,536,17,1
128,537,17,1
128,538,17,1
128,539,25,1
128,540,42,1
128,541,25,1
128,542,42,1
128,543,25,1
128,544,42,1
128,545,25,1
128,546,42,1
128,547,25,1
128,548,42,1
128,549,16,0
128,550,16,1
128,551,16,1
128,552,16,1
128,553,6,1
128,554,5,1
128,555,6,1
128,556,5,1
128,557,6,0
128,558,8,0
128,559,6,1
128,560,7,1
128,561,6,1
128,562,7,1
128,563,6,1
128,564,7,1
128,565,6,1
128,566,8,1
128,567,6,1
128,568,5,1
128,569,32,1
128,570,5,1
128,571,32,1
128,572,9,1
128,573,32,1
128,574,9,1
128,575,32,1
128,576,9,1
128,577,32,1
128,578,5,1
128,579,4,1
128,580,16,1
128,581,16,1
128,582,16,1
128,583,16,1
128,584,4,0
128,585,16,0
128,586,4,1
128,587,16,1
128,588,4,1
128,589,15,1
128,590,4,1
128,591,15,1
128,592,3,1
128,593,29,0
128,594,3,0
128,595,29,1
128,596,3,1
128,597,3,0
128,598,29,0
128,599,3,0
128,600,29,1
128,601,3,1
128,602,29,1
128,603,3,1
128,604,29,1
128,605,3,1
128,606,29,1
128,607,3,1
128,608,29,0
128,609,3,0
128,610,16,1
128,611,29,0
128,612,3,0
128,613,29,0
128,614,3,0
128,615,32,1
128,616,9,1
128,617,32,1
128,618,5,1
128,619,17,1
128,620,17,1
128,621,6,1
128,622,8,1
128,623,6,1
128,624,8,1
128,625,6,0
128,626,5,0
128,627,6,1
128,628,8,1
128,629,6,1
128,630,5,1
128,631,6,1
128,632,8,1
128,633,29,0
128,634,3,0
128,635,29,0
128,636,3,0
128,637,29,0
128,638,3,0
128,639,29,0
128,640,3,0
128,641,29,0
128,642,3,0
128,643,29,0
128,644,3,0
128,645,29,1
128,646,3,1
128,647,10,1
128,648,10,0
128,649,10,1
128,650,10,1
128,651,10,1
128,652,10,1
128,653,10,1
128,654,29,0
128,655,3,0
128,656,29,0
128,657,3,0
128,658,16,1
128,659,29,1
128,660,3,1
128,661,10,0
128,662,35,0
128,663,10,0
128,664,35,0
128,665,10,1
128,666,35,1
128,667,10,1
128,668,35,1
128,669,10,1
128,670,35,1
128,671,10,1
128,672,35,1
128,673,10,1
128,674,35,1
128,675,16,1
128,676,4,0
128,677,16,0
128,678,16,1
128,679,16,1
128,680,16,1
128,681,4,1
128,682,16,1
128,683,3,1
128,684,3,1
128,685,32,1
128,686,5,1
128,687,32,1
128,688,5,1
128,689,11,1
128,690,11,1
129,0,21,1
129,1,21,1
129,2,18,1
129,3,18,1
129,4,20,1
129,5,23,1
129,6,23,1
129,7,22,0
129,8,23,0
129,9,27,1
129,10,40,0
129,11,19,0
129,12,24,1
129,13,60,0
129,14,60,1
129,15,60,1
129,16,19,1
129,17,19,1
129,18,24,1
130,0,37,1
130,1,37,1
130,2,30,1
130,3,30,1
130,4,37,1
130,5,30,1
130,6,37,1
130,7,24,1
130,8,24,1
130,9,24,1
130,10,19,0
130,11,19,0
130,12,19,1
130,13,19,1
130,14,19,0
130,15,19,1
130,16,19,1
130,17,60,1
130,18,19,1
130,19,20,1
130,20,20,1
130,21,21,1
130,22,21,1
130,23,21,1
130,24,19,1
130,25,27,1
130,26,27,1
130,27,59,1
130,28,40,1
130,29,40,1
130,30,34,1
130,31,34,1
130,32,34,1
130,33,18,1
130,34,21,0
130,35,21,1
130,36,21,1
130,37,21,1
130,38,41,1
130,39,35,1
130,40,14,1
130,41,14,1
130,42,36,0
130,43,36,0
130,44,36,1
130,45,36,1
130,46,36,1
130,47,26,1
130,48,26,1
130,49,26,1
130,50,26,1
130,51,70,0
130,52,26,0
130,53,26,1
130,54,26,1
130,55,26,1
130,56,26,0
130,57,26,1
130,58,26,1
130,59,26,1
130,60,26,0
130,61,26,1
130,62,26,1
130,63,26,1
130,64,26,1
130,65,26,1
130,66,26,1
130,67,26,1
130,68,26,1
130,69,70,0
130,70,70,0
130,71,70,1
130,72,70,0
130,73,70,1
130,74,70,1
130,75,70,1
130,76,70,1
130,77,70,1
130,78,70,1
130,79,70,0
130,80,70,1
130,81,70,0
130,82,70,1
130,83,70,1
130,84,70,1
130,85,70,1
130,86,58,1
130,87,58,1
130,88,26,1
130,89,70,1
130,90,26,1
130,91,77,0
130,92,79,0
130,93,77,0
130,94,79,0
130,95,77,0
130,96,79,0
130,97,77,0
130,98,79,0
130,99,77,1
130,100,79,1
130,101,77,1
130,102,79,1
130,103,77,0
130,104,79,0
130,105,77,0
130,106,79,0
130,107,77,1
130,108,79,1
130,109,77,1
130,110,79,1
130,111,77,0
130,112,79,0
130,113,77,1
130,114,79,1
130,115,77,1
130,116,79,1
130,117,77,0
130,118,79,0
130,119,77,1
130,120,79,1
130,121,77,1
130,122,79,1
130,123,77,1
130,124,79,1
130,125,42,1
130,126,25,1
130,127,42,1
130,128,25,1
130,129,42,1
130,130,25,0
130,131,42,0
130,132,25,1
130,133,42,1
130,134,25,0
130,135,42,0
130,136,25,1
130,137,42,1
130,138,25,1
130,139,42,1
130,140,25,1
130,141,42,1
130,142,42,1
130,143,43,1
130,144,26,0
130,145,26,1
130,146,26,1
130,147,26,1
130,148,72,1
130,149,43,1
130,150,43,1
130,151,43,1
130,152,66,1
130,153,1,1
130,154,2,1
130,155,82,1
130,156,68,1
130,157,68,1
130,158,57,1
130,159,31,1
130,160,31,1
130,161,31,1
130,162,80,1
130,163,28,1
130,164,28,1
130,165,28,1
130,166,84,0
130,167,28,0
130,168,84,1
130,169,28,1
130,170,84,1
130,171,28,1
130,172,84,1
130,173,28,1
130,174,28,1
130,175,28,1
130,176,64,1
130,177,85,0
130,178,85,0
130,179,85,1
130,180,64,1
130,181,85,1
130,182,39,1
130,183,86,0
130,184,86,1
130,185,86,1
130,186,86,1
130,187,86,1
130,188,75,0
130,189,75,1
130,190,75,1
130,191,75,1
130,192,75,1
130,193,75,1
130,194,75,1
130,195,30,1
130,196,30,1
130,197,30,1
130,198,30,1
130,199,30,1
130,200,37,1
130,201,30,1
130,202,37,1
130,203,30,1
130,204,37,1
130,205,30,1
130,206,37,1
130,207,30,1
130,208,37,1
130,209,30,1
130,210,26,1
130,211,26,1
130,212,26,1
130,213,26,1
130,214,26,1
130,215,70,1
130,216,70,0
130,217,70,1
130,218,70,0
130,219,70,1
130,220,26,1
130,221,26,1
130,222,26,1
130,223,26,0
130,224,26,1
130,225,26,1
130,226,26,1
130,227,26,1
130,228,26,1
130,229,26,1
130,230,26,1
130,231,26,1
130,232,70,1
130,233,70,1
130,234,70,1
130,235,70,1
130,236,41,1
130,237,41,1
130,238,41,1
130,239,41,1
130,240,41,1
130,241,49,0
130,242,49,1
130,243,49,1
130,244,49,1
130,245,52,1
130,246,48,1
130,247,50,1
130,248,95,1
130,249,51,1
130,250,50,1
130,251,50,1
130,252,50,1
130,253,50,1
130,254,50,1
130,255,50,0
130,256,76,0
130,257,50,1
130,258,50,0
130,259,50,1
130,260,50,1
130,261,50,1
130,262,50,1
130,263,50,1
130,264,50,0
130,265,50,1
130,266,50,1
130,267,50,1
130,268,50,1
130,269,50,1
130,270,53,1
130,271,53,0
130,272,54,0
130,273,53,1
130,274,54,1
130,275,53,1
130,276,54,1
130,277,53,1
130,278,54,1
130,279,49,1
130,280,28,1
130,281,28,0
130,282,28,0
130,283,28,1
130,284,28,1
130,285,28,1
130,286,28,1
130,287,28,1
130,288,3,1
130,289,3,1
130,290,29,1
130,291,12,0
130,292,35,0
130,293,12,0
130,294,13,0
130,295,41,0
130,296,12,1
130,297,35,1
130,298,12,1
130,299,35,1
130,300,12,1
130,301,35,1
130,302,12,1
130,303,13,1
130,304,14,1
130,305,12,1
130,306,13,1
130,307,19,1
130,308,19,0
130,309,19,1
130,310,19,1
130,311,19,1
130,312,19,1
130,313,19,1
130,314,60,1
130,315,60,1
130,316,60,1
130,317,60,1
130,318,60,1
130,319,74,1
130,320,74,1
130,321,74,1
130,322,74,1
130,323,74,1
130,324,24,1
130,325,24,0
130,326,24,1
130,327,24,1
130,328,24,1
130,329,24,1
130,330,24,1
130,331,18,1
130,332,18,1
130,333,18,1
130,334,18,1
130,335,18,1
130,336,14,1
130,337,14,1
130,338,14,1
130,339,14,1
130,340,14,1
130,341,35,1
130,342,12,0
130,343,35,0
130,344,35,1
130,345,41,1
130,346,12,1
130,347,35,1
130,348,12,1
130,349,35,1
130,350,35,1
130,351,41,1
130,352,41,1
130,353,41,1
130,354,41,1
130,355,41,1
130,356,34,1
130,357,34,1
130,358,34,1
130,359,34,1
130,360,34,0
130,361,34,1
130,362,34,1
130,363,34,1
130,364,34,1
130,365,34,1
130,366,12,1
130,367,13,1
130,368,14,1
130,369,12,1
130,370,35,1
130,371,11,1
130,372,11,1
130,373,11,1
130,374,23,1
130,375,23,1
130,376,23,1
130,377,23,1
130,378,23,1
130,379,23,1
130,380,23,1
130,381,23,1
130,382,23,1
130,383,23,1
130,384,23,1
130,385,4,0
130,386,8,0
130,387,4,1
130,388,8,1
130,389,4,1
130,390,5,1
130,391,4,1
130,392,5,1
130,393,4,1
130,394,7,1
130,395,4,1
130,396,7,1
130,397,17,1
130,398,17,1
130,399,17,1
130,400,17,1
130,401,17,1
130,402,6,1
130,403,9,1
130,404,6,1
130,405,8,1
130,406,6,1
130,407,9,1
130,408,6,1
130,409,5,1
130,410,6,1
130,411,8,1
130,412,32,1
130,413,9,1
130,414,32,1
130,415,9,1
130,416,32,0
130,417,32,1
130,418,32,1
130,419,32,1
130,420,9,1
130,421,32,1
130,422,32,1
130,423,9,1
130,424,4,1
130,425,9,1
130,426,4,0
130,427,9,0
130,428,4,1
130,429,9,1
130,430,4,1
130,431,9,1
130,432,4,1
130,433,9,1
130,434,5,1
130,435,5,1
130,436,4,1
130,437,22,1
130,438,25,1
130,439,42,1
130,440,25,1
130,441,42,1
130,442,25,1
130,443,42,1
130,444,25,1
130,445,42,1
130,446,25,1
130,447,42,1
130,448,16,0
130,449,16,1
130,450,16,1
130,451,16,1
130,452,16,1
130,453,16,1
130,454,16,1
130,455,16,1
130,456,16,1
130,457,3,1
130,458,3,0
130,459,16,1
130,460,16,1
130,461,4,0
130,462,16,0
130,463,4,1
130,464,16,1
130,465,4,1
130,466,15,1
130,467,4,1
130,468,16,1
130,469,3,0
130,470,3,1
130,471,3,1
130,472,3,1
130,473,29,0
130,474,3,0
130,475,29,0
130,476,3,0
130,477,29,1
130,478,3,1
130,479,29,0
130,480,3,0
130,481,29,1
130,482,3,1
130,483,3,1
130,484,3,1
130,485,29,1
130,486,3,1
130,487,29,0
130,488,3,0
130,489,29,1
130,490,3,1
130,491,29,0
130,492,3,0
130,493,29,1
130,494,3,1
130,495,29,1
130,496,3,1
130,497,29,0
130,498,3,0
130,499,29,0
130,500,3,0
130,501,29,1
130,502,3,1
130,503,29,1
130,504,3,1
130,505,29,1
130,506,3,1
130,507,29,0
130,508,3,0
130,509,29,1
130,510,3,1
130,511,29,0
130,512,3,0
130,513,29,1
130,514,3,1
130,515,29,0
130,516,3,0
130,517,16,1
130,518,16,1
130,519,32,1
130,520,9,1
130,521,32,1
130,522,5,1
130,523,17,1
130,524,17,1
130,525,17,1
130,526,6,1
130,527,8,1
130,528,6,1
130,529,8,1
130,530,6,1
130,531,8,1
130,532,10,1
130,533,10,1
130,534,10,1
130,535,10,1
130,536,10,1
130,537,10,0
130,538,35,0
130,539,10,1
130,540,35,1
130,541,10,1
130,542,35,1
130,543,10,1
130,544,35,1
130,545,10,1
130,546,35,1
130,547,10,1
130,548,35,1
130,549,32,1
130,550,5,1
130,551,32,1
130,552,5,1
130,553,11,1
130,554,11,1
131,0,37,1
131,1,37,1
131,2,30,1
131,3,30,1
131,4,37,1
131,5,30,1
131,6,37,1
131,7,24,1
131,8,24,1
131,9,24,0
131,10,24,0
131,11,24,1
131,12,24,0
131,13,24,0
131,14,24,1
131,15,24,1
131,16,24,1
131,17,19,1
131,18,60,1
131,19,20,1
131,20,20,1
131,21,21,1
131,22,21,1
131,23,21,1
131,24,27,1
131,25,40,1
131,26,59,1
131,27,40,0
131,28,40,0
131,29,40,1
131,30,40,0
131,31,40,0
131,32,40,0
131,33,40,0
131,34,40,1
131,35,40,1
131,36,40,1
131,37,40,0
131,38,40,1
131,39,40,1
131,40,34,0
131,41,34,1
131,42,34,1
131,43,34,1
131,44,34,1
131,45,34,1
131,46,40,1
131,47,40,0
131,48,19,1
131,49,18,1
131,50,21,0
131,51,21,1
131,52,21,1
131,53,21,1
131,54,41,1
131,55,35,1
131,56,14,1
131,57,14,1
131,58,36,0
131,59,36,1
131,60,36,1
131,61,36,1
131,62,70,0
131,63,70,1
131,64,70,0
131,65,70,1
131,66,70,1
131,67,70,1
131,68,70,1
131,69,70,1
131,70,70,1
131,71,70,1
131,72,26,1
131,73,26,0
131,74,26,1
131,75,26,1
131,76,26,1
131,77,26,1
131,78,26,0
131,79,26,1
131,80,26,1
131,81,26,1
131,82,26,1
131,83,26,1
131,84,26,1
131,85,26,1
131,86,26,1
131,87,26,1
131,88,26,1
131,89,26,1
131,90,26,1
131,91,26,1
131,92,58,1
131,93,58,1
131,94,26,1
131,95,77,0
131,96,79,0
131,97,77,0
131,98,79,0
131,99,77,0
131,100,79,0
131,101,77,1
131,102,79,1
131,103,77,0
131,104,79,0
131,105,77,0
131,106,79,0
131,107,77,1
131,108,79,1
131,109,77,1
131,110,79,1
131,111,77,1
131,112,79,1
131,113,77,1
131,114,79,1
131,115,77,1
131,116,79,1
131,117,77,1
131,118,79,1
131,119,77,1
131,120,79,1
131,121,25,0
131,122,42,0
131,123,25,1
131,124,42,1
131,125,25,1
131,126,42,1
131,127,25,1
131,128,42,1
131,129,25,0
131,130,42,0
131,131,25,1
131,132,42,1
131,133,25,1
131,134,42,1
131,135,25,1
131,136,42,1
131,137,25,1
131,138,42,1
131,139,42,1
131,140,43,1
131,141,42,1
131,142,26,0
131,143,26,1
131,144,26,1
131,145,26,1
131,146,43,1
131,147,43,1
131,148,43,1
131,149,66,1
131,150,72,1
131,151,1,0
131,152,1,1
131,153,1,1
131,154,1,1
131,155,1,1
131,156,1,1
131,157,1,1
131,158,1,1
131,159,1,0
131,160,1,1
131,161,1,1
131,162,1,1
131,163,1,1
131,164,1,1
131,165,1,1
131,166,1,1
131,167,1,1
131,168,1,1
131,169,1,1
131,170,2,0
131,171,2,0
131,172,2,0
131,173,2,1
131,174,2,1
131,175,2,1
131,176,2,1
131,177,1,1
131,178,68,0
131,179,68,1
131,180,68,1
131,181,68,1
131,182,68,1
131,183,57,0
131,184,57,1
131,185,57,1
131,186,57,1
131,187,31,1
131,188,31,1
131,189,31,1
131,190,80,0
131,191,18,0
131,192,80,1
131,193,80,1
131,194,18,1
131,195,80,1
131,196,18,1
131,197,28,0
131,198,28,1
131,199,28,1
131,200,28,1
131,201,28,1
131,202,28,1
131,203,28,0
131,204,28,1
131,205,28,1
131,206,28,1
131,207,28,1
131,208,84,0
131,209,28,0
131,210,84,1
131,211,28,1
131,212,84,0
131,213,28,0
131,214,84,1
131,215,28,1
131,216,84,1
131,217,28,1
131,218,84,0
131,219,28,0
131,220,84,1
131,221,28,1
131,222,84,1
131,223,28,1
131,224,84,1
131,225,28,1
131,226,64,1
131,227,64,1
131,228,39,1
131,229,86,0
131,230,86,0
131,231,86,1
131,232,86,1
131,233,86,1
131,234,87,1
131,235,75,0
131,236,75,0
131,237,75,1
131,238,75,0
131,239,75,1
131,240,75,1
131,241,75,0
131,242,75,1
131,243,75,1
131,244,75,1
131,245,75,1
131,246,75,0
131,247,75,1
131,248,75,1
131,249,75,0
131,250,75,1
131,251,75,0
131,252,75,1
131,253,75,1
131,254,75,1
131,255,75,1
131,256,75,1
131,257,75,1
131,258,30,1
131,259,30,1
131,260,30,1
131,261,30,1
131,262,30,1
131,263,37,0
131,264,30,0
131,265,37,1
131,266,30,1
131,267,37,1
131,268,30,1
131,269,37,1
131,270,30,1
131,271,37,1
131,272,30,1
131,273,37,1
131,274,30,1
131,275,26,1
131,276,26,1
131,277,26,0
131,278,26,1
131,279,26,1
131,280,26,1
131,281,26,0
131,282,26,0
131,283,26,0
131,284,26,1
131,285,26,1
131,286,26,1
131,287,26,1
131,288,70,0
131,289,70,1
131,290,70,1
131,291,70,1
131,292,70,0
131,293,70,1
131,294,70,1
131,295,70,1
131,296,70,1
131,297,70,1
131,298,70,1
131,299,70,1
131,300,26,1
131,301,26,1
131,302,26,0
131,303,26,1
131,304,26,1
131,305,26,1
131,306,26,1
131,307,26,1
131,308,26,1
131,309,26,1
131,310,26,1
131,311,26,1
131,312,26,1
131,313,41,1
131,314,41,1
131,315,41,1
131,316,41,1
131,317,41,1
131,318,49,1
131,319,52,1
131,320,48,1
131,321,50,0
131,322,50,1
131,323,50,1
131,324,50,1
131,325,50,0
131,326,50,1
131,327,50,1
131,328,50,1
131,329,51,0
131,330,51,1
131,331,51,1
131,332,50,1
131,333,50,1
131,334,50,0
131,335,50,1
131,336,50,1
131,337,50,0
131,338,50,1
131,339,50,1
131,340,50,1
131,341,50,1
131,342,50,0
131,343,50,1
131,344,50,1
131,345,50,1
131,346,50,1
131,347,50,1
131,348,50,1
131,349,50,0
131,350,50,1
131,351,50,1
131,352,50,1
131,353,54,1
131,354,53,1
131,355,54,1
131,356,49,1
131,357,28,1
131,358,28,1
131,359,28,1
131,360,28,1
131,361,28,1
131,362,19,1
131,363,19,1
131,364,19,1
131,365,19,1
131,366,19,1
131,367,60,1
131,368,60,1
131,369,60,1
131,370,60,1
131,371,60,1
131,372,74,1
131,373,74,1
131,374,74,1
131,375,74,1
131,376,74,1
131,377,24,1
131,378,24,1
131,379,24,1
131,380,24,1
131,381,24,1
131,382,18,1
131,383,18,1
131,384,18,1
131,385,18,1
131,386,18,1
131,387,3,1
131,388,3,1
131,389,29,1
131,390,12,1
131,391,35,1
131,392,12,1
131,393,13,1
131,394,12,1
131,395,13,1
131,396,14,1
131,397,14,1
131,398,14,1
131,399,14,1
131,400,14,1
131,401,14,1
131,402,41,1
131,403,41,1
131,404,35,0
131,405,41,1
131,406,12,1
131,407,35,1
131,408,12,1
131,409,35,1
131,410,35,0
131,411,35,1
131,412,35,1
131,413,12,1
131,414,35,1
131,415,41,0
131,416,41,1
131,417,41,1
131,418,41,1
131,419,41,1
131,420,41,1
131,421,34,1
131,422,34,1
131,423,34,1
131,424,34,1
131,425,34,1
131,426,41,0
131,427,41,1
131,428,35,1
131,429,12,1
131,430,35,1
131,431,12,1
131,432,35,1
131,433,12,1
131,434,35,1
131,435,12,0
131,436,35,0
131,437,12,1
131,438,35,1
131,439,12,1
131,440,13,1
131,441,14,1
131,442,12,1
131,443,35,1
131,444,11,1
131,445,11,1
131,446,23,1
131,447,23,1
131,448,23,1
131,449,23,1
131,450,23,1
131,451,23,1
131,452,11,1
131,453,4,0
131,454,8,0
131,455,4,1
131,456,8,1
131,457,4,1
131,458,8,1
131,459,4,1
131,460,5,1
131,461,4,1
131,462,5,1
131,463,4,1
131,464,7,1
131,465,4,1
131,466,7,1
131,467,4,1
131,468,9,1
131,469,4,1
131,470,9,1
131,471,17,0
131,472,17,1
131,473,17,1
131,474,17,1
131,475,17,1
131,476,17,1
131,477,6,1
131,478,8,1
131,479,6,1
131,480,5,1
131,481,6,1
131,482,9,1
131,483,6,1
131,484,5,1
131,485,6,1
131,486,7,1
131,487,32,0
131,488,32,0
131,489,9,0
131,490,8,1
131,491,32,1
131,492,32,1
131,493,32,1
131,494,32,1
131,495,9,1
131,496,5,1
131,497,4,1
131,498,22,1
131,499,25,0
131,500,42,0
131,501,25,1
131,502,42,1
131,503,25,1
131,504,42,1
131,505,25,1
131,506,42,1
131,507,25,1
131,508,42,1
131,509,25,1
131,510,42,1
131,511,25,1
131,512,42,1
131,513,16,1
131,514,16,1
131,515,16,1
131,516,16,0
131,517,16,1
131,518,16,1
131,519,16,1
131,520,16,1
131,521,16,0
131,522,16,1
131,523,16,1
131,524,16,1
131,525,3,0
131,526,3,1
131,527,3,1
131,528,3,1
131,529,3,1
131,530,3,1
131,531,3,1
131,532,16,1
131,533,16,0
131,534,16,1
131,535,16,1
131,536,16,1
131,537,16,1
131,538,16,1
131,539,16,0
131,540,16,1
131,541,16,1
131,542,16,1
131,543,16,1
131,544,16,0
131,545,16,1
131,546,16,0
131,547,16,1
131,548,16,1
131,549,16,1
131,550,16,1
131,551,16,1
131,552,16,0
131,553,16,1
131,554,16,1
131,555,16,1
131,556,16,1
131,557,16,0
131,558,16,1
131,559,16,1
131,560,16,1
131,561,16,1
131,562,16,1
131,563,4,1
131,564,16,1
131,565,4,1
131,566,15,1
131,567,3,1
131,568,29,0
131,569,3,0
131,570,29,0
131,571,3,0
131,572,29,0
131,573,3,0
131,574,32,1
131,575,5,1
131,576,32,1
131,577,5,1
131,578,17,0
131,579,17,1
131,580,17,1
131,581,17,1
131,582,17,1
131,583,6,1
131,584,7,1
131,585,6,1
131,586,9,1
131,587,6,1
131,588,9,1
131,589,10,1
131,590,10,1
131,591,10,1
131,592,10,1
131,593,10,1
131,594,10,1
131,595,35,1
131,596,10,1
131,597,35,1
131,598,10,1
131,599,35,1
131,600,10,1
131,601,35,1
131,602,32,1
131,603,5,1
131,604,32,1
131,605,5,1
131,606,11,1
131,607,11,1
132,0,37,1
132,1,37,0
132,2,37,1
132,3,37,1
132,4,37,1
132,5,30,1
132,6,30,1
132,7,37,0
132,8,30,0
132,9,37,0
132,10,37,1
132,11,37,1
132,12,37,1
132,13,24,0
132,14,24,1
132,15,24,1
132,16,24,1
132,17,24,1
132,18,24,1
132,19,19,1
132,20,60,1
132,21,19,1
132,22,20,1
132,23,20,1
132,24,21,1
132,25,21,1
132,26,21,1
132,27,27,1
132,28,27,1
132,29,59,1
132,30,40,1
132,31,40,1
132,32,34,1
132,33,34,1
132,34,34,1
132,35,18,1
132,36,21,1
132,37,41,1
132,38,35,0
132,39,35,1
132,40,35,1
132,41,35,1
132,42,14,0
132,43,14,0
132,44,14,1
132,45,14,0
132,46,14,1
132,47,14,1
132,48,14,0
132,49,14,0
132,50,14,1
132,51,14,0
132,52,14,0
132,53,14,1
132,54,14,1
132,55,14,0
132,56,36,1
132,57,14,1
132,58,14,1
132,59,14,0
132,60,14,1
132,61,14,0
132,62,14,1
132,63,14,1
132,64,14,0
132,65,14,1
132,66,14,1
132,67,14,0
132,68,14,1
132,69,14,0
132,70,14,0
132,71,14,1
132,72,14,0
132,73,14,1
132,74,14,0
132,75,14,1
132,76,14,1
132,77,14,1
132,78,26,1
132,79,26,1
132,80,26,1
132,81,26,1
132,82,26,0
132,83,26,1
132,84,26,0
132,85,26,0
132,86,26,1
132,87,26,0
132,88,26,1
132,89,26,1
132,90,26,1
132,91,26,1
132,92,26,1
132,93,70,0
132,94,70,1
132,95,70,1
132,96,70,1
132,97,70,1
132,98,70,1
132,99,26,1
132,100,26,1
132,101,26,0
132,102,26,1
132,103,26,1
132,104,26,1
132,105,26,1
132,106,26,1
132,107,26,0
132,108,26,1
132,109,26,1
132,110,26,1
132,111,26,1
132,112,26,1
132,113,26,1
132,114,26,1
132,115,26,1
132,116,26,1
132,117,58,1
132,118,58,1
132,119,26,1
132,120,77,0
132,121,79,0
132,122,77,0
132,123,79,0
132,124,77,1
132,125,79,1
132,126,77,1
132,127,79,1
132,128,77,1
132,129,79,1
132,130,77,1
132,131,79,1
132,132,77,0
132,133,79,0
132,134,77,1
132,135,79,1
132,136,77,1
132,137,79,1
132,138,77,1
132,139,79,1
132,140,42,0
132,141,42,1
132,142,42,0
132,143,42,0
132,144,42,0
132,145,42,1
132,146,42,1
132,147,25,0
132,148,42,0
132,149,25,1
132,150,42,1
132,151,25,1
132,152,42,1
132,153,25,1
132,154,42,1
132,155,25,1
132,156,42,1
132,157,25,1
132,158,42,1
132,159,42,1
132,160,43,1
132,161,42,1
132,162,26,1
132,163,72,0
132,164,72,0
132,165,72,1
132,166,72,1
132,167,72,1
132,168,43,0
132,169,43,1
132,170,43,1
132,171,43,1
132,172,66,0
132,173,66,1
132,174,66,1
132,175,66,1
132,176,66,1
132,177,66,0
132,178,66,1
132,179,66,1
132,180,66,1
132,181,66,1
132,182,66,0
132,183,66,0
132,184,66,1
132,185,66,1
132,186,66,1
132,187,66,0
132,188,66,0
132,189,66,1
132,190,66,1
132,191,66,0
132,192,66,0
132,193,66,1
132,194,66,1
132,195,66,1
132,196,66,1
132,197,66,0
132,198,66,0
132,199,66,1
132,200,66,1
132,201,66,1
132,202,66,0
132,203,66,0
132,204,66,1
132,205,66,1
132,206,66,1
132,207,66,0
132,208,66,0
132,209,66,1
132,210,66,1
132,211,66,1
132,212,66,1
132,213,66,1
132,214,1,0
132,215,1,1
132,216,1,1
132,217,1,1
132,218,1,1
132,219,1,1
132,220,1,1
132,221,1,1
132,222,1,1
132,223,1,0
132,224,1,1
132,225,1,1
132,226,1,1
132,227,1,0
132,228,1,1
132,229,1,0
132,230,1,1
132,231,1,0
132,232,1,1
132,233,1,1
132,234,1,1
132,235,1,0
132,236,1,1
132,237,1,1
132,238,1,1
132,239,1,1
132,240,1,1
132,241,1,1
132,242,2,0
132,243,2,1
132,244,2,1
132,245,2,1
132,246,2,1
132,247,2,0
132,248,2,1
132,249,2,0
132,250,2,1
132,251,2,1
132,252,2,1
132,253,2,1
132,254,81,1
132,255,68,1
132,256,68,1
132,257,57,1
132,258,31,0
132,259,31,1
132,260,31,1
132,261,31,0
132,262,31,1
132,263,31,1
132,264,31,1
132,265,31,0
132,266,31,1
132,267,31,1
132,268,31,1
132,269,31,1
132,270,80,1
132,271,18,1
132,272,28,1
132,273,28,0
132,274,28,1
132,275,28,1
132,276,28,1
132,277,28,0
132,278,28,1
132,279,28,1
132,280,28,1
132,281,28,0
132,282,28,0
132,283,28,1
132,284,28,1
132,285,28,1
132,286,28,0
132,287,28,1
132,288,28,1
132,289,28,1
132,290,84,0
132,291,28,0
132,292,84,0
132,293,28,0
132,294,84,1
132,295,28,1
132,296,84,1
132,297,28,1
132,298,84,1
132,299,28,1
132,300,64,0
132,301,64,1
132,302,64,1
132,303,64,1
132,304,64,1
132,305,39,1
132,306,86,0
132,307,86,1
132,308,86,0
132,309,86,1
132,310,86,1
132,311,86,1
132,312,87,0
132,313,87,1
132,314,39,1
132,315,39,1
132,316,75,0
132,317,75,1
132,318,75,1
132,319,75,0
132,320,75,1
132,321,75,0
132,322,75,1
132,323,75,0
132,324,75,0
132,325,75,1
132,326,75,0
132,327,75,1
132,328,75,1
132,329,75,1
132,330,75,1
132,331,75,0
132,332,75,1
132,333,75,1
132,334,75,0
132,335,75,0
132,336,75,1
132,337,75,1
132,338,75,0
132,339,75,1
132,340,75,0
132,341,75,1
132,342,75,1
132,343,75,1
132,344,75,0
132,345,75,1
132,346,75,1
132,347,75,0
132,348,75,1
132,349,75,1
132,350,75,1
132,351,30,1
132,352,30,1
132,353,30,0
132,354,30,1
132,355,30,1
132,356,30,1
132,357,30,1
132,358,30,1
132,359,37,1
132,360,30,1
132,361,37,1
132,362,30,1
132,363,37,1
132,364,30,1
132,365,37,1
132,366,30,1
132,367,37,1
132,368,30,1
132,369,26,1
132,370,26,1
132,371,26,0
132,372,26,1
132,373,26,0
132,374,26,1
132,375,26,1
132,376,26,1
132,377,26,0
132,378,26,1
132,379,70,1
132,380,70,1
132,381,70,1
132,382,26,1
132,383,26,0
132,384,26,1
132,385,26,1
132,386,26,1
132,387,26,1
132,388,26,1
132,389,26,0
132,390,26,0
132,391,26,1
132,392,26,1
132,393,26,1
132,394,26,1
132,395,26,1
132,396,26,1
132,397,26,1
132,398,26,1
132,399,26,1
132,400,26,1
132,401,26,1
132,402,41,0
132,403,41,0
132,404,41,1
132,405,41,1
132,406,41,1
132,407,41,1
132,408,41,1
132,409,49,1
132,410,52,1
132,411,48,1
132,412,50,0
132,413,50,1
132,414,50,1
132,415,50,0
132,416,50,0
132,417,50,1
132,418,50,1
132,419,50,1
132,420,51,1
132,421,50,1
132,422,50,0
132,423,50,1
132,424,50,1
132,425,50,1
132,426,50,1
132,427,50,0
132,428,50,1
132,429,50,1
132,430,50,1
132,431,50,1
132,432,50,1
132,433,50,1
132,434,50,0
132,435,50,1
132,436,50,0
132,437,50,0
132,438,50,0
132,439,50,0
132,440,50,1
132,441,50,1
132,442,50,1
132,443,50,0
132,444,50,1
132,445,50,0
132,446,50,0
132,447,50,0
132,448,50,0
132,449,50,0
132,450,50,1
132,451,50,1
132,452,50,1
132,453,50,0
132,454,50,1
132,455,50,1
132,456,50,0
132,457,50,1
132,458,50,1
132,459,50,0
132,460,54,1
132,461,53,1
132,462,54,1
132,463,49,1
132,464,28,0
132,465,28,1
132,466,28,1
132,467,28,1
132,468,28,1
132,469,28,1
132,470,50,1
132,471,50,1
132,472,50,1
132,473,18,1
132,474,18,1
132,475,18,1
132,476,18,1
132,477,18,1
132,478,24,1
132,479,24,1
132,480,24,0
132,481,24,1
132,482,24,1
132,483,24,1
132,484,24,0
132,485,24,1
132,486,24,1
132,487,24,1
132,488,74,1
132,489,74,1
132,490,74,1
132,491,74,1
132,492,74,1
132,493,60,1
132,494,60,1
132,495,60,1
132,496,60,1
132,497,60,1
132,498,19,1
132,499,19,0
132,500,19,1
132,501,19,1
132,502,19,1
132,503,19,1
132,504,19,0
132,505,19,1
132,506,19,1
132,507,19,1
132,508,24,1
132,509,24,1
132,510,19,1
132,511,19,1
132,512,3,1
132,513,3,1
132,514,29,1
132,515,12,0
132,516,35,0
132,517,12,1
132,518,35,1
132,519,12,1
132,520,35,1
132,521,12,0
132,522,13,0
132,523,41,0
132,524,12,1
132,525,13,1
132,526,41,1
132,527,12,1
132,528,13,1
132,529,41,1
132,530,12,1
132,531,35,1
132,532,12,1
132,533,13,1
132,534,12,1
132,535,13,1
132,536,14,1
132,537,14,1
132,538,14,1
132,539,14,1
132,540,14,1
132,541,41,1
132,542,41,1
132,543,12,1
132,544,35,1
132,545,35,0
132,546,12,1
132,547,35,1
132,548,41,1
132,549,35,1
132,550,35,1
132,551,35,1
132,552,41,1
132,553,41,1
132,554,41,1
132,555,41,1
132,556,41,1
132,557,34,0
132,558,34,1
132,559,34,1
132,560,34,1
132,561,34,1
132,562,34,1
132,563,12,1
132,564,35,1
132,565,12,1
132,566,35,1
132,567,11,1
132,568,11,1
132,569,23,1
132,570,23,1
132,571,23,1
132,572,23,1
132,573,23,1
132,574,23,1
132,575,23,1
132,576,23,1
132,577,11,1
132,578,4,0
132,579,8,0
132,580,4,1
132,581,8,1
132,582,4,1
132,583,8,1
132,584,4,1
132,585,8,1
132,586,4,1
132,587,5,1
132,588,4,1
132,589,5,1
132,590,4,0
132,591,7,0
132,592,4,1
132,593,7,1
132,594,4,1
132,595,7,1
132,596,4,1
132,597,7,1
132,598,4,1
132,599,9,1
132,600,4,1
132,601,9,1
132,602,17,1
132,603,17,1
132,604,17,0
132,605,17,1
132,606,17,1
132,607,17,1
132,608,17,1
132,609,17,1
132,610,6,1
132,611,7,1
132,612,6,1
132,613,8,1
132,614,32,1
132,615,5,1
132,616,32,0
132,617,9,0
132,618,32,1
132,619,5,1
132,620,32,1
132,621,5,1
132,622,32,1
132,623,9,1
132,624,32,1
132,625,5,1
132,626,32,1
132,627,5,1
132,628,9,1
132,629,6,1
132,630,8,1
132,631,6,1
132,632,5,1
132,633,6,1
132,634,9,1
132,635,5,1
132,636,4,1
132,637,22,1
132,638,25,1
132,639,42,1
132,640,25,1
132,641,42,1
132,642,25,1
132,643,42,1
132,644,25,1
132,645,42,1
132,646,16,1
132,647,16,1
132,648,16,1
132,649,4,1
132,650,16,1
132,651,4,1
132,652,16,1
132,653,3,1
132,654,3,1
132,655,3,1
132,656,3,1
132,657,16,1
132,658,16,1
132,659,4,1
132,660,15,1
132,661,4,1
132,662,16,1
132,663,3,0
132,664,3,0
132,665,3,1
132,666,3,0
132,667,3,1
132,668,3,0
132,669,3,1
132,670,3,0
132,671,3,0
132,672,3,0
132,673,3,1
132,674,3,1
132,675,3,1
132,676,29,1
132,677,3,1
132,678,29,1
132,679,3,1
132,680,29,0
132,681,3,0
132,682,29,0
132,683,3,0
132,684,29,0
132,685,3,0
132,686,29,1
132,687,3,1
132,688,29,1
132,689,3,1
132,690,29,0
132,691,3,0
132,692,29,0
132,693,3,0
132,694,29,1
132,695,3,1
132,696,29,1
132,697,3,1
132,698,29,0
132,699,3,0
132,700,29,0
132,701,3,0
132,702,29,0
132,703,3,0
132,704,29,1
132,705,3,1
132,706,29,1
132,707,3,1
132,708,29,0
132,709,3,0
132,710,29,1
132,711,3,1
132,712,29,1
132,713,3,1
132,714,29,1
132,715,3,1
132,716,29,0
132,717,3,0
132,718,29,0
132,719,3,0
132,720,29,0
132,721,3,0
132,722,29,1
132,723,3,1
132,724,29,1
132,725,3,1
132,726,16,1
132,727,32,1
132,728,9,1
132,729,32,1
132,730,5,1
132,731,17,1
132,732,17,1
132,733,17,1
132,734,6,1
132,735,7,1
132,736,6,1
132,737,7,1
132,738,6,0
132,739,5,0
132,740,6,1
132,741,7,1
132,742,6,1
132,743,7,1
132,744,6,1
132,745,9,1
132,746,10,0
132,747,10,1
132,748,10,0
132,749,10,1
132,750,10,1
132,751,10,1
132,752,10,0
132,753,10,1
132,754,10,1
132,755,10,0
132,756,10,1
132,757,10,1
132,758,10,1
132,759,10,1
132,760,10,1
132,761,35,1
132,762,10,1
132,763,35,1
132,764,10,1
132,765,35,1
132,766,10,1
132,767,35,1
132,768,32,1
132,769,5,1
132,770,32,1
132,771,9,1
132,772,11,0
132,773,11,1
132,774,11,0
132,775,11,1
132,776,11,1
132,777,11,1
133,0,37,1
133,1,37,1
133,2,30,1
133,3,30,1
133,4,37,1
133,5,30,1
133,6,37,1
133,7,24,1
133,8,24,1
133,9,24,1
133,10,19,1
133,11,60,1
133,12,20,1
133,13,20,1
133,14,21,1
133,15,21,1
133,16,21,1
133,17,27,1
133,18,19,1
133,19,27,1
133,20,59,1
133,21,40,0
133,22,40,1
133,23,40,0
133,24,40,1
133,25,40,1
133,26,40,1
133,27,40,1
133,28,40,0
133,29,40,1
133,30,40,1
133,31,40,1
133,32,34,1
133,33,34,1
133,34,34,1
133,35,18,1
133,36,21,1
133,37,41,1
133,38,35,1
133,39,14,1
133,40,14,1
133,41,36,1
133,42,36,1
133,43,36,1
133,44,26,1
133,45,26,1
133,46,26,1
133,47,26,1
133,48,26,1
133,49,70,1
133,50,70,1
133,51,70,1
133,52,70,1
133,53,26,0
133,54,26,0
133,55,26,1
133,56,26,1
133,57,26,0
133,58,26,1
133,59,26,1
133,60,26,1
133,61,26,0
133,62,26,1
133,63,26,1
133,64,26,1
133,65,26,1
133,66,26,1
133,67,26,1
133,68,26,1
133,69,26,1
133,70,58,1
133,71,58,1
133,72,26,1
133,73,77,1
133,74,79,1
133,75,77,1
133,76,79,1
133,77,42,0
133,78,42,1
133,79,42,0
133,80,42,1
133,81,42,1
133,82,42,1
133,83,31,1
133,84,31,0
133,85,31,1
133,86,31,1
133,87,31,1
133,88,31,1
133,89,57,1
133,90,68,1
133,91,68,1
133,92,82,1
133,93,1,0
133,94,1,1
133,95,1,1
133,96,1,1
133,97,1,1
133,98,1,1
133,99,1,1
133,100,1,1
133,101,1,1
133,102,1,1
133,103,1,1
133,104,77,1
133,105,79,1
133,106,80,1
133,107,18,1
133,108,28,0
133,109,28,1
133,110,28,1
133,111,28,1
133,112,28,1
133,113,28,1
133,114,28,1
133,115,28,1
133,116,84,0
133,117,28,0
133,118,84,0
133,119,28,0
133,120,84,1
133,121,28,1
133,122,84,1
133,123,28,1
133,124,84,1
133,125,28,1
133,126,2,0
133,127,2,0
133,128,2,1
133,129,2,1
133,130,2,1
133,131,2,1
133,132,2,1
133,133,25,1
133,134,42,1
133,135,64,0
133,136,64,1
133,137,64,1
133,138,64,1
133,139,64,0
133,140,64,1
133,141,64,1
133,142,85,0
133,143,85,1
133,144,64,1
133,145,64,1
133,146,39,0
133,147,39,1
133,148,39,1
133,149,39,1
133,150,86,1
133,151,86,1
133,152,75,0
133,153,75,1
133,154,75,1
133,155,75,1
133,156,75,1
133,157,75,1
133,158,75,1
133,159,25,1
133,160,42,1
133,161,25,1
133,162,42,1
133,163,25,1
133,164,42,1
133,165,25,1
133,166,42,1
133,167,42,1
133,168,43,1
133,169,26,1
133,170,72,1
133,171,43,1
133,172,43,0
133,173,43,1
133,174,43,1
133,175,43,1
133,176,43,1
133,177,43,1
133,178,66,1
133,179,30,1
133,180,30,1
133,181,30,1
133,182,30,1
133,183,30,1
133,184,37,0
133,185,30,0
133,186,37,1
133,187,30,1
133,188,37,1
133,189,30,1
133,190,37,1
133,191,30,1
133,192,37,1
133,193,30,1
133,194,37,1
133,195,30,1
133,196,26,1
133,197,26,1
133,198,26,0
133,199,26,1
133,200,26,1
133,201,26,1
133,202,26,1
133,203,26,1
133,204,26,1
133,205,26,0
133,206,26,1
133,207,26,0
133,208,26,1
133,209,70,1
133,210,70,1
133,211,70,1
133,212,70,1
133,213,70,1
133,214,26,0
133,215,26,1
133,216,26,1
133,217,26,1
133,218,26,1
133,219,26,0
133,220,26,1
133,221,26,1
133,222,26,1
133,223,26,0
133,224,26,1
133,225,26,1
133,226,26,1
133,227,26,1
133,228,26,1
133,229,26,1
133,230,26,1
133,231,26,0
133,232,26,1
133,233,26,1
133,234,26,1
133,235,26,1
133,236,26,0
133,237,26,1
133,238,26,1
133,239,26,1
133,240,26,1
133,241,26,1
133,242,26,0
133,243,26,1
133,244,26,1
133,245,26,1
133,246,26,1
133,247,26,1
133,248,26,0
133,249,26,1
133,250,26,1
133,251,26,1
133,252,26,1
133,253,26,1
133,254,26,0
133,255,26,1
133,256,26,1
133,257,26,1
133,258,26,1
133,259,26,1
133,260,26,1
133,261,26,1
133,262,41,0
133,263,41,1
133,264,41,1
133,265,41,1
133,266,41,1
133,267,41,1
133,268,49,1
133,269,52,1
133,270,48,1
133,271,50,1
133,272,51,1
133,273,50,1
133,274,50,0
133,275,50,1
133,276,50,0
133,277,50,0
133,278,50,0
133,279,50,1
133,280,50,1
133,281,50,0
133,282,50,1
133,283,50,1
133,284,50,1
133,285,51,1
133,286,50,0
133,287,50,0
133,288,50,1
133,289,50,0
133,290,50,0
133,291,50,1
133,292,50,0
133,293,50,1
133,294,50,1
133,295,50,1
133,296,50,1
133,297,50,1
133,298,50,0
133,299,50,0
133,300,50,0
133,301,50,1
133,302,50,1
133,303,50,1
133,304,50,1
133,305,50,1
133,306,50,0
133,307,50,1
133,308,50,1
133,309,50,0
133,310,96,1
133,311,50,1
133,312,50,1
133,313,50,0
133,314,50,1
133,315,50,1
133,316,50,1
133,317,53,1
133,318,53,1
133,319,54,1
133,320,49,1
133,321,28,1
133,322,28,1
133,323,28,1
133,324,28,1
133,325,28,1
133,326,50,1
133,327,18,1
133,328,18,1
133,329,18,1
133,330,18,1
133,331,18,1
133,332,24,0
133,333,24,1
133,334,24,1
133,335,24,0
133,336,24,1
133,337,24,1
133,338,24,1
133,339,24,1
133,340,24,0
133,341,74,1
133,342,74,1
133,343,74,1
133,344,74,1
133,345,74,1
133,346,60,1
133,347,24,1
133,348,24,1
133,349,24,1
133,350,24,1
133,351,24,1
133,352,60,1
133,353,60,1
133,354,60,1
133,355,60,1
133,356,19,1
133,357,19,1
133,358,19,1
133,359,19,1
133,360,3,1
133,361,3,1
133,362,3,1
133,363,29,1
133,364,12,1
133,365,35,1
133,366,12,1
133,367,13,1
133,368,14,1
133,369,12,1
133,370,13,1
133,371,14,0
133,372,14,0
133,373,14,1
133,374,14,1
133,375,14,1
133,376,14,0
133,377,14,1
133,378,14,1
133,379,14,1
133,380,14,1
133,381,41,0
133,382,12,0
133,383,35,0
133,384,41,1
133,385,41,1
133,386,35,0
133,387,12,1
133,388,35,1
133,389,41,1
133,390,41,1
133,391,12,1
133,392,35,1
133,393,41,1
133,394,41,1
133,395,41,1
133,396,41,1
133,397,41,1
133,398,34,1
133,399,34,1
133,400,34,1
133,401,34,1
133,402,34,1
133,403,14,1
133,404,41,1
133,405,12,1
133,406,35,1
133,407,12,0
133,408,35,0
133,409,12,1
133,410,13,1
133,411,14,1
133,412,12,1
133,413,13,1
133,414,14,1
133,415,12,1
133,416,13,1
133,417,14,1
133,418,11,0
133,419,11,0
133,420,11,1
133,421,11,0
133,422,11,1
133,423,11,1
133,424,11,1
133,425,23,1
133,426,23,1
133,427,23,1
133,428,23,1
133,429,23,1
133,430,23,1
133,431,11,1
133,432,4,1
133,433,8,1
133,434,4,1
133,435,8,1
133,436,4,1
133,437,5,1
133,438,4,1
133,439,5,1
133,440,4,0
133,441,7,0
133,442,4,1
133,443,7,1
133,444,4,1
133,445,7,1
133,446,4,1
133,447,7,1
133,448,17,1
133,449,17,1
133,450,17,1
133,451,17,1
133,452,17,1
133,453,6,1
133,454,8,1
133,455,6,1
133,456,9,1
133,457,6,0
133,458,8,0
133,459,6,1
133,460,8,1
133,461,6,1
133,462,9,1
133,463,6,1
133,464,8,1
133,465,6,1
133,466,8,1
133,467,6,1
133,468,9,1
133,469,32,0
133,470,5,0
133,471,32,1
133,472,5,1
133,473,32,1
133,474,5,1
133,475,32,0
133,476,9,0
133,477,32,1
133,478,9,1
133,479,32,1
133,480,9,1
133,481,32,1
133,482,5,1
133,483,32,1
133,484,9,1
133,485,4,1
133,486,9,1
133,487,4,1
133,488,9,1
133,489,5,1
133,490,5,1
133,491,4,0
133,492,22,0
133,493,25,1
133,494,42,1
133,495,4,0
133,496,22,0
133,497,25,1
133,498,42,1
133,499,4,0
133,500,22,0
133,501,4,1
133,502,22,1
133,503,4,1
133,504,22,1
133,505,4,1
133,506,22,1
133,507,25,1
133,508,42,1
133,509,25,0
133,510,42,0
133,511,25,1
133,512,42,1
133,513,25,1
133,514,42,1
133,515,25,1
133,516,42,1
133,517,25,0
133,518,42,0
133,519,25,1
133,520,42,1
133,521,25,1
133,522,42,1
133,523,25,1
133,524,42,1
133,525,25,1
133,526,42,1
133,527,25,0
133,528,42,0
133,529,25,0
133,530,42,0
133,531,25,1
133,532,42,1
133,533,25,1
133,534,42,1
133,535,25,1
133,536,42,1
133,537,25,1
133,538,42,1
133,539,16,1
133,540,16,0
133,541,16,1
133,542,16,1
133,543,16,1
133,544,16,1
133,545,25,1
133,546,42,1
133,547,25,1
133,548,42,1
133,549,16,1
133,550,16,1
133,551,4,1
133,552,16,1
133,553,4,1
133,554,16,1
133,555,3,1
133,556,3,1
133,557,29,1
133,558,3,1
133,559,29,1
133,560,3,1
133,561,3,1
133,562,3,0
133,563,3,1
133,564,29,0
133,565,3,0
133,566,29,0
133,567,3,0
133,568,29,0
133,569,3,0
133,570,29,1
133,571,3,1
133,572,29,1
133,573,3,1
133,574,29,1
133,575,3,1
133,576,16,1
133,577,29,0
133,578,3,0
133,579,29,0
133,580,3,0
133,581,29,0
133,582,3,0
133,583,29,0
133,584,3,0
133,585,32,1
133,586,5,1
133,587,32,1
133,588,5,1
133,589,29,0
133,590,3,0
133,591,29,0
133,592,3,0
133,593,29,0
133,594,3,0
133,595,29,0
133,596,3,0
133,597,29,1
133,598,3,1
133,599,29,1
133,600,3,1
133,601,29,0
133,602,3,0
133,603,29,1
133,604,3,1
133,605,29,1
133,606,3,1
133,607,17,1
133,608,17,1
133,609,17,1
133,610,6,1
133,611,7,1
133,612,6,1
133,613,8,1
133,614,6,1
133,615,9,1
133,616,10,1
133,617,10,1
133,618,10,1
133,619,10,1
133,620,10,0
133,621,10,1
133,622,10,1
133,623,10,1
133,624,10,1
133,625,35,1
133,626,10,1
133,627,35,1
133,628,10,1
133,629,35,1
133,630,10,1
133,631,35,1
133,632,32,1
133,633,5,1
133,634,32,1
133,635,9,1
133,636,11,1
133,637,11,1
134,0,37,1
134,1,37,1
134,2,30,1
134,3,30,1
134,4,37,1
134,5,30,1
134,6,37,1
134,7,24,1
134,8,24,1
134,9,24,1
134,10,19,1
134,11,60,1
134,12,19,1
134,13,20,1
134,14,20,1
134,15,21,1
134,16,21,1
134,17,21,1
134,18,27,1
134,19,27,1
134,20,59,0
134,21,59,1
134,22,59,1
134,23,59,1
134,24,40,1
134,25,40,1
134,26,34,1
134,27,34,1
134,28,34,0
134,29,34,1
134,30,34,0
134,31,34,1
134,32,34,1
134,33,34,1
134,34,18,1
134,35,21,0
134,36,21,1
134,37,21,1
134,38,21,1
134,39,41,1
134,40,35,1
134,41,14,1
134,42,14,1
134,43,36,1
134,44,26,0
134,45,26,1
134,46,26,1
134,47,26,1
134,48,26,1
134,49,26,1
134,50,26,1
134,51,26,1
134,52,70,1
134,53,70,1
134,54,70,1
134,55,70,1
134,56,70,1
134,57,70,1
134,58,26,1
134,59,26,1
134,60,26,0
134,61,26,1
134,62,26,1
134,63,26,1
134,64,26,1
134,65,26,1
134,66,26,1
134,67,26,1
134,68,26,1
134,69,58,1
134,70,58,1
134,71,26,0
134,72,26,1
134,73,26,1
134,74,26,1
134,75,77,0
134,76,79,0
134,77,77,1
134,78,79,1
134,79,77,0
134,80,79,0
134,81,77,1
134,82,79,1
134,83,77,1
134,84,79,1
134,85,77,1
134,86,79,1
134,87,77,1
134,88,79,1
134,89,77,1
134,90,79,1
134,91,42,1
134,92,25,1
134,93,42,1
134,94,25,1
134,95,42,1
134,96,25,1
134,97,42,1
134,98,42,1
134,99,43,1
134,100,26,1
134,101,72,1
134,102,43,1
134,103,43,1
134,104,43,1
134,105,66,0
134,106,66,1
134,107,66,1
134,108,66,1
134,109,66,1
134,110,66,1
134,111,66,0
134,112,66,0
134,113,66,1
134,114,66,0
134,115,66,0
134,116,66,0
134,117,66,1
134,118,66,1
134,119,66,0
134,120,66,0
134,121,66,1
134,122,66,1
134,123,66,0
134,124,66,1
134,125,66,1
134,126,66,0
134,127,66,1
134,128,66,0
134,129,66,1
134,130,66,1
134,131,66,1
134,132,66,1
134,133,66,1
134,134,66,1
134,135,1,0
134,136,1,1
134,137,1,1
134,138,1,1
134,139,1,0
134,140,1,1
134,141,1,1
134,142,1,1
134,143,1,0
134,144,1,1
134,145,1,1
134,146,1,1
134,147,1,1
134,148,1,1
134,149,1,1
134,150,1,1
134,151,1,0
134,152,1,1
134,153,1,1
134,154,1,1
134,155,1,1
134,156,1,1
134,157,1,1
134,158,1,1
134,159,1,0
134,160,1,1
134,161,1,1
134,162,1,1
134,163,1,1
134,164,1,1
134,165,1,1
134,166,1,1
134,167,1,1
134,168,1,1
134,169,1,1
134,170,2,0
134,171,2,0
134,172,2,1
134,173,2,1
134,174,2,1
134,175,2,1
134,176,2,0
134,177,2,1
134,178,2,1
134,179,2,1
134,180,2,1
134,181,2,1
134,182,2,1
134,183,1,1
134,184,68,0
134,185,68,1
134,186,68,1
134,187,68,1
134,188,68,1
134,189,57,1
134,190,31,1
134,191,31,0
134,192,31,1
134,193,31,1
134,194,31,1
134,195,31,0
134,196,31,1
134,197,31,1
134,198,31,1
134,199,80,1
134,200,28,1
134,201,28,0
134,202,28,1
134,203,28,1
134,204,28,1
134,205,28,1
134,206,28,0
134,207,14,0
134,208,28,1
134,209,28,1
134,210,28,1
134,211,28,1
134,212,84,0
134,213,28,0
134,214,84,0
134,215,28,0
134,216,84,1
134,217,28,1
134,218,84,1
134,219,28,1
134,220,84,1
134,221,28,1
134,222,64,0
134,223,64,1
134,224,64,1
134,225,64,1
134,226,64,0
134,227,85,0
134,228,85,1
134,229,85,1
134,230,85,1
134,231,39,1
134,232,86,0
134,233,86,1
134,234,86,1
134,235,86,1
134,236,39,1
134,237,75,1
134,238,30,1
134,239,30,1
134,240,30,1
134,241,30,1
134,242,30,1
134,243,37,1
134,244,30,1
134,245,37,1
134,246,30,1
134,247,37,1
134,248,30,1
134,249,37,1
134,250,30,1
134,251,37,1
134,252,30,1
134,253,26,1
134,254,26,1
134,255,26,1
134,256,26,1
134,257,26,1
134,258,70,1
134,259,70,1
134,260,70,1
134,261,70,1
134,262,70,1
134,263,70,1
134,264,70,1
134,265,70,1
134,266,26,0
134,267,26,1
134,268,26,1
134,269,26,1
134,270,26,1
134,271,26,1
134,272,26,1
134,273,26,1
134,274,26,1
134,275,41,0
134,276,41,1
134,277,41,1
134,278,41,1
134,279,41,1
134,280,41,1
134,281,49,1
134,282,52,1
134,283,48,1
134,284,50,0
134,285,50,1
134,286,50,1
134,287,50,1
134,288,51,1
134,289,50,0
134,290,50,1
134,291,50,1
134,292,50,0
134,293,50,1
134,294,50,1
134,295,50,1
134,296,50,1
134,297,50,1
134,298,50,0
134,299,50,1
134,300,50,1
134,301,76,1
134,302,50,1
134,303,50,1
134,304,50,1
134,305,50,0
134,306,50,1
134,307,50,1
134,308,50,1
134,309,50,0
134,310,50,1
134,311,50,1
134,312,50,1
134,313,53,1
134,314,53,1
134,315,54,1
134,316,49,1
134,317,28,1
134,318,28,1
134,319,28,1
134,320,28,1
134,321,28,1
134,322,3,1
134,323,3,1
134,324,29,1
134,325,12,0
134,326,35,0
134,327,12,1
134,328,35,1
134,329,12,1
134,330,35,1
134,331,12,1
134,332,35,1
134,333,12,1
134,334,13,1
134,335,41,1
134,336,12,1
134,337,13,1
134,338,18,1
134,339,18,1
134,340,18,1
134,341,18,1
134,342,18,1
134,343,24,1
134,344,24,1
134,345,24,1
134,346,24,1
134,347,24,1
134,348,74,1
134,349,74,1
134,350,74,1
134,351,74,1
134,352,74,1
134,353,60,1
134,354,60,1
134,355,60,1
134,356,60,1
134,357,60,1
134,358,19,1
134,359,19,1
134,360,19,1
134,361,19,1
134,362,19,1
134,363,14,1
134,364,14,1
134,365,14,1
134,366,14,1
134,367,14,1
134,368,41,1
134,369,41,1
134,370,35,1
134,371,35,1
134,372,12,1
134,373,35,1
134,374,41,1
134,375,41,1
134,376,41,1
134,377,41,1
134,378,41,1
134,379,34,1
134,380,34,1
134,381,34,1
134,382,34,1
134,383,34,1
134,384,12,1
134,385,35,1
134,386,12,0
134,387,35,0
134,388,12,1
134,389,35,1
134,390,12,1
134,391,35,1
134,392,12,1
134,393,13,1
134,394,14,1
134,395,11,1
134,396,11,1
134,397,23,1
134,398,23,1
134,399,23,1
134,400,23,1
134,401,23,1
134,402,23,1
134,403,11,0
134,404,11,1
134,405,11,1
134,406,11,0
134,407,11,1
134,408,11,1
134,409,11,1
134,410,4,1
134,411,8,1
134,412,4,0
134,413,8,0
134,414,4,1
134,415,8,1
134,416,4,1
134,417,8,1
134,418,4,1
134,419,8,1
134,420,4,1
134,421,5,1
134,422,4,1
134,423,5,1
134,424,4,1
134,425,7,1
134,426,4,1
134,427,7,1
134,428,4,1
134,429,9,1
134,430,4,1
134,431,9,1
134,432,17,1
134,433,17,1
134,434,17,1
134,435,17,1
134,436,17,1
134,437,6,1
134,438,5,1
134,439,6,0
134,440,8,0
134,441,6,1
134,442,8,1
134,443,6,1
134,444,8,1
134,445,6,1
134,446,7,1
134,447,6,1
134,448,7,1
134,449,6,1
134,450,5,1
134,451,32,1
134,452,5,1
134,453,32,1
134,454,5,1
134,455,32,1
134,456,9,1
134,457,32,0
134,458,5,0
134,459,32,0
134,460,9,0
134,461,32,1
134,462,5,1
134,463,32,1
134,464,5,1
134,465,32,1
134,466,5,1
134,467,32,1
134,468,5,1
134,469,32,1
134,470,5,1
134,471,5,1
134,472,9,1
134,473,4,0
134,474,22,0
134,475,4,1
134,476,22,1
134,477,4,1
134,478,22,1
134,479,4,1
134,480,22,1
134,481,25,0
134,482,42,0
134,483,25,1
134,484,42,1
134,485,25,1
134,486,42,1
134,487,25,1
134,488,42,1
134,489,25,1
134,490,42,1
134,491,25,1
134,492,42,1
134,493,25,1
134,494,42,1
134,495,25,1
134,496,42,1
134,497,16,1
134,498,16,1
134,499,16,1
134,500,4,1
134,501,16,1
134,502,16,1
134,503,4,1
134,504,16,1
134,505,16,1
134,506,3,1
134,507,3,1
134,508,3,1
134,509,3,1
134,510,16,0
134,511,16,1
134,512,16,1
134,513,16,1
134,514,4,1
134,515,16,1
134,516,4,1
134,517,16,1
134,518,3,1
134,519,29,1
134,520,3,1
134,521,29,1
134,522,3,1
134,523,29,1
134,524,3,1
134,525,29,1
134,526,3,1
134,527,16,1
134,528,16,1
134,529,32,1
134,530,5,1
134,531,32,0
134,532,9,0
134,533,32,1
134,534,9,1
134,535,32,1
134,536,5,1
134,537,32,1
134,538,5,1
134,539,17,1
134,540,17,1
134,541,6,1
134,542,8,1
134,543,6,0
134,544,8,0
134,545,6,1
134,546,7,1
134,547,6,0
134,548,8,0
134,549,6,1
134,550,9,1
134,551,6,1
134,552,7,1
134,553,6,1
134,554,5,1
134,555,10,0
134,556,10,1
134,557,10,1
134,558,10,1
134,559,10,1
134,560,10,1
134,561,10,1
134,562,10,1
134,563,10,0
134,564,35,0
134,565,10,1
134,566,35,1
134,567,10,0
134,568,35,0
134,569,10,1
134,570,35,1
134,571,10,1
134,572,35,1
134,573,10,1
134,574,35,1
134,575,10,1
134,576,35,1
134,577,10,1
134,578,35,1
134,579,32,1
134,580,5,1
134,581,32,1
134,582,9,1
134,583,11,1
134,584,11,1
135,0,37,1
135,1,37,1
135,2,30,1
135,3,30,1
135,4,37,1
135,5,30,1
135,6,37,1
135,7,24,1
135,8,24,1
135,9,24,0
135,10,24,1
135,11,24,1
135,12,24,1
135,13,19,1
135,14,19,1
135,15,60,1
135,16,20,1
135,17,20,1
135,18,21,1
135,19,21,1
135,20,21,1
135,21,27,1
135,22,27,1
135,23,59,0
135,24,59,0
135,25,59,1
135,26,59,0
135,27,40,1
135,28,40,1
135,29,34,1
135,30,34,1
135,31,34,1
135,32,18,1
135,33,21,0
135,34,21,1
135,35,21,1
135,36,21,1
135,37,41,1
135,38,35,1
135,39,14,1
135,40,14,1
135,41,36,1
135,42,26,1
135,43,26,1
135,44,26,1
135,45,26,0
135,46,26,1
135,47,26,0
135,48,26,0
135,49,70,0
135,50,70,1
135,51,70,1
135,52,70,1
135,53,70,0
135,54,70,1
135,55,70,1
135,56,70,1
135,57,70,0
135,58,70,1
135,59,70,1
135,60,70,0
135,61,70,1
135,62,70,1
135,63,70,1
135,64,70,1
135,65,26,1
135,66,26,1
135,67,26,1
135,68,26,1
135,69,26,1
135,70,58,1
135,71,58,0
135,72,58,1
135,73,58,0
135,74,58,1
135,75,58,0
135,76,26,1
135,77,58,1
135,78,58,1
135,79,58,1
135,80,77,1
135,81,79,1
135,82,77,1
135,83,79,1
135,84,77,0
135,85,79,0
135,86,77,1
135,87,79,1
135,88,77,1
135,89,79,1
135,90,77,1
135,91,79,1
135,92,42,1
135,93,25,1
135,94,42,1
135,95,25,0
135,96,42,0
135,97,25,1
135,98,42,1
135,99,25,1
135,100,42,1
135,101,25,1
135,102,42,1
135,103,25,1
135,104,42,1
135,105,25,1
135,106,42,1
135,107,42,1
135,108,43,1
135,109,26,1
135,110,72,1
135,111,43,1
135,112,43,1
135,113,43,1
135,114,66,0
135,115,66,1
135,116,66,1
135,117,66,1
135,118,66,1
135,119,66,0
135,120,66,1
135,121,66,1
135,122,66,0
135,123,66,1
135,124,66,1
135,125,66,1
135,126,1,1
135,127,2,0
135,128,2,1
135,129,2,0
135,130,2,1
135,131,2,0
135,132,2,0
135,133,2,1
135,134,2,1
135,135,2,1
135,136,2,1
135,137,2,1
135,138,81,1
135,139,68,1
135,140,68,1
135,141,57,1
135,142,31,1
135,143,31,1
135,144,31,1
135,145,28,1
135,146,80,1
135,147,28,1
135,148,28,0
135,149,28,1
135,150,28,1
135,151,28,1
135,152,28,0
135,153,28,0
135,154,28,1
135,155,28,0
135,156,28,1
135,157,28,1
135,158,84,0
135,159,28,0
135,160,84,1
135,161,28,1
135,162,84,1
135,163,28,1
135,164,84,1
135,165,28,1
135,166,28,1
135,167,28,1
135,168,26,1
135,169,64,0
135,170,64,1
135,171,64,0
135,172,64,0
135,173,64,0
135,174,64,1
135,175,64,1
135,176,64,1
135,177,64,1
135,178,39,1
135,179,86,1
135,180,86,1
135,181,75,1
135,182,30,1
135,183,30,1
135,184,30,1
135,185,30,1
135,186,30,1
135,187,37,1
135,188,30,1
135,189,37,1
135,190,30,1
135,191,37,1
135,192,30,1
135,193,37,1
135,194,30,1
135,195,37,1
135,196,30,1
135,197,26,0
135,198,26,1
135,199,26,1
135,200,26,0
135,201,26,0
135,202,26,1
135,203,26,1
135,204,26,1
135,205,26,1
135,206,26,1
135,207,70,1
135,208,70,1
135,209,70,1
135,210,70,1
135,211,70,0
135,212,70,1
135,213,70,1
135,214,70,1
135,215,26,0
135,216,26,1
135,217,26,1
135,218,26,1
135,219,26,0
135,220,26,1
135,221,26,1
135,222,26,1
135,223,26,0
135,224,26,1
135,225,26,1
135,226,26,1
135,227,26,0
135,228,26,1
135,229,26,1
135,230,26,1
135,231,26,0
135,232,26,1
135,233,26,1
135,234,26,1
135,235,26,1
135,236,26,1
135,237,26,1
135,238,26,1
135,239,26,1
135,240,70,1
135,241,70,1
135,242,70,1
135,243,70,1
135,244,41,1
135,245,41,1
135,246,41,1
135,247,41,1
135,248,41,1
135,249,49,1
135,250,52,1
135,251,48,0
135,252,48,1
135,253,48,1
135,254,48,1
135,255,50,0
135,256,50,1
135,257,50,1
135,258,50,0
135,259,50,1
135,260,50,1
135,261,50,1
135,262,51,1
135,263,50,1
135,264,50,0
135,265,50,0
135,266,50,1
135,267,50,0
135,268,50,1
135,269,96,0
135,270,51,1
135,271,50,0
135,272,50,1
135,273,50,1
135,274,50,1
135,275,50,1
135,276,50,1
135,277,50,1
135,278,50,0
135,279,50,1
135,280,50,1
135,281,50,1
135,282,50,1
135,283,50,1
135,284,50,1
135,285,50,1
135,286,50,1
135,287,50,1
135,288,53,1
135,289,53,1
135,290,54,1
135,291,49,1
135,292,28,1
135,293,28,0
135,294,28,1
135,295,28,1
135,296,28,1
135,297,28,1
135,298,28,1
135,299,19,1
135,300,19,1
135,301,19,1
135,302,19,1
135,303,19,1
135,304,60,1
135,305,60,1
135,306,60,1
135,307,60,1
135,308,60,1
135,309,74,1
135,310,74,1
135,311,74,1
135,312,74,1
135,313,74,1
135,314,24,1
135,315,24,1
135,316,24,1
135,317,24,1
135,318,24,1
135,319,18,1
135,320,18,1
135,321,18,1
135,322,18,1
135,323,18,1
135,324,3,1
135,325,3,0
135,326,3,0
135,327,3,1
135,328,3,1
135,329,29,1
135,330,12,1
135,331,13,1
135,332,41,1
135,333,12,1
135,334,13,1
135,335,14,1
135,336,12,1
135,337,13,1
135,338,14,1
135,339,3,1
135,340,14,1
135,341,14,1
135,342,14,1
135,343,14,1
135,344,14,1
135,345,12,1
135,346,35,1
135,347,12,1
135,348,35,1
135,349,12,0
135,350,35,0
135,351,35,0
135,352,41,1
135,353,35,1
135,354,41,0
135,355,12,0
135,356,35,0
135,357,12,1
135,358,35,1
135,359,41,1
135,360,41,1
135,361,41,0
135,362,41,1
135,363,35,1
135,364,12,1
135,365,35,1
135,366,41,1
135,367,41,1
135,368,41,1
135,369,41,0
135,370,41,1
135,371,41,1
135,372,41,1
135,373,41,1
135,374,41,1
135,375,34,1
135,376,34,1
135,377,34,1
135,378,34,1
135,379,34,1
135,380,12,0
135,381,35,0
135,382,12,1
135,383,35,1
135,384,12,1
135,385,35,1
135,386,12,1
135,387,35,1
135,388,11,0
135,389,11,1
135,390,11,1
135,391,11,1
135,392,11,1
135,393,23,1
135,394,23,1
135,395,23,1
135,396,23,1
135,397,23,1
135,398,23,1
135,399,23,1
135,400,23,1
135,401,23,1
135,402,4,1
135,403,8,1
135,404,4,1
135,405,8,1
135,406,4,1
135,407,5,1
135,408,4,1
135,409,5,1
135,410,4,1
135,411,7,1
135,412,4,1
135,413,7,1
135,414,4,1
135,415,9,1
135,416,4,1
135,417,9,1
135,418,8,0
135,419,9,1
135,420,8,1
135,421,5,0
135,422,5,0
135,423,9,1
135,424,9,1
135,425,9,1
135,426,17,1
135,427,17,1
135,428,17,1
135,429,17,1
135,430,17,1
135,431,6,1
135,432,8,1
135,433,6,1
135,434,7,1
135,435,6,1
135,436,5,1
135,437,6,1
135,438,8,1
135,439,6,1
135,440,7,1
135,441,32,1
135,442,8,1
135,443,4,1
135,444,22,1
135,445,32,1
135,446,9,1
135,447,32,1
135,448,32,1
135,449,32,1
135,450,9,1
135,451,25,1
135,452,42,1
135,453,25,1
135,454,42,1
135,455,25,1
135,456,42,1
135,457,25,1
135,458,42,1
135,459,25,1
135,460,42,1
135,461,16,1
135,462,16,1
135,463,16,0
135,464,16,1
135,465,16,1
135,466,16,1
135,467,16,1
135,468,16,1
135,469,16,1
135,470,16,1
135,471,16,1
135,472,16,1
135,473,16,1
135,474,16,1
135,475,3,1
135,476,3,1
135,477,3,0
135,478,3,1
135,479,3,1
135,480,3,1
135,481,3,1
135,482,4,0
135,483,15,0
135,484,4,1
135,485,16,1
135,486,4,1
135,487,15,1
135,488,3,0
135,489,3,0
135,490,3,1
135,491,3,1
135,492,3,1
135,493,29,1
135,494,3,1
135,495,29,1
135,496,3,1
135,497,29,1
135,498,3,1
135,499,29,1
135,500,3,1
135,501,29,0
135,502,3,0
135,503,29,0
135,504,3,0
135,505,16,1
135,506,29,0
135,507,3,0
135,508,32,1
135,509,9,1
135,510,32,1
135,511,5,1
135,512,17,1
135,513,17,1
135,514,6,1
135,515,8,1
135,516,6,1
135,517,9,1
135,518,6,0
135,519,8,0
135,520,6,1
135,521,5,1
135,522,6,1
135,523,8,1
135,524,6,1
135,525,5,1
135,526,10,0
135,527,10,1
135,528,10,1
135,529,10,1
135,530,10,0
135,531,10,1
135,532,10,1
135,533,10,0
135,534,10,1
135,535,10,0
135,536,10,1
135,537,10,1
135,538,10,1
135,539,10,0
135,540,10,1
135,541,10,1
135,542,10,1
135,543,10,1
135,544,35,1
135,545,10,1
135,546,35,1
135,547,10,1
135,548,35,1
135,549,10,1
135,550,35,1
135,551,32,1
135,552,5,1
135,553,32,1
135,554,5,1
135,555,11,1
135,556,11,0
135,557,11,0
135,558,11,0
135,559,11,1
135,560,11,1
136,0,37,1
136,1,37,1
136,2,30,1
136,3,30,1
136,4,37,0
136,5,30,0
136,6,37,1
136,7,30,1
136,8,37,1
136,9,30,1
136,10,37,1
136,11,30,1
136,12,37,1
136,13,24,1
136,14,24,1
136,15,24,1
136,16,19,1
136,17,19,1
136,18,60,1
136,19,20,1
136,20,20,0
136,21,20,1
136,22,20,1
136,23,20,1
136,24,21,1
136,25,21,1
136,26,21,1
136,27,27,1
136,28,27,1
136,29,59,0
136,30,59,1
136,31,59,0
136,32,59,1
136,33,59,1
136,34,40,0
136,35,40,1
136,36,40,1
136,37,40,0
136,38,40,0
136,39,40,1
136,40,40,1
136,41,40,0
136,42,40,1
136,43,40,1
136,44,40,1
136,45,59,1
136,46,40,1
136,47,34,1
136,48,34,1
136,49,34,1
136,50,18,1
136,51,21,1
136,52,41,1
136,53,35,1
136,54,14,1
136,55,14,1
136,56,36,1
136,57,26,1
136,58,26,1
136,59,26,1
136,60,26,1
136,61,26,0
136,62,26,1
136,63,26,1
136,64,26,1
136,65,26,1
136,66,26,0
136,67,26,0
136,68,26,1
136,69,26,0
136,70,26,0
136,71,26,1
136,72,26,0
136,73,26,0
136,74,26,1
136,75,26,1
136,76,26,1
136,77,26,0
136,78,26,1
136,79,26,1
136,80,26,1
136,81,26,1
136,82,26,0
136,83,26,1
136,84,58,1
136,85,58,1
136,86,26,1
136,87,26,1
136,88,26,0
136,89,26,0
136,90,26,1
136,91,26,1
136,92,26,0
136,93,26,1
136,94,26,1
136,95,26,1
136,96,42,1
136,97,42,1
136,98,43,1
136,99,26,1
136,100,43,1
136,101,43,1
136,102,43,1
136,103,68,1
136,104,68,1
136,105,82,1
136,106,57,0
136,107,57,1
136,108,57,1
136,109,57,1
136,110,31,1
136,111,31,0
136,112,31,1
136,113,31,1
136,114,31,1
136,115,31,1
136,116,80,1
136,117,18,1
136,118,28,1
136,119,28,1
136,120,28,1
136,121,28,0
136,122,28,0
136,123,28,1
136,124,14,1
136,125,28,1
136,126,28,1
136,127,28,1
136,128,84,0
136,129,28,0
136,130,84,0
136,131,28,0
136,132,84,1
136,133,28,1
136,134,84,1
136,135,28,1
136,136,84,1
136,137,28,1
136,138,64,1
136,139,85,0
136,140,64,1
136,141,64,1
136,142,64,1
136,143,1,0
136,144,1,1
136,145,1,1
136,146,1,1
136,147,1,1
136,148,1,1
136,149,1,1
136,150,1,1
136,151,1,1
136,152,1,0
136,153,1,0
136,154,1,1
136,155,1,1
136,156,1,1
136,157,1,1
136,158,1,1
136,159,1,1
136,160,1,0
136,161,1,0
136,162,1,1
136,163,1,1
136,164,1,1
136,165,39,1
136,166,86,0
136,167,86,0
136,168,39,1
136,169,75,0
136,170,86,0
136,171,66,0
136,172,66,0
136,173,66,0
136,174,70,1
136,175,70,0
136,176,70,1
136,177,70,1
136,178,70,1
136,179,70,0
136,180,70,1
136,181,70,1
136,182,70,1
136,183,70,1
136,184,25,1
136,185,42,1
136,186,2,0
136,187,77,0
136,188,79,0
136,189,77,1
136,190,79,1
136,191,30,1
136,192,30,1
136,193,30,1
136,194,30,1
136,195,30,1
136,196,37,1
136,197,30,1
136,198,37,1
136,199,30,1
136,200,37,1
136,201,30,1
136,202,37,1
136,203,30,1
136,204,37,1
136,205,30,1
136,206,26,0
136,207,26,1
136,208,26,1
136,209,26,0
136,210,26,0
136,211,26,1
136,212,26,1
136,213,26,1
136,214,26,1
136,215,26,1
136,216,70,1
136,217,70,1
136,218,70,0
136,219,70,1
136,220,70,1
136,221,70,1
136,222,70,1
136,223,70,0
136,224,70,1
136,225,70,1
136,226,70,1
136,227,70,1
136,228,26,1
136,229,77,1
136,230,79,1
136,231,77,1
136,232,79,1
136,233,77,1
136,234,79,1
136,235,77,1
136,236,79,1
136,237,70,1
136,238,70,0
136,239,70,1
136,240,70,1
136,241,70,1
136,242,70,1
136,243,70,1
136,244,72,1
136,245,26,1
136,246,26,1
136,247,26,1
136,248,26,1
136,249,70,1
136,250,70,1
136,251,70,1
136,252,70,1
136,253,75,1
136,254,75,1
136,255,75,1
136,256,75,1
136,257,75,0
136,258,75,1
136,259,75,0
136,260,75,1
136,261,75,1
136,262,75,0
136,263,75,1
136,264,86,1
136,265,26,0
136,266,26,1
136,267,26,1
136,268,26,0
136,269,26,1
136,270,26,0
136,271,26,1
136,272,26,1
136,273,26,1
136,274,26,1
136,275,26,0
136,276,26,1
136,277,25,1
136,278,42,1
136,279,25,1
136,280,42,1
136,281,25,1
136,282,42,1
136,283,25,1
136,284,42,1
136,285,26,1
136,286,26,1
136,287,26,1
136,288,26,1
136,289,26,1
136,290,66,1
136,291,66,1
136,292,66,1
136,293,2,1
136,294,2,0
136,295,2,1
136,296,2,1
136,297,2,1
136,298,2,1
136,299,1,1
136,300,1,0
136,301,1,1
136,302,1,1
136,303,1,0
136,304,1,1
136,305,1,1
136,306,1,1
136,307,1,1
136,308,1,1
136,309,1,1
136,310,1,1
136,311,1,1
136,312,1,1
136,313,1,1
136,314,75,1
136,315,75,0
136,316,75,1
136,317,41,1
136,318,41,1
136,319,41,1
136,320,41,1
136,321,41,1
136,322,49,1
136,323,52,1
136,324,48,1
136,325,50,1
136,326,50,1
136,327,51,0
136,328,51,1
136,329,50,1
136,330,50,1
136,331,50,0
136,332,50,1
136,333,50,1
136,334,50,1
136,335,50,0
136,336,50,0
136,337,50,1
136,338,50,1
136,339,50,1
136,340,57,0
136,341,57,0
136,342,57,1
136,343,57,1
136,344,50,1
136,345,50,1
136,346,50,1
136,347,50,1
136,348,50,1
136,349,50,1
136,350,50,1
136,351,50,0
136,352,50,0
136,353,50,1
136,354,50,1
136,355,50,1
136,356,54,1
136,357,53,1
136,358,54,1
136,359,49,1
136,360,28,1
136,361,28,1
136,362,28,1
136,363,28,1
136,364,28,1
136,365,19,1
136,366,19,1
136,367,19,1
136,368,19,0
136,369,19,1
136,370,19,1
136,371,19,1
136,372,19,1
136,373,19,1
136,374,60,1
136,375,60,1
136,376,60,1
136,377,60,0
136,378,60,1
136,379,60,0
136,380,60,1
136,381,60,1
136,382,60,1
136,383,60,1
136,384,18,1
136,385,18,1
136,386,18,1
136,387,18,1
136,388,18,1
136,389,24,1
136,390,24,1
136,391,24,1
136,392,24,1
136,393,24,1
136,394,74,1
136,395,74,1
136,396,74,1
136,397,74,1
136,398,74,1
136,399,60,1
136,400,3,1
136,401,3,1
136,402,29,1
136,403,12,1
136,404,13,1
136,405,41,1
136,406,12,1
136,407,13,1
136,408,14,1
136,409,12,1
136,410,13,1
136,411,14,1
136,412,14,1
136,413,14,1
136,414,14,1
136,415,14,1
136,416,14,1
136,417,41,1
136,418,12,1
136,419,35,1
136,420,41,1
136,421,12,1
136,422,35,1
136,423,35,0
136,424,35,0
136,425,35,1
136,426,41,1
136,427,35,0
136,428,12,0
136,429,35,0
136,430,41,1
136,431,41,1
136,432,41,1
136,433,41,1
136,434,41,1
136,435,34,1
136,436,34,1
136,437,34,1
136,438,34,1
136,439,34,1
136,440,41,1
136,441,41,1
136,442,41,1
136,443,41,1
136,444,41,1
136,445,23,1
136,446,23,1
136,447,23,1
136,448,23,0
136,449,23,1
136,450,23,1
136,451,23,1
136,452,23,1
136,453,23,1
136,454,23,1
136,455,23,1
136,456,12,1
136,457,13,1
136,458,14,1
136,459,12,1
136,460,35,1
136,461,11,1
136,462,11,1
136,463,11,1
136,464,4,1
136,465,8,1
136,466,4,1
136,467,8,1
136,468,4,1
136,469,5,1
136,470,4,0
136,471,5,0
136,472,4,0
136,473,5,0
136,474,4,0
136,475,5,0
136,476,4,1
136,477,5,1
136,478,4,0
136,479,5,0
136,480,4,1
136,481,5,1
136,482,4,1
136,483,5,1
136,484,4,1
136,485,5,1
136,486,4,1
136,487,7,1
136,488,4,1
136,489,7,1
136,490,4,1
136,491,9,1
136,492,4,1
136,493,9,1
136,494,32,1
136,495,32,0
136,496,32,1
136,497,32,1
136,498,32,1
136,499,32,0
136,500,9,0
136,501,32,1
136,502,9,1
136,503,32,1
136,504,32,1
136,505,32,1
136,506,17,1
136,507,17,1
136,508,17,1
136,509,17,1
136,510,17,1
136,511,6,0
136,512,5,0
136,513,6,1
136,514,9,1
136,515,6,1
136,516,5,1
136,517,6,1
136,518,7,1
136,519,6,1
136,520,8,1
136,521,5,1
136,522,32,1
136,523,6,1
136,524,7,1
136,525,5,1
136,526,4,0
136,527,22,0
136,528,25,0
136,529,42,0
136,530,25,0
136,531,42,0
136,532,25,1
136,533,42,1
136,534,4,1
136,535,22,1
136,536,4,0
136,537,22,0
136,538,25,1
136,539,42,1
136,540,4,1
136,541,22,1
136,542,4,1
136,543,22,1
136,544,25,1
136,545,42,1
136,546,25,1
136,547,42,1
136,548,25,1
136,549,42,1
136,550,25,1
136,551,42,1
136,552,25,1
136,553,42,1
136,554,16,0
136,555,16,1
136,556,16,0
136,557,16,1
136,558,16,1
136,559,16,0
136,560,16,1
136,561,16,1
136,562,16,1
136,563,16,1
136,564,16,1
136,565,16,1
136,566,16,0
136,567,16,1
136,568,16,1
136,569,16,1
136,570,16,1
136,571,16,1
136,572,3,1
136,573,3,1
136,574,3,1
136,575,16,1
136,576,16,1
136,577,4,1
136,578,16,1
136,579,4,1
136,580,15,1
136,581,3,0
136,582,3,1
136,583,3,1
136,584,3,0
136,585,3,1
136,586,3,1
136,587,3,1
136,588,29,1
136,589,3,1
136,590,29,1
136,591,3,1
136,592,29,0
136,593,3,0
136,594,29,1
136,595,3,1
136,596,29,0
136,597,3,0
136,598,29,1
136,599,3,1
136,600,29,1
136,601,3,1
136,602,29,1
136,603,3,1
136,604,29,0
136,605,3,0
136,606,29,1
136,607,3,1
136,608,29,0
136,609,3,0
136,610,29,1
136,611,3,1
136,612,32,1
136,613,9,1
136,614,32,1
136,615,5,1
136,616,17,1
136,617,17,1
136,618,17,1
136,619,6,1
136,620,8,1
136,621,6,1
136,622,7,1
136,623,6,1
136,624,7,1
136,625,10,0
136,626,10,1
136,627,10,1
136,628,10,0
136,629,10,1
136,630,10,1
136,631,10,1
136,632,10,0
136,633,10,1
136,634,10,1
136,635,10,0
136,636,10,1
136,637,10,1
136,638,10,1
136,639,10,1
136,640,10,1
136,641,35,1
136,642,10,0
136,643,35,0
136,644,10,1
136,645,35,1
136,646,10,1
136,647,35,1
136,648,10,1
136,649,35,1
136,650,10,1
136,651,35,1
136,652,10,1
136,653,35,1
136,654,32,1
136,655,5,1
136,656,32,1
136,657,9,1
136,658,11,1
136,659,11,1
137,0,37,1
137,1,37,1
137,2,30,1
137,3,30,1
137,4,37,1
137,5,30,1
137,6,37,1
137,7,24,1
137,8,24,1
137,9,24,0
137,10,24,1
137,11,24,1
137,12,24,1
137,13,19,1
137,14,60,1
137,15,19,0
137,16,20,1
137,17,20,1
137,18,21,1
137,19,21,1
137,20,21,1
137,21,19,0
137,22,19,1
137,23,19,1
137,24,19,1
137,25,27,0
137,26,27,0
137,27,40,1
137,28,59,1
137,29,60,0
137,30,40,0
137,31,40,1
137,32,40,1
137,33,40,1
137,34,40,1
137,35,40,1
137,36,40,1
137,37,40,1
137,38,27,0
137,39,27,1
137,40,27,1
137,41,34,1
137,42,34,1
137,43,34,0
137,44,34,1
137,45,34,0
137,46,34,1
137,47,34,1
137,48,34,1
137,49,18,1
137,50,21,0
137,51,21,1
137,52,21,0
137,53,21,0
137,54,21,1
137,55,21,0
137,56,21,1
137,57,21,0
137,58,21,1
137,59,21,1
137,60,21,0
137,61,21,1
137,62,21,1
137,63,21,1
137,64,41,1
137,65,35,1
137,66,14,1
137,67,14,0
137,68,14,1
137,69,14,1
137,70,14,1
137,71,36,0
137,72,36,1
137,73,36,0
137,74,36,1
137,75,36,1
137,76,36,1
137,77,60,1
137,78,60,1
137,79,60,1
137,80,26,1
137,81,26,1
137,82,26,1
137,83,26,1
137,84,26,1
137,85,70,1
137,86,70,1
137,87,26,1
137,88,26,1
137,89,26,1
137,90,58,0
137,91,58,1
137,92,58,1
137,93,58,1
137,94,58,1
137,95,26,1
137,96,77,1
137,97,79,1
137,98,77,1
137,99,79,1
137,100,77,1
137,101,79,1
137,102,42,1
137,103,25,1
137,104,42,1
137,105,25,1
137,106,42,1
137,107,25,1
137,108,42,1
137,109,42,1
137,110,43,1
137,111,26,1
137,112,72,1
137,113,43,1
137,114,43,1
137,115,43,1
137,116,66,1
137,117,1,1
137,118,2,0
137,119,2,1
137,120,81,1
137,121,2,0
137,122,2,1
137,123,2,1
137,124,2,1
137,125,68,1
137,126,68,1
137,127,57,1
137,128,31,1
137,129,31,1
137,130,31,1
137,131,80,1
137,132,18,1
137,133,28,1
137,134,28,1
137,135,28,1
137,136,28,1
137,137,28,1
137,138,84,0
137,139,28,0
137,140,84,0
137,141,28,0
137,142,64,0
137,143,64,0
137,144,75,1
137,145,39,1
137,146,86,1
137,147,39,1
137,148,85,0
137,149,64,1
137,150,64,1
137,151,85,1
137,152,84,0
137,153,28,0
137,154,84,0
137,155,28,0
137,156,84,1
137,157,28,1
137,158,84,1
137,159,28,1
137,160,84,1
137,161,28,1
137,162,53,1
137,163,53,1
137,164,54,1
137,165,28,1
137,166,28,1
137,167,28,1
137,168,28,1
137,169,49,1
137,170,30,1
137,171,30,1
137,172,30,1
137,173,30,1
137,174,30,1
137,175,37,0
137,176,30,0
137,177,37,1
137,178,30,1
137,179,37,1
137,180,30,1
137,181,37,1
137,182,30,1
137,183,37,1
137,184,30,1
137,185,37,1
137,186,30,1
137,187,26,1
137,188,26,1
137,189,26,0
137,190,26,1
137,191,26,1
137,192,26,1
137,193,26,1
137,194,26,1
137,195,70,0
137,196,70,1
137,197,70,1
137,198,70,1
137,199,70,0
137,200,70,1
137,201,70,1
137,202,70,1
137,203,70,1
137,204,70,1
137,205,70,1
137,206,26,0
137,207,26,1
137,208,26,1
137,209,26,1
137,210,26,0
137,211,41,1
137,212,41,1
137,213,41,1
137,214,41,1
137,215,41,1
137,216,26,1
137,217,26,1
137,218,26,1
137,219,26,0
137,220,26,1
137,221,26,1
137,222,26,1
137,223,26,0
137,224,26,1
137,225,26,1
137,226,26,1
137,227,26,1
137,228,26,0
137,229,26,0
137,230,26,1
137,231,26,1
137,232,26,1
137,233,26,1
137,234,26,1
137,235,26,1
137,236,26,0
137,237,26,1
137,238,26,1
137,239,26,1
137,240,26,1
137,241,26,1
137,242,26,1
137,243,26,1
137,244,26,1
137,245,49,1
137,246,52,1
137,247,48,1
137,248,50,1
137,249,50,1
137,250,51,1
137,251,50,1
137,252,50,1
137,253,51,1
137,254,50,1
137,255,50,0
137,256,50,1
137,257,50,1
137,258,50,1
137,259,50,1
137,260,50,1
137,261,50,1
137,262,50,1
137,263,50,1
137,264,50,0
137,265,50,0
137,266,50,1
137,267,50,0
137,268,50,0
137,269,50,1
137,270,28,1
137,271,50,1
137,272,50,1
137,273,50,1
137,274,18,1
137,275,18,1
137,276,18,1
137,277,18,1
137,278,18,0
137,279,18,1
137,280,18,1
137,281,18,1
137,282,18,1
137,283,18,1
137,284,74,1
137,285,74,1
137,286,74,1
137,287,74,1
137,288,74,1
137,289,24,1
137,290,24,1
137,291,24,1
137,292,24,1
137,293,24,1
137,294,19,1
137,295,19,1
137,296,19,0
137,297,19,0
137,298,3,1
137,299,3,1
137,300,29,1
137,301,12,1
137,302,13,1
137,303,41,1
137,304,19,1
137,305,19,1
137,306,19,0
137,307,19,1
137,308,19,1
137,309,19,1
137,310,19,1
137,311,19,1
137,312,60,1
137,313,60,1
137,314,60,1
137,315,60,1
137,316,60,1
137,317,12,1
137,318,35,1
137,319,12,1
137,320,13,1
137,321,41,1
137,322,12,1
137,323,13,1
137,324,14,1
137,325,12,1
137,326,13,1
137,327,14,1
137,328,14,1
137,329,14,1
137,330,14,1
137,331,14,0
137,332,14,1
137,333,14,1
137,334,14,1
137,335,14,1
137,336,14,1
137,337,35,1
137,338,35,1
137,339,41,0
137,340,12,1
137,341,35,1
137,342,12,0
137,343,35,0
137,344,12,1
137,345,35,1
137,346,12,1
137,347,35,1
137,348,35,1
137,349,41,1
137,350,12,1
137,351,35,1
137,352,34,1
137,353,34,1
137,354,34,1
137,355,34,1
137,356,34,1
137,357,41,1
137,358,41,1
137,359,41,1
137,360,41,1
137,361,41,1
137,362,23,0
137,363,12,0
137,364,35,0
137,365,12,1
137,366,35,1
137,367,12,1
137,368,35,1
137,369,12,1
137,370,13,1
137,371,14,1
137,372,11,1
137,373,11,0
137,374,11,1
137,375,11,1
137,376,11,1
137,377,11,0
137,378,11,1
137,379,11,1
137,380,11,1
137,381,23,0
137,382,23,1
137,383,23,1
137,384,23,1
137,385,23,1
137,386,23,1
137,387,23,1
137,388,23,1
137,389,23,1
137,390,23,1
137,391,50,1
137,392,4,1
137,393,8,1
137,394,4,1
137,395,8,1
137,396,4,1
137,397,8,1
137,398,4,1
137,399,5,1
137,400,4,0
137,401,5,0
137,402,4,0
137,403,5,0
137,404,4,1
137,405,7,1
137,406,4,1
137,407,7,1
137,408,17,1
137,409,17,1
137,410,17,1
137,411,17,1
137,412,17,1
137,413,6,1
137,414,7,1
137,415,6,0
137,416,8,0
137,417,6,1
137,418,8,1
137,419,6,0
137,420,5,0
137,421,6,1
137,422,8,1
137,423,4,1
137,424,9,1
137,425,4,1
137,426,9,1
137,427,4,0
137,428,5,0
137,429,32,1
137,430,5,1
137,431,32,0
137,432,9,0
137,433,32,1
137,434,5,1
137,435,32,1
137,436,5,1
137,437,32,1
137,438,5,1
137,439,32,1
137,440,5,1
137,441,32,0
137,442,9,0
137,443,32,1
137,444,5,1
137,445,32,1
137,446,5,1
137,447,32,1
137,448,5,1
137,449,6,1
137,450,9,1
137,451,6,1
137,452,7,1
137,453,6,1
137,454,7,1
137,455,6,1
137,456,8,1
137,457,32,1
137,458,5,1
137,459,32,1
137,460,5,1
137,461,5,0
137,462,5,1
137,463,5,0
137,464,5,1
137,465,5,1
137,466,5,1
137,467,8,1
137,468,25,1
137,469,42,1
137,470,25,1
137,471,42,1
137,472,25,1
137,473,42,1
137,474,25,1
137,475,42,1
137,476,25,1
137,477,42,1
137,478,25,1
137,479,42,1
137,480,16,1
137,481,16,1
137,482,4,1
137,483,16,1
137,484,16,1
137,485,16,1
137,486,4,1
137,487,15,1
137,488,4,1
137,489,15,1
137,490,3,1
137,491,3,1
137,492,3,1
137,493,3,1
137,494,29,1
137,495,3,1
137,496,29,1
137,497,3,1
137,498,29,1
137,499,3,1
137,500,29,1
137,501,3,1
137,502,29,0
137,503,3,0
137,504,32,1
137,505,9,1
137,506,32,0
137,507,5,0
137,508,32,1
137,509,5,1
137,510,32,1
137,511,5,1
137,512,32,1
137,513,5,1
137,514,17,1
137,515,17,1
137,516,29,0
137,517,3,0
137,518,10,1
137,519,10,1
137,520,10,1
137,521,10,1
137,522,10,1
137,523,6,1
137,524,9,1
137,525,17,1
137,526,10,0
137,527,35,0
137,528,10,1
137,529,35,1
137,530,10,1
137,531,35,1
137,532,10,1
137,533,35,1
137,534,10,1
137,535,35,1
137,536,10,1
137,537,35,1
137,538,29,1
137,539,3,1
137,540,6,1
137,541,8,1
137,542,29,1
137,543,3,1
137,544,6,1
137,545,8,1
137,546,32,1
137,547,5,1
137,548,32,1
137,549,9,1
137,550,11,1
137,551,11,1
138,0,37,1
138,1,37,1
138,2,30,1
138,3,30,1
138,4,37,1
138,5,30,1
138,6,37,1
138,7,24,1
138,8,24,1
138,9,24,1
138,10,19,1
138,11,60,1
138,12,20,1
138,13,20,1
138,14,21,1
138,15,21,1
138,16,21,1
138,17,19,1
138,18,27,0
138,19,27,0
138,20,27,1
138,21,59,1
138,22,27,1
138,23,40,1
138,24,40,0
138,25,40,1
138,26,40,1
138,27,40,1
138,28,34,1
138,29,34,1
138,30,34,1
138,31,18,1
138,32,21,0
138,33,21,1
138,34,21,1
138,35,21,1
138,36,41,1
138,37,35,0
138,38,35,1
138,39,35,1
138,40,35,1
138,41,14,1
138,42,14,1
138,43,36,1
138,44,26,1
138,45,26,1
138,46,26,1
138,47,26,1
138,48,26,1
138,49,70,0
138,50,70,0
138,51,70,0
138,52,70,1
138,53,70,0
138,54,70,1
138,55,70,0
138,56,70,1
138,57,70,0
138,58,70,1
138,59,70,1
138,60,70,1
138,61,70,0
138,62,70,1
138,63,70,1
138,64,70,1
138,65,70,1
138,66,70,1
138,67,70,1
138,68,26,1
138,69,26,0
138,70,26,1
138,71,26,0
138,72,26,1
138,73,26,1
138,74,26,0
138,75,26,1
138,76,26,1
138,77,26,1
138,78,26,0
138,79,26,1
138,80,26,1
138,81,26,1
138,82,26,0
138,83,26,1
138,84,26,1
138,85,26,1
138,86,26,1
138,87,26,1
138,88,26,1
138,89,26,1
138,90,70,1
138,91,70,1
138,92,26,1
138,93,58,1
138,94,58,1
138,95,26,1
138,96,77,1
138,97,79,1
138,98,77,1
138,99,79,1
138,100,77,0
138,101,79,0
138,102,77,0
138,103,79,0
138,104,77,0
138,105,79,0
138,106,77,1
138,107,79,1
138,108,77,1
138,109,79,1
138,110,77,1
138,111,79,1
138,112,42,1
138,113,25,1
138,114,42,1
138,115,25,1
138,116,42,1
138,117,25,1
138,118,42,1
138,119,42,1
138,120,43,1
138,121,26,0
138,122,26,1
138,123,26,1
138,124,26,1
138,125,72,1
138,126,43,1
138,127,43,1
138,128,43,1
138,129,66,0
138,130,66,0
138,131,66,1
138,132,66,0
138,133,66,1
138,134,66,1
138,135,66,0
138,136,66,0
138,137,66,1
138,138,66,0
138,139,66,1
138,140,66,0
138,141,66,0
138,142,66,0
138,143,66,1
138,144,66,1
138,145,66,1
138,146,66,1
138,147,1,1
138,148,2,1
138,149,1,0
138,150,82,1
138,151,83,0
138,152,82,1
138,153,81,1
138,154,81,1
138,155,68,0
138,156,68,1
138,157,68,1
138,158,68,1
138,159,68,1
138,160,57,1
138,161,31,1
138,162,31,0
138,163,31,1
138,164,31,1
138,165,31,1
138,166,31,1
138,167,80,0
138,168,18,0
138,169,80,1
138,170,80,1
138,171,80,0
138,172,18,0
138,173,80,1
138,174,18,1
138,175,28,1
138,176,28,1
138,177,80,1
138,178,80,1
138,179,18,1
138,180,28,0
138,181,28,0
138,182,28,1
138,183,28,1
138,184,28,1
138,185,28,0
138,186,28,1
138,187,28,1
138,188,28,1
138,189,28,1
138,190,84,0
138,191,28,0
138,192,84,1
138,193,28,1
138,194,84,1
138,195,28,1
138,196,84,1
138,197,28,1
138,198,64,1
138,199,64,1
138,200,39,1
138,201,86,0
138,202,86,1
138,203,86,0
138,204,86,1
138,205,86,1
138,206,86,1
138,207,86,0
138,208,39,1
138,209,39,1
138,210,87,1
138,211,75,0
138,212,75,1
138,213,75,1
138,214,75,0
138,215,75,0
138,216,75,1
138,217,75,1
138,218,75,0
138,219,75,1
138,220,75,0
138,221,75,1
138,222,75,0
138,223,75,0
138,224,75,1
138,225,75,0
138,226,75,1
138,227,75,1
138,228,75,1
138,229,75,1
138,230,75,0
138,231,75,1
138,232,75,1
138,233,75,1
138,234,75,1
138,235,75,1
138,236,75,1
138,237,30,1
138,238,30,1
138,239,30,1
138,240,30,1
138,241,30,1
138,242,37,1
138,243,30,1
138,244,37,1
138,245,30,1
138,246,37,1
138,247,30,1
138,248,37,1
138,249,30,1
138,250,37,1
138,251,30,1
138,252,26,1
138,253,26,1
138,254,26,1
138,255,26,1
138,256,26,1
138,257,70,1
138,258,70,1
138,259,70,0
138,260,70,1
138,261,70,1
138,262,70,1
138,263,70,1
138,264,70,1
138,265,70,1
138,266,70,0
138,267,70,1
138,268,70,1
138,269,70,1
138,270,26,1
138,271,26,1
138,272,26,1
138,273,26,1
138,274,26,1
138,275,70,1
138,276,70,1
138,277,41,1
138,278,41,1
138,279,41,1
138,280,41,1
138,281,41,1
138,282,49,1
138,283,52,1
138,284,48,1
138,285,50,1
138,286,50,1
138,287,51,1
138,288,50,0
138,289,50,1
138,290,50,0
138,291,50,1
138,292,50,1
138,293,50,1
138,294,50,1
138,295,50,1
138,296,50,0
138,297,50,0
138,298,50,0
138,299,50,1
138,300,50,0
138,301,50,1
138,302,50,1
138,303,50,1
138,304,50,0
138,305,50,0
138,306,50,1
138,307,50,1
138,308,50,0
138,309,50,1
138,310,50,1
138,311,50,1
138,312,50,1
138,313,50,0
138,314,50,1
138,315,50,1
138,316,50,1
138,317,50,1
138,318,50,1
138,319,53,1
138,320,53,1
138,321,54,1
138,322,49,1
138,323,28,1
138,324,28,0
138,325,28,1
138,326,28,1
138,327,28,1
138,328,28,1
138,329,28,1
138,330,19,0
138,331,19,1
138,332,19,1
138,333,19,1
138,334,19,1
138,335,19,1
138,336,3,1
138,337,3,1
138,338,29,1
138,339,12,0
138,340,35,0
138,341,12,1
138,342,13,1
138,343,14,1
138,344,12,1
138,345,13,1
138,346,14,1
138,347,12,1
138,348,13,1
138,349,41,1
138,350,12,1
138,351,35,1
138,352,12,1
138,353,13,1
138,354,41,1
138,355,60,1
138,356,60,1
138,357,60,1
138,358,60,1
138,359,60,1
138,360,24,1
138,361,24,0
138,362,24,1
138,363,24,1
138,364,24,1
138,365,24,1
138,366,24,1
138,367,18,0
138,368,18,0
138,369,18,1
138,370,18,1
138,371,18,1
138,372,18,1
138,373,18,1
138,374,74,1
138,375,74,1
138,376,74,1
138,377,74,1
138,378,74,1
138,379,12,1
138,380,13,1
138,381,14,1
138,382,12,1
138,383,13,1
138,384,14,1
138,385,14,1
138,386,14,1
138,387,14,1
138,388,14,1
138,389,14,1
138,390,12,1
138,391,35,1
138,392,12,1
138,393,35,1
138,394,12,1
138,395,35,1
138,396,41,1
138,397,41,1
138,398,41,1
138,399,41,1
138,400,41,1
138,401,41,1
138,402,41,1
138,403,34,1
138,404,34,1
138,405,34,1
138,406,34,1
138,407,34,1
138,408,11,0
138,409,11,1
138,410,11,1
138,411,11,1
138,412,11,1
138,413,4,1
138,414,8,1
138,415,4,1
138,416,8,1
138,417,23,1
138,418,23,1
138,419,23,1
138,420,23,1
138,421,23,1
138,422,23,1
138,423,23,1
138,424,4,1
138,425,5,1
138,426,4,1
138,427,5,1
138,428,4,1
138,429,7,1
138,430,4,1
138,431,7,1
138,432,4,1
138,433,9,1
138,434,4,1
138,435,9,1
138,436,9,1
138,437,5,1
138,438,4,1
138,439,22,1
138,440,25,0
138,441,42,0
138,442,25,1
138,443,42,1
138,444,25,1
138,445,42,1
138,446,25,1
138,447,42,1
138,448,25,1
138,449,42,1
138,450,25,1
138,451,42,1
138,452,25,1
138,453,42,1
138,454,25,1
138,455,42,1
138,456,16,1
138,457,16,1
138,458,17,0
138,459,17,1
138,460,17,1
138,461,17,1
138,462,17,1
138,463,17,1
138,464,6,0
138,465,5,0
138,466,6,1
138,467,8,1
138,468,6,1
138,469,8,1
138,470,6,1
138,471,9,1
138,472,6,1
138,473,9,1
138,474,6,1
138,475,5,1
138,476,32,0
138,477,32,1
138,478,9,1
138,479,32,1
138,480,32,1
138,481,9,1
138,482,32,1
138,483,32,1
138,484,16,1
138,485,16,1
138,486,16,1
138,487,16,1
138,488,16,1
138,489,16,1
138,490,16,1
138,491,3,1
138,492,3,1
138,493,3,1
138,494,4,1
138,495,15,1
138,496,4,1
138,497,15,1
138,498,3,1
138,499,29,0
138,500,3,0
138,501,29,1
138,502,3,1
138,503,29,1
138,504,3,1
138,505,29,1
138,506,3,1
138,507,29,0
138,508,3,0
138,509,29,1
138,510,3,1
138,511,29,1
138,512,3,1
138,513,29,1
138,514,3,1
138,515,29,0
138,516,3,0
138,517,29,1
138,518,3,1
138,519,29,0
138,520,3,0
138,521,29,0
138,522,3,0
138,523,29,1
138,524,3,1
138,525,32,1
138,526,5,1
138,527,32,1
138,528,5,1
138,529,17,1
138,530,17,1
138,531,29,0
138,532,3,0
138,533,29,1
138,534,3,1
138,535,29,0
138,536,3,0
138,537,29,0
138,538,3,0
138,539,29,1
138,540,3,1
138,541,29,1
138,542,3,1
138,543,29,1
138,544,3,1
138,545,6,1
138,546,9,1
138,547,6,1
138,548,8,1
138,549,6,1
138,550,7,1
138,551,10,0
138,552,10,1
138,553,10,1
138,554,10,1
138,555,10,1
138,556,10,1
138,557,10,1
138,558,10,1
138,559,10,0
138,560,35,0
138,561,10,1
138,562,35,1
138,563,10,1
138,564,35,1
138,565,10,1
138,566,35,1
138,567,10,1
138,568,35,1
138,569,10,1
138,570,35,1
138,571,32,1
138,572,5,1
138,573,32,1
138,574,9,1
138,575,11,1
138,576,11,1
139,0,37,1
139,1,37,1
139,2,30,1
139,3,30,1
139,4,37,1
139,5,30,1
139,6,37,1
139,7,24,1
139,8,24,1
139,9,24,1
139,10,19,0
139,11,19,0
139,12,19,1
139,13,19,1
139,14,19,1
139,15,60,0
139,16,60,1
139,17,60,1
139,18,20,1
139,19,20,1
139,20,21,1
139,21,21,1
139,22,21,1
139,23,60,1
139,24,27,1
139,25,59,0
139,26,59,0
139,27,59,0
139,28,59,1
139,29,59,0
139,30,40,0
139,31,40,0
139,32,40,0
139,33,40,1
139,34,40,1
139,35,40,1
139,36,40,1
139,37,40,0
139,38,27,1
139,39,59,1
139,40,59,1
139,41,59,1
139,42,19,1
139,43,34,0
139,44,34,1
139,45,34,0
139,46,34,1
139,47,34,0
139,48,34,1
139,49,34,1
139,50,34,1
139,51,18,1
139,52,21,1
139,53,41,1
139,54,35,1
139,55,14,1
139,56,14,1
139,57,36,0
139,58,36,0
139,59,36,1
139,60,36,1
139,61,36,0
139,62,36,1
139,63,36,1
139,64,36,0
139,65,36,1
139,66,36,1
139,67,36,1
139,68,26,1
139,69,26,1
139,70,26,1
139,71,26,0
139,72,26,1
139,73,26,0
139,74,26,1
139,75,26,1
139,76,26,1
139,77,26,1
139,78,70,1
139,79,70,0
139,80,70,1
139,81,70,1
139,82,70,1
139,83,70,1
139,84,70,1
139,85,70,1
139,86,70,0
139,87,70,1
139,88,70,1
139,89,70,1
139,90,70,0
139,91,70,1
139,92,70,1
139,93,70,1
139,94,26,0
139,95,26,1
139,96,26,0
139,97,26,1
139,98,26,0
139,99,26,1
139,100,26,1
139,101,26,1
139,102,26,0
139,103,26,1
139,104,26,1
139,105,26,1
139,106,26,1
139,107,26,0
139,108,26,1
139,109,26,1
139,110,26,1
139,111,26,0
139,112,26,1
139,113,26,1
139,114,26,1
139,115,26,0
139,116,26,1
139,117,26,1
139,118,26,1
139,119,26,1
139,120,26,0
139,121,26,1
139,122,26,1
139,123,26,1
139,124,26,1
139,125,70,1
139,126,70,1
139,127,70,1
139,128,70,1
139,129,26,0
139,130,26,1
139,131,26,1
139,132,26,1
139,133,26,0
139,134,26,1
139,135,26,1
139,136,26,1
139,137,26,0
139,138,26,1
139,139,26,1
139,140,26,1
139,141,26,0
139,142,26,1
139,143,26,1
139,144,26,1
139,145,26,1
139,146,26,1
139,147,26,1
139,148,26,1
139,149,26,1
139,150,58,1
139,151,58,0
139,152,58,0
139,153,26,1
139,154,77,0
139,155,79,0
139,156,77,1
139,157,79,1
139,158,77,1
139,159,79,1
139,160,77,1
139,161,79,1
139,162,77,1
139,163,79,1
139,164,77,1
139,165,79,1
139,166,42,0
139,167,42,1
139,168,42,1
139,169,42,1
139,170,25,1
139,171,42,1
139,172,25,1
139,173,42,1
139,174,25,0
139,175,42,0
139,176,25,1
139,177,42,1
139,178,25,0
139,179,42,0
139,180,25,0
139,181,42,0
139,182,25,1
139,183,42,1
139,184,25,1
139,185,42,1
139,186,25,1
139,187,42,1
139,188,25,1
139,189,42,1
139,190,25,1
139,191,42,1
139,192,42,1
139,193,43,1
139,194,58,1
139,195,58,1
139,196,26,1
139,197,72,1
139,198,43,0
139,199,43,1
139,200,43,1
139,201,43,1
139,202,66,1
139,203,66,1
139,204,66,0
139,205,66,1
139,206,66,1
139,207,66,1
139,208,66,0
139,209,66,0
139,210,66,0
139,211,66,1
139,212,66,0
139,213,66,1
139,214,66,0
139,215,66,1
139,216,66,1
139,217,66,0
139,218,66,0
139,219,66,1
139,220,66,1
139,221,66,0
139,222,66,1
139,223,66,1
139,224,66,0
139,225,1,1
139,226,2,0
139,227,83,1
139,228,2,1
139,229,2,0
139,230,2,1
139,231,2,1
139,232,2,1
139,233,2,1
139,234,66,0
139,235,66,0
139,236,66,1
139,237,66,1
139,238,66,1
139,239,66,1
139,240,66,0
139,241,66,0
139,242,66,1
139,243,66,1
139,244,66,1
139,245,66,1
139,246,66,1
139,247,68,0
139,248,68,0
139,249,68,1
139,250,68,1
139,251,68,0
139,252,68,1
139,253,68,1
139,254,68,1
139,255,68,1
139,256,57,1
139,257,31,1
139,258,31,0
139,259,31,0
139,260,31,0
139,261,31,0
139,262,31,1
139,263,31,1
139,264,31,1
139,265,80,0
139,266,18,0
139,267,80,1
139,268,18,1
139,269,80,1
139,270,18,1
139,271,80,1
139,272,18,1
139,273,28,1
139,274,28,1
139,275,28,1
139,276,28,1
139,277,28,1
139,278,84,0
139,279,28,0
139,280,84,0
139,281,28,0
139,282,84,0
139,283,28,0
139,284,84,1
139,285,28,1
139,286,84,1
139,287,28,1
139,288,84,0
139,289,28,0
139,290,64,1
139,291,64,1
139,292,39,1
139,293,86,0
139,294,87,1
139,295,75,0
139,296,86,1
139,297,86,1
139,298,86,1
139,299,75,0
139,300,75,1
139,301,84,0
139,302,28,0
139,303,84,0
139,304,28,0
139,305,75,0
139,306,75,0
139,307,75,1
139,308,75,1
139,309,75,0
139,310,75,1
139,311,75,0
139,312,75,1
139,313,75,1
139,314,75,0
139,315,75,0
139,316,75,1
139,317,75,1
139,318,75,1
139,319,75,0
139,320,75,1
139,321,75,1
139,322,75,0
139,323,84,1
139,324,28,1
139,325,84,1
139,326,28,1
139,327,84,0
139,328,28,0
139,329,84,1
139,330,28,1
139,331,84,0
139,332,28,0
139,333,84,1
139,334,28,1
139,335,84,0
139,336,28,0
139,337,30,1
139,338,30,1
139,339,30,1
139,340,30,1
139,341,30,1
139,342,37,1
139,343,30,1
139,344,37,0
139,345,30,0
139,346,37,1
139,347,30,1
139,348,37,1
139,349,30,1
139,350,37,1
139,351,30,1
139,352,37,1
139,353,30,1
139,354,37,1
139,355,30,1
139,356,26,1
139,357,26,1
139,358,26,0
139,359,26,1
139,360,26,1
139,361,26,1
139,362,26,1
139,363,26,1
139,364,26,0
139,365,26,1
139,366,26,1
139,367,26,1
139,368,26,1
139,369,70,1
139,370,70,1
139,371,70,1
139,372,26,0
139,373,84,1
139,374,28,1
139,375,84,1
139,376,28,1
139,377,84,1
139,378,28,1
139,379,75,1
139,380,75,1
139,381,26,1
139,382,26,1
139,383,26,1
139,384,26,1
139,385,26,1
139,386,26,0
139,387,26,1
139,388,26,1
139,389,26,1
139,390,26,1
139,391,26,1
139,392,26,1
139,393,26,1
139,394,26,1
139,395,26,1
139,396,41,0
139,397,41,1
139,398,41,1
139,399,41,1
139,400,41,1
139,401,41,0
139,402,41,1
139,403,41,1
139,404,41,1
139,405,41,1
139,406,41,1
139,407,71,1
139,408,52,1
139,409,48,1
139,410,50,1
139,411,50,1
139,412,50,1
139,413,51,1
139,414,50,1
139,415,50,1
139,416,51,1
139,417,50,1
139,418,50,1
139,419,50,1
139,420,50,1
139,421,50,0
139,422,50,0
139,423,50,1
139,424,50,1
139,425,50,0
139,426,50,0
139,427,50,1
139,428,50,1
139,429,50,1
139,430,50,0
139,431,50,0
139,432,50,1
139,433,50,1
139,434,50,1
139,435,50,1
139,436,50,1
139,437,53,1
139,438,53,1
139,439,54,1
139,440,49,1
139,441,28,1
139,442,28,1
139,443,28,1
139,444,28,1
139,445,28,1
139,446,18,1
139,447,18,1
139,448,18,1
139,449,18,1
139,450,18,1
139,451,24,1
139,452,24,1
139,453,24,1
139,454,24,1
139,455,24,1
139,456,74,1
139,457,74,1
139,458,74,1
139,459,74,1
139,460,74,1
139,461,60,1
139,462,60,1
139,463,60,1
139,464,60,1
139,465,60,1
139,466,19,1
139,467,19,1
139,468,19,1
139,469,19,1
139,470,19,1
139,471,3,1
139,472,3,1
139,473,29,1
139,474,12,0
139,475,35,0
139,476,12,1
139,477,35,1
139,478,12,1
139,479,13,1
139,480,41,1
139,481,12,0
139,482,13,0
139,483,41,0
139,484,12,1
139,485,13,1
139,486,41,1
139,487,12,1
139,488,35,1
139,489,12,1
139,490,35,1
139,491,12,1
139,492,13,1
139,493,12,1
139,494,13,1
139,495,12,0
139,496,35,0
139,497,12,1
139,498,35,1
139,499,12,1
139,500,13,1
139,501,14,1
139,502,12,1
139,503,35,1
139,504,11,1
139,505,11,1
139,506,14,1
139,507,14,1
139,508,14,1
139,509,14,1
139,510,14,1
139,511,41,1
139,512,12,1
139,513,35,1
139,514,35,1
139,515,41,1
139,516,41,1
139,517,41,1
139,518,41,1
139,519,41,1
139,520,41,1
139,521,41,1
139,522,34,1
139,523,34,1
139,524,34,1
139,525,34,1
139,526,34,1
139,527,23,1
139,528,23,1
139,529,23,1
139,530,23,1
139,531,23,1
139,532,23,1
139,533,23,1
139,534,23,1
139,535,11,1
139,536,4,1
139,537,8,1
139,538,4,1
139,539,8,1
139,540,4,1
139,541,5,1
139,542,4,0
139,543,5,0
139,544,4,1
139,545,5,1
139,546,4,1
139,547,5,1
139,548,4,1
139,549,5,1
139,550,4,1
139,551,7,1
139,552,4,1
139,553,7,1
139,554,17,1
139,555,4,0
139,556,9,0
139,557,4,1
139,558,9,1
139,559,4,1
139,560,9,1
139,561,4,1
139,562,9,1
139,563,6,1
139,564,5,1
139,565,6,0
139,566,8,0
139,567,5,0
139,568,5,1
139,569,8,1
139,570,5,1
139,571,5,0
139,572,5,1
139,573,5,1
139,574,9,0
139,575,9,1
139,576,9,1
139,577,8,1
139,578,4,1
139,579,22,1
139,580,25,1
139,581,42,1
139,582,25,1
139,583,42,1
139,584,25,1
139,585,42,1
139,586,25,1
139,587,42,1
139,588,25,1
139,589,42,1
139,590,17,1
139,591,17,1
139,592,17,1
139,593,17,1
139,594,6,1
139,595,8,1
139,596,6,1
139,597,9,1
139,598,6,1
139,599,5,1
139,600,6,1
139,601,9,1
139,602,6,1
139,603,8,1
139,604,32,0
139,605,5,0
139,606,32,1
139,607,9,1
139,608,32,1
139,609,9,1
139,610,32,1
139,611,5,1
139,612,32,1
139,613,9,1
139,614,32,1
139,615,5,1
139,616,16,1
139,617,16,1
139,618,16,1
139,619,16,1
139,620,16,1
139,621,3,0
139,622,3,1
139,623,3,0
139,624,3,1
139,625,3,1
139,626,4,1
139,627,15,1
139,628,4,1
139,629,15,1
139,630,3,1
139,631,3,1
139,632,3,0
139,633,3,1
139,634,3,1
139,635,3,0
139,636,3,1
139,637,3,1
139,638,3,1
139,639,29,0
139,640,3,0
139,641,29,1
139,642,3,1
139,643,29,1
139,644,3,1
139,645,29,1
139,646,3,1
139,647,29,0
139,648,3,0
139,649,29,0
139,650,3,0
139,651,29,1
139,652,3,1
139,653,29,1
139,654,3,1
139,655,29,1
139,656,3,1
139,657,29,0
139,658,3,0
139,659,29,0
139,660,3,0
139,661,16,1
139,662,29,0
139,663,3,0
139,664,29,0
139,665,3,0
139,666,29,1
139,667,3,1
139,668,29,0
139,669,3,0
139,670,32,1
139,671,5,1
139,672,32,1
139,673,9,1
139,674,29,0
139,675,3,0
139,676,29,1
139,677,3,1
139,678,29,1
139,679,3,1
139,680,17,0
139,681,17,1
139,682,17,1
139,683,17,1
139,684,17,1
139,685,6,1
139,686,7,1
139,687,6,1
139,688,7,1
139,689,6,1
139,690,5,1
139,691,10,1
139,692,10,0
139,693,10,1
139,694,10,1
139,695,10,1
139,696,10,1
139,697,10,1
139,698,10,0
139,699,35,0
139,700,10,1
139,701,35,1
139,702,10,1
139,703,35,1
139,704,10,1
139,705,35,1
139,706,10,1
139,707,35,1
139,708,10,1
139,709,35,1
139,710,32,1
139,711,5,1
139,712,32,1
139,713,5,1
139,714,11,1
139,715,11,1
140,0,37,1
140,1,37,1
140,2,30,1
140,3,30,1
140,4,37,0
140,5,30,0
140,6,37,1
140,7,30,1
140,8,37,1
140,9,30,1
140,10,37,1
140,11,30,1
140,12,37,1
140,13,24,1
140,14,24,1
140,15,24,0
140,16,24,1
140,17,24,1
140,18,24,1
140,19,19,0
140,20,19,0
140,21,19,1
140,22,19,1
140,23,19,1
140,24,60,1
140,25,19,1
140,26,20,1
140,27,20,1
140,28,21,1
140,29,21,1
140,30,21,1
140,31,27,1
140,32,40,1
140,33,59,1
140,34,40,1
140,35,40,1
140,36,34,0
140,37,34,1
140,38,34,1
140,39,34,1
140,40,34,1
140,41,34,0
140,42,34,1
140,43,34,1
140,44,34,1
140,45,18,1
140,46,21,0
140,47,21,1
140,48,21,1
140,49,21,1
140,50,41,0
140,51,41,0
140,52,41,0
140,53,41,1
140,54,41,1
140,55,35,1
140,56,14,1
140,57,14,1
140,58,41,1
140,59,36,0
140,60,36,0
140,61,36,0
140,62,36,1
140,63,36,0
140,64,36,1
140,65,36,1
140,66,36,1
140,67,26,1
140,68,26,1
140,69,26,1
140,70,26,1
140,71,26,1
140,72,70,0
140,73,70,1
140,74,70,1
140,75,70,1
140,76,70,0
140,77,70,0
140,78,70,1
140,79,70,1
140,80,70,0
140,81,70,1
140,82,70,1
140,83,70,1
140,84,70,0
140,85,70,1
140,86,70,1
140,87,70,1
140,88,70,1
140,89,70,0
140,90,70,1
140,91,70,1
140,92,70,0
140,93,70,1
140,94,70,0
140,95,70,1
140,96,70,1
140,97,70,1
140,98,26,0
140,99,26,1
140,100,26,1
140,101,26,1
140,102,26,0
140,103,26,1
140,104,26,1
140,105,26,1
140,106,26,1
140,107,26,0
140,108,26,1
140,109,26,1
140,110,26,1
140,111,26,1
140,112,26,0
140,113,26,1
140,114,26,1
140,115,26,1
140,116,26,1
140,117,26,1
140,118,26,1
140,119,26,1
140,120,58,0
140,121,58,1
140,122,58,0
140,123,58,1
140,124,58,1
140,125,58,1
140,126,70,1
140,127,70,1
140,128,70,1
140,129,70,1
140,130,26,1
140,131,26,0
140,132,26,1
140,133,26,1
140,134,26,1
140,135,58,0
140,136,58,1
140,137,58,1
140,138,58,1
140,139,77,1
140,140,79,1
140,141,77,0
140,142,79,0
140,143,77,1
140,144,79,1
140,145,77,1
140,146,79,1
140,147,77,1
140,148,79,1
140,149,42,0
140,150,42,1
140,151,42,0
140,152,42,0
140,153,42,1
140,154,42,1
140,155,42,1
140,156,42,1
140,157,43,1
140,158,26,0
140,159,26,1
140,160,26,1
140,161,26,1
140,162,43,1
140,163,43,1
140,164,43,1
140,165,1,0
140,166,1,1
140,167,1,1
140,168,1,1
140,169,1,0
140,170,1,1
140,171,1,0
140,172,1,1
140,173,1,0
140,174,1,1
140,175,1,1
140,176,1,1
140,177,1,1
140,178,1,1
140,179,1,0
140,180,1,1
140,181,1,1
140,182,2,0
140,183,2,1
140,184,2,1
140,185,2,0
140,186,2,1
140,187,2,1
140,188,2,1
140,189,81,1
140,190,68,1
140,191,68,0
140,192,68,1
140,193,68,0
140,194,68,0
140,195,68,1
140,196,68,1
140,197,68,1
140,198,1,1
140,199,1,1
140,200,57,1
140,201,31,0
140,202,31,1
140,203,31,1
140,204,31,1
140,205,31,0
140,206,31,1
140,207,31,1
140,208,31,1
140,209,31,0
140,210,31,1
140,211,31,1
140,212,31,1
140,213,80,0
140,214,80,1
140,215,18,1
140,216,80,1
140,217,18,1
140,218,80,1
140,219,18,1
140,220,28,1
140,221,28,0
140,222,28,1
140,223,28,1
140,224,28,1
140,225,28,1
140,226,28,1
140,227,28,1
140,228,84,0
140,229,28,0
140,230,84,0
140,231,28,0
140,232,84,1
140,233,28,1
140,234,84,1
140,235,28,1
140,236,84,0
140,237,28,0
140,238,72,0
140,239,25,1
140,240,42,1
140,241,25,0
140,242,42,0
140,243,25,1
140,244,42,1
140,245,25,1
140,246,42,1
140,247,25,1
140,248,42,1
140,249,25,1
140,250,42,1
140,251,25,1
140,252,42,1
140,253,84,0
140,254,28,0
140,255,84,1
140,256,28,1
140,257,84,1
140,258,28,1
140,259,84,1
140,260,28,1
140,261,77,1
140,262,79,1
140,263,77,0
140,264,79,0
140,265,77,1
140,266,79,1
140,267,77,0
140,268,79,0
140,269,77,0
140,270,79,0
140,271,77,0
140,272,79,0
140,273,72,1
140,274,72,1
140,275,72,1
140,276,66,0
140,277,66,1
140,278,66,1
140,279,66,1
140,280,66,1
140,281,66,0
140,282,66,0
140,283,66,1
140,284,66,1
140,285,66,1
140,286,66,1
140,287,64,1
140,288,85,0
140,289,85,0
140,290,85,1
140,291,64,0
140,292,64,0
140,293,85,0
140,294,85,1
140,295,66,0
140,296,66,1
140,297,66,1
140,298,66,0
140,299,66,1
140,300,66,1
140,301,77,1
140,302,79,1
140,303,77,1
140,304,79,1
140,305,77,0
140,306,79,0
140,307,77,1
140,308,79,1
140,309,77,1
140,310,79,1
140,311,77,1
140,312,79,1
140,313,85,0
140,314,39,1
140,315,86,0
140,316,86,0
140,317,86,0
140,318,86,1
140,319,86,1
140,320,86,1
140,321,87,1
140,322,75,0
140,323,75,0
140,324,75,1
140,325,75,1
140,326,64,1
140,327,64,1
140,328,64,1
140,329,75,0
140,330,75,1
140,331,75,1
140,332,75,0
140,333,75,0
140,334,75,1
140,335,75,1
140,336,75,0
140,337,75,0
140,338,75,1
140,339,75,1
140,340,75,0
140,341,75,0
140,342,30,1
140,343,30,1
140,344,30,1
140,345,30,1
140,346,30,1
140,347,37,1
140,348,30,1
140,349,37,1
140,350,30,1
140,351,37,1
140,352,30,1
140,353,37,1
140,354,30,1
140,355,37,1
140,356,30,1
140,357,26,1
140,358,26,0
140,359,26,1
140,360,26,1
140,361,26,1
140,362,26,0
140,363,26,1
140,364,26,1
140,365,26,1
140,366,26,1
140,367,26,0
140,368,26,1
140,369,26,1
140,370,26,1
140,371,26,0
140,372,26,1
140,373,26,1
140,374,26,1
140,375,26,0
140,376,26,1
140,377,26,1
140,378,26,1
140,379,26,0
140,380,26,1
140,381,26,1
140,382,26,1
140,383,26,1
140,384,26,1
140,385,70,1
140,386,70,1
140,387,70,1
140,388,70,1
140,389,70,1
140,390,26,1
140,391,26,1
140,392,26,1
140,393,26,1
140,394,26,1
140,395,26,0
140,396,26,1
140,397,26,1
140,398,26,1
140,399,26,1
140,400,26,1
140,401,26,1
140,402,26,1
140,403,26,1
140,404,75,0
140,405,75,1
140,406,75,0
140,407,75,1
140,408,75,0
140,409,75,1
140,410,75,1
140,411,75,1
140,412,75,1
140,413,75,1
140,414,75,1
140,415,41,1
140,416,41,1
140,417,41,1
140,418,41,1
140,419,41,1
140,420,52,1
140,421,52,1
140,422,48,1
140,423,50,1
140,424,50,1
140,425,51,1
140,426,50,0
140,427,50,0
140,428,50,0
140,429,50,0
140,430,50,0
140,431,50,0
140,432,50,1
140,433,50,0
140,434,50,0
140,435,50,1
140,436,50,1
140,437,50,1
140,438,50,1
140,439,50,1
140,440,50,0
140,441,50,1
140,442,50,1
140,443,50,1
140,444,50,0
140,445,50,0
140,446,50,1
140,447,50,0
140,448,50,1
140,449,50,0
140,450,50,1
140,451,50,1
140,452,50,0
140,453,50,1
140,454,50,1
140,455,50,1
140,456,50,1
140,457,50,0
140,458,50,0
140,459,50,0
140,460,50,1
140,461,50,1
140,462,50,0
140,463,50,1
140,464,50,1
140,465,50,0
140,466,50,0
140,467,50,1
140,468,50,1
140,469,50,0
140,470,50,1
140,471,50,1
140,472,50,1
140,473,54,1
140,474,53,1
140,475,54,1
140,476,49,1
140,477,28,1
140,478,28,1
140,479,28,1
140,480,28,1
140,481,28,1
140,482,50,0
140,483,50,1
140,484,50,0
140,485,50,0
140,486,50,1
140,487,50,1
140,488,50,0
140,489,50,0
140,490,50,1
140,491,50,1
140,492,50,0
140,493,19,1
140,494,19,1
140,495,19,1
140,496,19,1
140,497,19,1
140,498,60,1
140,499,60,1
140,500,60,1
140,501,60,1
140,502,60,1
140,503,74,1
140,504,74,1
140,505,74,1
140,506,74,1
140,507,74,1
140,508,24,0
140,509,24,1
140,510,24,1
140,511,24,0
140,512,24,1
140,513,24,1
140,514,24,1
140,515,24,1
140,516,24,1
140,517,18,1
140,518,18,1
140,519,18,1
140,520,18,1
140,521,18,1
140,522,3,1
140,523,3,1
140,524,29,1
140,525,12,1
140,526,13,1
140,527,41,1
140,528,12,1
140,529,13,1
140,530,12,1
140,531,13,1
140,532,34,0
140,533,34,1
140,534,34,1
140,535,34,1
140,536,34,1
140,537,34,1
140,538,14,1
140,539,14,1
140,540,14,1
140,541,14,1
140,542,14,1
140,543,12,0
140,544,35,0
140,545,12,1
140,546,35,1
140,547,41,0
140,548,12,0
140,549,35,0
140,550,35,0
140,551,41,1
140,552,35,1
140,553,12,0
140,554,35,0
140,555,41,1
140,556,41,1
140,557,41,1
140,558,41,1
140,559,41,1
140,560,41,1
140,561,41,1
140,562,41,1
140,563,12,1
140,564,35,1
140,565,35,0
140,566,41,1
140,567,12,1
140,568,35,1
140,569,35,1
140,570,41,1
140,571,12,1
140,572,35,1
140,573,12,1
140,574,35,1
140,575,12,1
140,576,13,1
140,577,14,1
140,578,11,0
140,579,11,1
140,580,11,1
140,581,11,0
140,582,11,1
140,583,11,1
140,584,11,1
140,585,11,1
140,586,4,1
140,587,8,1
140,588,4,0
140,589,8,0
140,590,4,1
140,591,8,1
140,592,4,1
140,593,8,1
140,594,4,1
140,595,8,1
140,596,23,1
140,597,23,1
140,598,23,1
140,599,23,1
140,600,23,1
140,601,23,1
140,602,23,1
140,603,23,1
140,604,23,1
140,605,4,1
140,606,5,1
140,607,4,1
140,608,5,1
140,609,4,1
140,610,7,1
140,611,4,1
140,612,7,1
140,613,4,1
140,614,9,1
140,615,4,1
140,616,9,1
140,617,5,1
140,618,8,0
140,619,8,1
140,620,8,1
140,621,9,1
140,622,25,1
140,623,42,1
140,624,17,1
140,625,17,1
140,626,17,1
140,627,17,1
140,628,17,1
140,629,6,1
140,630,9,1
140,631,25,1
140,632,42,1
140,633,25,1
140,634,42,1
140,635,25,1
140,636,42,1
140,637,25,1
140,638,42,1
140,639,25,1
140,640,42,1
140,641,6,1
140,642,7,1
140,643,6,1
140,644,8,1
140,645,6,1
140,646,8,1
140,647,6,1
140,648,8,1
140,649,32,1
140,650,32,1
140,651,9,1
140,652,32,1
140,653,9,1
140,654,32,1
140,655,32,1
140,656,16,0
140,657,16,1
140,658,16,1
140,659,16,1
140,660,16,1
140,661,16,1
140,662,4,1
140,663,16,1
140,664,4,1
140,665,15,1
140,666,3,0
140,667,3,0
140,668,3,1
140,669,3,0
140,670,3,0
140,671,3,1
140,672,3,0
140,673,29,1
140,674,3,1
140,675,29,1
140,676,3,1
140,677,3,1
140,678,16,1
140,679,16,1
140,680,16,1
140,681,16,1
140,682,16,1
140,683,3,1
140,684,3,1
140,685,3,1
140,686,29,0
140,687,3,0
140,688,29,1
140,689,3,1
140,690,29,0
140,691,3,0
140,692,29,1
140,693,3,1
140,694,29,1
140,695,3,1
140,696,29,0
140,697,3,0
140,698,29,0
140,699,3,0
140,700,29,1
140,701,3,1
140,702,29,0
140,703,3,0
140,704,32,1
140,705,5,1
140,706,32,0
140,707,9,0
140,708,32,1
140,709,5,1
140,710,32,1
140,711,9,1
140,712,32,1
140,713,5,1
140,714,29,1
140,715,3,1
140,716,29,1
140,717,3,1
140,718,17,1
140,719,17,1
140,720,6,1
140,721,9,1
140,722,6,0
140,723,8,0
140,724,6,1
140,725,9,1
140,726,6,1
140,727,7,1
140,728,6,0
140,729,8,0
140,730,6,1
140,731,9,1
140,732,10,1
140,733,10,0
140,734,10,1
140,735,10,1
140,736,10,1
140,737,10,1
140,738,10,1
140,739,10,1
140,740,35,1
140,741,10,1
140,742,35,1
140,743,10,0
140,744,35,0
140,745,10,0
140,746,35,0
140,747,10,1
140,748,35,1
140,749,10,1
140,750,35,1
140,751,10,1
140,752,35,1
140,753,6,1
140,754,9,1
140,755,6,1
140,756,9,1
140,757,32,1
140,758,5,1
140,759,32,1
140,760,5,1
140,761,11,1
140,762,11,0
140,763,11,1
140,764,11,1
140,765,11,1
141,0,37,1
141,1,37,1
141,2,30,1
141,3,30,1
141,4,37,1
141,5,30,1
141,6,37,1
141,7,24,1
141,8,24,0
141,9,24,1
141,10,24,1
141,11,24,1
141,12,24,1
141,13,19,0
141,14,19,1
141,15,19,1
141,16,19,0
141,17,19,0
141,18,19,1
141,19,19,1
141,20,60,1
141,21,19,0
141,22,19,1
141,23,19,1
141,24,19,0
141,25,19,1
141,26,19,1
141,27,20,1
141,28,20,1
141,29,21,1
141,30,21,1
141,31,21,1
141,32,19,1
141,33,19,1
141,34,27,0
141,35,27,0
141,36,40,1
141,37,59,1
141,38,27,1
141,39,40,0
141,40,40,0
141,41,40,1
141,42,40,1
141,43,40,1
141,44,34,1
141,45,34,1
141,46,34,1
141,47,18,0
141,48,18,1
141,49,18,1
141,50,18,1
141,51,21,1
141,52,41,1
141,53,35,1
141,54,14,1
141,55,14,1
141,56,36,1
141,57,26,1
141,58,26,1
141,59,26,1
141,60,26,0
141,61,26,1
141,62,26,0
141,63,26,0
141,64,26,1
141,65,26,1
141,66,26,1
141,67,26,1
141,68,70,1
141,69,70,1
141,70,70,1
141,71,70,1
141,72,70,1
141,73,26,0
141,74,26,1
141,75,26,0
141,76,26,1
141,77,26,0
141,78,26,1
141,79,26,1
141,80,26,1
141,81,26,1
141,82,26,1
141,83,26,1
141,84,26,1
141,85,26,1
141,86,58,1
141,87,58,0
141,88,58,1
141,89,58,1
141,90,58,1
141,91,26,1
141,92,26,1
141,93,77,1
141,94,79,1
141,95,77,1
141,96,79,1
141,97,77,1
141,98,79,1
141,99,42,1
141,100,25,0
141,101,42,0
141,102,25,1
141,103,42,1
141,104,25,0
141,105,42,0
141,106,25,1
141,107,42,1
141,108,25,1
141,109,42,1
141,110,25,1
141,111,42,1
141,112,42,1
141,113,43,1
141,114,26,1
141,115,72,1
141,116,43,1
141,117,43,1
141,118,43,1
141,119,66,0
141,120,66,0
141,121,66,1
141,122,66,1
141,123,66,0
141,124,66,0
141,125,66,1
141,126,66,0
141,127,66,0
141,128,66,0
141,129,66,1
141,130,66,1
141,131,66,1
141,132,66,0
141,133,66,0
141,134,66,1
141,135,66,1
141,136,66,0
141,137,66,0
141,138,66,1
141,139,66,1
141,140,66,1
141,141,66,0
141,142,66,1
141,143,66,1
141,144,66,0
141,145,66,1
141,146,66,1
141,147,66,1
141,148,1,0
141,149,1,1
141,150,1,1
141,151,1,1
141,152,1,0
141,153,1,1
141,154,1,1
141,155,1,1
141,156,1,1
141,157,1,1
141,158,1,1
141,159,2,1
141,160,1,1
141,161,68,1
141,162,68,1
141,163,57,1
141,164,31,1
141,165,31,0
141,166,31,1
141,167,31,1
141,168,31,1
141,169,31,1
141,170,80,1
141,171,18,1
141,172,28,1
141,173,28,1
141,174,28,1
141,175,28,1
141,176,28,1
141,177,84,0
141,178,28,0
141,179,84,0
141,180,28,0
141,181,84,1
141,182,28,1
141,183,84,1
141,184,28,1
141,185,84,1
141,186,28,1
141,187,64,0
141,188,64,0
141,189,64,0
141,190,64,0
141,191,64,0
141,192,85,0
141,193,64,0
141,194,64,0
141,195,64,1
141,196,64,1
141,197,85,0
141,198,64,0
141,199,85,0
141,200,85,1
141,201,64,1
141,202,64,1
141,203,39,0
141,204,39,1
141,205,39,1
141,206,39,1
141,207,86,0
141,208,86,1
141,209,86,1
141,210,86,1
141,211,39,1
141,212,75,0
141,213,75,1
141,214,75,1
141,215,75,0
141,216,75,1
141,217,75,1
141,218,75,1
141,219,26,1
141,220,30,1
141,221,30,1
141,222,30,1
141,223,30,1
141,224,30,1
141,225,37,1
141,226,30,1
141,227,37,1
141,228,30,1
141,229,37,1
141,230,30,1
141,231,37,1
141,232,30,1
141,233,37,1
141,234,30,1
141,235,26,1
141,236,26,0
141,237,26,1
141,238,26,0
141,239,26,1
141,240,26,1
141,241,26,1
141,242,26,0
141,243,26,1
141,244,26,0
141,245,26,1
141,246,26,1
141,247,26,1
141,248,26,0
141,249,26,1
141,250,26,0
141,251,26,0
141,252,26,1
141,253,26,1
141,254,70,1
141,255,26,1
141,256,26,0
141,257,26,1
141,258,26,1
141,259,26,1
141,260,26,1
141,261,26,1
141,262,26,1
141,263,26,1
141,264,26,1
141,265,26,1
141,266,26,1
141,267,26,1
141,268,64,1
141,269,64,1
141,270,41,1
141,271,41,1
141,272,41,1
141,273,41,1
141,274,41,1
141,275,49,1
141,276,52,1
141,277,48,1
141,278,50,1
141,279,50,1
141,280,51,1
141,281,50,1
141,282,50,1
141,283,51,1
141,284,50,1
141,285,50,1
141,286,50,1
141,287,50,0
141,288,50,1
141,289,50,1
141,290,50,1
141,291,50,1
141,292,50,0
141,293,50,1
141,294,50,0
141,295,50,1
141,296,50,1
141,297,50,1
141,298,50,1
141,299,50,1
141,300,54,1
141,301,53,1
141,302,54,1
141,303,49,1
141,304,28,1
141,305,28,1
141,306,28,1
141,307,28,1
141,308,28,1
141,309,18,1
141,310,18,1
141,311,18,1
141,312,18,1
141,313,18,1
141,314,24,1
141,315,24,1
141,316,24,1
141,317,24,1
141,318,24,1
141,319,74,1
141,320,74,1
141,321,74,1
141,322,74,1
141,323,74,1
141,324,60,1
141,325,60,1
141,326,60,1
141,327,60,1
141,328,60,0
141,329,60,1
141,330,60,0
141,331,60,1
141,332,60,1
141,333,60,1
141,334,19,1
141,335,19,0
141,336,19,1
141,337,19,1
141,338,19,1
141,339,19,1
141,340,19,1
141,341,60,1
141,342,60,1
141,343,3,1
141,344,3,1
141,345,29,1
141,346,12,0
141,347,13,0
141,348,41,0
141,349,12,1
141,350,13,1
141,351,41,1
141,352,12,0
141,353,35,0
141,354,12,1
141,355,13,1
141,356,41,1
141,357,12,1
141,358,13,1
141,359,41,1
141,360,12,1
141,361,13,1
141,362,41,1
141,363,12,1
141,364,13,1
141,365,14,1
141,366,12,1
141,367,13,1
141,368,14,1
141,369,14,0
141,370,14,1
141,371,14,0
141,372,14,1
141,373,14,1
141,374,14,0
141,375,14,1
141,376,14,1
141,377,14,1
141,378,14,1
141,379,41,1
141,380,12,1
141,381,35,1
141,382,35,1
141,383,41,1
141,384,35,1
141,385,41,1
141,386,41,1
141,387,41,1
141,388,41,1
141,389,41,1
141,390,34,1
141,391,34,1
141,392,34,1
141,393,34,1
141,394,34,1
141,395,14,1
141,396,12,0
141,397,35,0
141,398,12,1
141,399,35,1
141,400,12,1
141,401,13,1
141,402,14,1
141,403,12,1
141,404,13,1
141,405,14,1
141,406,11,1
141,407,11,1
141,408,11,1
141,409,23,1
141,410,23,0
141,411,23,1
141,412,23,1
141,413,23,1
141,414,23,1
141,415,23,1
141,416,23,0
141,417,23,1
141,418,23,1
141,419,23,1
141,420,23,1
141,421,23,1
141,422,4,1
141,423,8,1
141,424,4,0
141,425,8,0
141,426,4,1
141,427,8,1
141,428,4,1
141,429,8,1
141,430,4,1
141,431,8,1
141,432,4,1
141,433,5,1
141,434,4,1
141,435,5,1
141,436,4,1
141,437,7,1
141,438,4,1
141,439,7,1
141,440,4,0
141,441,9,0
141,442,4,1
141,443,9,1
141,444,4,0
141,445,9,0
141,446,4,1
141,447,9,1
141,448,4,1
141,449,9,1
141,450,17,1
141,451,17,1
141,452,17,1
141,453,17,1
141,454,17,1
141,455,6,1
141,456,9,1
141,457,6,1
141,458,7,1
141,459,6,0
141,460,5,0
141,461,6,0
141,462,9,0
141,463,4,1
141,464,9,1
141,465,8,1
141,466,6,1
141,467,8,1
141,468,6,1
141,469,7,1
141,470,6,1
141,471,7,1
141,472,6,1
141,473,9,1
141,474,32,0
141,475,5,0
141,476,32,1
141,477,5,1
141,478,32,0
141,479,9,0
141,480,32,1
141,481,9,1
141,482,32,1
141,483,9,1
141,484,32,1
141,485,9,1
141,486,32,1
141,487,9,1
141,488,32,1
141,489,5,1
141,490,8,1
141,491,25,1
141,492,42,1
141,493,25,1
141,494,42,1
141,495,25,1
141,496,42,1
141,497,25,1
141,498,42,1
141,499,25,1
141,500,42,1
141,501,25,1
141,502,42,1
141,503,16,0
141,504,16,1
141,505,16,1
141,506,16,1
141,507,16,1
141,508,16,1
141,509,16,1
141,510,3,0
141,511,3,0
141,512,3,0
141,513,3,0
141,514,3,0
141,515,3,0
141,516,16,1
141,517,16,1
141,518,3,0
141,519,4,1
141,520,16,1
141,521,4,1
141,522,15,1
141,523,3,1
141,524,29,0
141,525,3,0
141,526,29,0
141,527,3,0
141,528,29,1
141,529,3,1
141,530,29,1
141,531,3,1
141,532,29,1
141,533,3,1
141,534,3,1
141,535,3,1
141,536,3,1
141,537,29,0
141,538,3,0
141,539,29,0
141,540,3,0
141,541,29,0
141,542,3,0
141,543,29,1
141,544,3,1
141,545,29,1
141,546,3,1
141,547,29,1
141,548,3,1
141,549,29,1
141,550,3,1
141,551,29,0
141,552,3,0
141,553,29,0
141,554,3,0
141,555,16,1
141,556,29,0
141,557,3,0
141,558,32,1
141,559,9,1
141,560,32,1
141,561,5,1
141,562,29,1
141,563,3,1
141,564,29,1
141,565,3,1
141,566,17,1
141,567,17,1
141,568,17,1
141,569,6,1
141,570,7,1
141,571,6,0
141,572,8,0
141,573,6,0
141,574,8,0
141,575,6,1
141,576,9,1
141,577,6,1
141,578,9,1
141,579,6,1
141,580,9,1
141,581,6,1
141,582,7,1
141,583,10,0
141,584,10,1
141,585,10,1
141,586,10,1
141,587,10,1
141,588,10,1
141,589,10,1
141,590,10,1
141,591,10,1
141,592,35,1
141,593,10,1
141,594,35,1
141,595,10,0
141,596,35,0
141,597,10,1
141,598,35,1
141,599,10,1
141,600,35,1
141,601,10,1
141,602,35,1
141,603,32,1
141,604,5,1
141,605,32,1
141,606,5,1
141,607,11,0
141,608,11,1
141,609,11,1
141,610,11,1
142,0,37,1
142,1,37,1
142,2,30,1
142,3,30,1
142,4,37,1
142,5,30,1
142,6,37,1
142,7,24,1
142,8,24,1
142,9,24,0
142,10,24,1
142,11,24,1
142,12,24,1
142,13,19,0
142,14,19,1
142,15,19,1
142,16,19,0
142,17,19,1
142,18,19,1
142,19,19,1
142,20,60,0
142,21,20,1
142,22,20,1
142,23,21,1
142,24,21,1
142,25,21,1
142,26,27,1
142,27,27,1
142,28,59,1
142,29,60,0
142,30,40,1
142,31,40,0
142,32,40,1
142,33,40,0
142,34,40,0
142,35,60,0
142,36,60,0
142,37,40,1
142,38,40,0
142,39,34,1
142,40,34,1
142,41,34,1
142,42,18,1
142,43,21,1
142,44,41,1
142,45,41,1
142,46,41,1
142,47,35,0
142,48,19,1
142,49,60,1
142,50,60,1
142,51,60,0
142,52,60,1
142,53,60,1
142,54,40,1
142,55,35,1
142,56,35,1
142,57,35,1
142,58,14,1
142,59,14,1
142,60,36,0
142,61,36,1
142,62,36,1
142,63,36,1
142,64,60,1
142,65,26,1
142,66,26,1
142,67,26,1
142,68,26,1
142,69,26,0
142,70,26,0
142,71,26,1
142,72,26,0
142,73,26,0
142,74,26,0
142,75,70,0
142,76,70,1
142,77,70,1
142,78,70,1
142,79,70,0
142,80,70,1
142,81,70,1
142,82,26,0
142,83,26,1
142,84,26,1
142,85,70,1
142,86,70,1
142,87,70,1
142,88,70,1
142,89,58,1
142,90,26,1
142,91,26,1
142,92,43,1
142,93,43,1
142,94,43,1
142,95,57,1
142,96,31,1
142,97,31,1
142,98,31,1
142,99,80,1
142,100,18,1
142,101,28,1
142,102,28,1
142,103,28,1
142,104,28,1
142,105,28,1
142,106,84,0
142,107,28,0
142,108,26,0
142,109,26,1
142,110,26,1
142,111,26,1
142,112,26,0
142,113,26,0
142,114,26,1
142,115,26,1
142,116,26,0
142,117,26,1
142,118,26,1
142,119,26,1
142,120,26,0
142,121,58,0
142,122,58,0
142,123,58,0
142,124,58,1
142,125,58,1
142,126,77,1
142,127,79,1
142,128,77,1
142,129,79,1
142,130,77,1
142,131,79,1
142,132,42,0
142,133,42,1
142,134,25,1
142,135,42,1
142,136,25,1
142,137,42,1
142,138,25,1
142,139,42,1
142,140,25,1
142,141,42,1
142,142,25,1
142,143,42,1
142,144,42,1
142,145,43,1
142,146,72,0
142,147,66,1
142,148,26,1
142,149,26,1
142,150,26,1
142,151,26,0
142,152,26,1
142,153,26,1
142,154,26,1
142,155,26,0
142,156,26,1
142,157,26,1
142,158,26,1
142,159,26,0
142,160,26,1
142,161,26,1
142,162,26,1
142,163,26,0
142,164,26,1
142,165,26,1
142,166,26,1
142,167,26,1
142,168,26,1
142,169,26,1
142,170,58,1
142,171,42,1
142,172,42,1
142,173,72,1
142,174,72,1
142,175,1,0
142,176,1,1
142,177,1,1
142,178,1,1
142,179,1,1
142,180,1,1
142,181,1,1
142,182,1,1
142,183,1,1
142,184,1,1
142,185,1,1
142,186,2,1
142,187,81,1
142,188,68,0
142,189,68,1
142,190,68,1
142,191,68,1
142,192,68,1
142,193,84,1
142,194,28,1
142,195,84,1
142,196,28,1
142,197,84,1
142,198,28,1
142,199,64,0
142,200,39,1
142,201,86,0
142,202,86,0
142,203,30,1
142,204,30,1
142,205,30,1
142,206,30,1
142,207,30,1
142,208,37,1
142,209,30,1
142,210,37,1
142,211,30,1
142,212,37,1
142,213,30,1
142,214,37,1
142,215,30,1
142,216,37,1
142,217,30,1
142,218,26,1
142,219,26,1
142,220,26,1
142,221,26,1
142,222,26,1
142,223,70,1
142,224,70,1
142,225,26,0
142,226,26,1
142,227,26,1
142,228,26,1
142,229,26,1
142,230,26,0
142,231,26,1
142,232,26,1
142,233,26,1
142,234,26,1
142,235,26,1
142,236,26,1
142,237,26,1
142,238,26,1
142,239,41,1
142,240,41,1
142,241,41,1
142,242,41,1
142,243,41,1
142,244,26,1
142,245,26,1
142,246,64,1
142,247,64,1
142,248,64,1
142,249,64,1
142,250,86,1
142,251,86,1
142,252,86,1
142,253,75,0
142,254,75,0
142,255,75,1
142,256,75,1
142,257,75,1
142,258,75,1
142,259,75,1
142,260,87,1
142,261,86,1
142,262,49,1
142,263,52,1
142,264,48,1
142,265,50,1
142,266,50,1
142,267,51,0
142,268,51,1
142,269,51,1
142,270,50,1
142,271,50,0
142,272,50,1
142,273,50,1
142,274,50,1
142,275,51,1
142,276,50,1
142,277,50,0
142,278,50,0
142,279,50,1
142,280,50,0
142,281,50,1
142,282,50,0
142,283,50,0
142,284,50,0
142,285,50,1
142,286,50,1
142,287,50,0
142,288,50,0
142,289,50,1
142,290,54,1
142,291,53,0
142,292,54,0
142,293,53,0
142,294,54,0
142,295,12,1
142,296,13,1
142,297,14,1
142,298,12,1
142,299,13,1
142,300,41,1
142,301,16,1
142,302,16,1
142,303,50,0
142,304,50,1
142,305,50,1
142,306,50,1
142,307,57,1
142,308,50,1
142,309,50,1
142,310,4,1
142,311,16,1
142,312,4,1
142,313,15,1
142,314,49,1
142,315,28,1
142,316,28,0
142,317,28,1
142,318,28,1
142,319,28,1
142,320,28,1
142,321,28,1
142,322,29,0
142,323,3,0
142,324,29,0
142,325,3,0
142,326,3,1
142,327,3,1
142,328,3,1
142,329,29,1
142,330,12,0
142,331,35,0
142,332,12,1
142,333,13,1
142,334,41,1
142,335,12,1
142,336,13,1
142,337,41,1
142,338,12,1
142,339,35,1
142,340,12,0
142,341,35,0
142,342,12,0
142,343,35,0
142,344,11,1
142,345,11,1
142,346,11,1
142,347,4,1
142,348,8,1
142,349,4,1
142,350,8,1
142,351,4,0
142,352,5,0
142,353,4,1
142,354,5,1
142,355,4,1
142,356,5,1
142,357,4,1
142,358,5,1
142,359,4,1
142,360,7,1
142,361,4,1
142,362,7,1
142,363,4,1
142,364,9,1
142,365,4,0
142,366,9,0
142,367,6,1
142,368,8,1
142,369,6,1
142,370,9,1
142,371,53,1
142,372,54,1
142,373,6,1
142,374,9,1
142,375,12,1
142,376,35,1
142,377,12,1
142,378,13,1
142,379,14,1
142,380,50,1
142,381,50,1
142,382,4,1
142,383,9,1
142,384,4,1
142,385,9,1
142,386,10,1
142,387,5,1
142,388,8,1
142,389,4,0
142,390,22,0
142,391,4,1
142,392,22,1
142,393,4,1
142,394,22,1
142,395,25,0
142,396,42,0
142,397,25,0
142,398,42,0
142,399,25,1
142,400,42,1
142,401,4,1
142,402,22,1
142,403,4,1
142,404,22,1
142,405,4,1
142,406,22,1
142,407,25,1
142,408,42,1
142,409,25,1
142,410,42,1
142,411,25,1
142,412,42,1
142,413,25,1
142,414,42,1
142,415,25,1
142,416,42,1
142,417,16,1
142,418,16,1
142,419,29,0
142,420,3,0
142,421,29,1
142,422,3,1
142,423,29,1
142,424,3,1
142,425,29,1
142,426,3,1
142,427,29,0
142,428,3,0
142,429,29,1
142,430,3,1
142,431,29,1
142,432,3,1
142,433,29,1
142,434,3,1
142,435,29,1
142,436,3,1
142,437,29,1
142,438,3,1
142,439,32,1
142,440,5,1
142,441,32,1
142,442,5,1
142,443,17,1
142,444,17,1
142,445,17,1
142,446,18,1
142,447,18,1
142,448,18,1
142,449,18,1
142,450,18,1
142,451,24,1
142,452,24,1
142,453,24,1
142,454,24,1
142,455,24,1
142,456,74,1
142,457,74,1
142,458,74,1
142,459,74,1
142,460,74,1
142,461,60,0
142,462,60,0
142,463,19,1
142,464,19,0
142,465,19,1
142,466,19,0
142,467,19,0
142,468,19,1
142,469,19,0
142,470,19,1
142,471,19,1
142,472,19,1
142,473,14,0
142,474,14,1
142,475,14,1
142,476,14,1
142,477,14,1
142,478,14,1
142,479,12,0
142,480,35,0
142,481,41,1
142,482,12,1
142,483,35,1
142,484,35,1
142,485,12,1
142,486,35,1
142,487,41,1
142,488,41,1
142,489,41,1
142,490,41,1
142,491,41,1
142,492,41,0
142,493,41,1
142,494,41,1
142,495,41,0
142,496,41,1
142,497,41,1
142,498,34,1
142,499,34,1
142,500,34,1
142,501,34,1
142,502,34,1
142,503,10,1
142,504,10,1
142,505,10,1
142,506,10,1
142,507,23,1
142,508,23,1
142,509,23,1
142,510,23,1
142,511,23,1
142,512,23,1
142,513,23,1
142,514,23,1
142,515,17,1
142,516,17,1
142,517,17,1
142,518,17,1
142,519,17,1
142,520,6,1
142,521,9,1
142,522,6,0
142,523,5,0
142,524,6,1
142,525,5,1
142,526,6,0
142,527,9,0
142,528,6,1
142,529,9,1
142,530,6,1
142,531,5,1
142,532,6,1
142,533,8,1
142,534,6,1
142,535,7,1
142,536,6,1
142,537,5,1
142,538,32,1
142,539,5,1
142,540,32,1
142,541,5,1
142,542,32,1
142,543,5,1
142,544,32,1
142,545,5,1
142,546,32,1
142,547,5,1
142,548,16,1
142,549,16,1
142,550,16,1
142,551,3,0
142,552,3,0
142,553,10,1
142,554,35,1
142,555,10,0
142,556,35,0
142,557,10,1
142,558,35,1
142,559,10,1
142,560,35,1
142,561,10,1
142,562,35,1
142,563,10,1
142,564,35,1
142,565,10,1
142,566,35,1
142,567,32,1
142,568,5,1
142,569,32,1
142,570,9,1
142,571,11,0
142,572,11,0
142,573,11,1
142,574,11,0
142,575,11,1
143,0,21,1
143,1,21,1
143,2,21,1
143,3,20,1
143,4,18,1
143,5,22,1
143,6,23,1
143,7,22,1
143,8,23,1
143,9,22,1
143,10,23,1
143,11,22,1
143,12,23,1
143,13,22,1
143,14,23,1
143,15,60,0
143,16,24,1
143,17,60,1
143,18,60,1
143,19,24,0
143,20,24,1
143,21,19,1
143,22,60,0
143,23,60,1
143,24,19,1
143,25,60,1
143,26,24,1
143,27,19,1
143,28,40,1
143,29,40,1
143,30,23,1
143,31,23,1
143,32,40,1
143,33,45,0
143,34,45,1
143,35,46,0
143,36,46,1
143,37,26,0
143,38,26,1
143,39,26,1
143,40,26,0
143,41,26,0
143,42,26,1
143,43,26,0
143,44,26,0
143,45,26,1
143,46,26,0
143,47,26,0
143,48,26,1
143,49,26,1
143,50,26,1
143,51,26,0
143,52,26,0
143,53,26,1
143,54,26,1
143,55,26,0
143,56,37,0
143,57,30,0
144,0,37,1
144,1,37,1
144,2,30,1
144,3,30,1
144,4,37,1
144,5,30,1
144,6,37,1
144,7,24,1
144,8,24,1
144,9,24,1
144,10,19,1
144,11,19,0
144,12,19,1
144,13,19,1
144,14,19,0
144,15,19,1
144,16,60,1
144,17,20,1
144,18,20,1
144,19,21,1
144,20,21,0
144,21,21,1
144,22,21,1
144,23,21,1
144,24,21,1
144,25,19,1
144,26,19,1
144,27,27,1
144,28,27,1
144,29,59,1
144,30,40,0
144,31,40,0
144,32,40,1
144,33,40,1
144,34,40,0
144,35,40,0
144,36,40,1
144,37,40,1
144,38,40,1
144,39,40,1
144,40,40,0
144,41,40,1
144,42,40,1
144,43,40,1
144,44,40,1
144,45,34,0
144,46,34,1
144,47,34,1
144,48,34,1
144,49,40,0
144,50,40,0
144,51,40,1
144,52,40,1
144,53,40,1
144,54,40,1
144,55,40,1
144,56,34,1
144,57,34,1
144,58,18,1
144,59,21,1
144,60,41,1
144,61,35,0
144,62,35,1
144,63,35,1
144,64,35,1
144,65,14,1
144,66,14,1
144,67,36,1
144,68,26,1
144,69,26,1
144,70,26,1
144,71,26,1
144,72,26,1
144,73,70,1
144,74,70,1
144,75,70,1
144,76,70,1
144,77,26,1
144,78,26,1
144,79,26,1
144,80,58,0
144,81,58,1
144,82,58,1
144,83,58,1
144,84,58,1
144,85,26,1
144,86,77,0
144,87,79,0
144,88,77,1
144,89,79,1
144,90,77,1
144,91,79,1
144,92,77,1
144,93,79,1
144,94,77,1
144,95,79,1
144,96,26,1
144,97,77,1
144,98,79,1
144,99,42,1
144,100,25,1
144,101,42,1
144,102,25,1
144,103,42,1
144,104,25,1
144,105,42,1
144,106,42,1
144,107,43,1
144,108,72,1
144,109,43,1
144,110,43,1
144,111,43,1
144,112,66,1
144,113,1,0
144,114,1,1
144,115,1,1
144,116,1,1
144,117,1,0
144,118,1,1
144,119,1,1
144,120,1,1
144,121,1,1
144,122,2,1
144,123,82,1
144,124,68,1
144,125,68,0
144,126,68,1
144,127,68,1
144,128,68,1
144,129,57,1
144,130,31,1
144,131,31,0
144,132,31,1
144,133,31,1
144,134,31,0
144,135,31,1
144,136,31,1
144,137,31,1
144,138,31,1
144,139,1,1
144,140,1,1
144,141,80,1
144,142,18,1
144,143,28,1
144,144,28,1
144,145,28,1
144,146,28,0
144,147,28,1
144,148,28,1
144,149,28,1
144,150,28,1
144,151,84,0
144,152,28,0
144,153,84,1
144,154,28,1
144,155,84,1
144,156,28,1
144,157,84,1
144,158,28,1
144,159,64,0
144,160,64,1
144,161,64,1
144,162,64,1
144,163,85,0
144,164,64,1
144,165,85,1
144,166,85,1
144,167,39,0
144,168,39,1
144,169,39,1
144,170,39,1
144,171,86,0
144,172,87,1
144,173,75,0
144,174,75,1
144,175,75,1
144,176,75,0
144,177,86,0
144,178,30,1
144,179,30,0
144,180,30,1
144,181,30,1
144,182,30,1
144,183,30,1
144,184,30,1
144,185,37,1
144,186,30,1
144,187,37,1
144,188,30,1
144,189,37,1
144,190,30,1
144,191,37,1
144,192,30,1
144,193,37,1
144,194,30,1
144,195,26,1
144,196,26,1
144,197,26,1
144,198,26,1
144,199,26,1
144,200,70,1
144,201,70,1
144,202,70,1
144,203,70,1
144,204,70,1
144,205,70,1
144,206,26,0
144,207,26,1
144,208,26,1
144,209,26,1
144,210,26,0
144,211,26,1
144,212,26,1
144,213,26,1
144,214,26,1
144,215,26,1
144,216,26,1
144,217,26,1
144,218,26,0
144,219,26,0
144,220,26,1
144,221,26,1
144,222,26,1
144,223,26,1
144,224,26,1
144,225,41,1
144,226,41,1
144,227,41,1
144,228,41,1
144,229,41,1
144,230,26,1
144,231,86,1
144,232,86,1
144,233,75,0
144,234,75,1
144,235,75,1
144,236,75,0
144,237,75,1
144,238,75,1
144,239,75,1
144,240,26,1
144,241,49,1
144,242,52,1
144,243,48,1
144,244,50,0
144,245,95,0
144,246,95,0
144,247,50,0
144,248,50,1
144,249,50,0
144,250,50,0
144,251,50,0
144,252,50,0
144,253,51,1
144,254,50,1
144,255,50,0
144,256,50,1
144,257,50,0
144,258,50,1
144,259,50,0
144,260,50,1
144,261,50,0
144,262,50,1
144,263,50,1
144,264,50,1
144,265,50,0
144,266,50,0
144,267,50,0
144,268,50,1
144,269,50,0
144,270,54,1
144,271,53,0
144,272,54,0
144,273,53,1
144,274,54,1
144,275,53,1
144,276,54,1
144,277,53,1
144,278,54,1
144,279,49,1
144,280,28,1
144,281,28,1
144,282,28,1
144,283,28,1
144,284,28,1
144,285,3,1
144,286,3,1
144,287,29,1
144,288,12,1
144,289,35,1
144,290,12,1
144,291,13,1
144,292,12,1
144,293,13,1
144,294,41,1
144,295,12,1
144,296,13,1
144,297,18,1
144,298,18,1
144,299,18,1
144,300,18,1
144,301,18,1
144,302,24,1
144,303,24,1
144,304,24,1
144,305,24,1
144,306,24,1
144,307,74,1
144,308,74,1
144,309,74,1
144,310,74,1
144,311,74,1
144,312,60,1
144,313,60,1
144,314,60,1
144,315,60,1
144,316,60,1
144,317,19,0
144,318,19,1
144,319,12,0
144,320,35,0
144,321,14,1
144,322,14,1
144,323,14,1
144,324,14,0
144,325,14,1
144,326,14,1
144,327,14,1
144,328,14,1
144,329,14,1
144,330,35,1
144,331,41,1
144,332,41,1
144,333,41,1
144,334,41,1
144,335,11,1
144,336,11,0
144,337,41,1
144,338,34,1
144,339,4,1
144,340,8,1
144,341,4,1
144,342,8,1
144,343,4,1
144,344,9,1
144,345,4,1
144,346,9,1
144,347,19,0
144,348,19,1
144,349,19,1
144,350,19,1
144,351,19,1
144,352,19,1
144,353,41,1
144,354,41,1
144,355,41,1
144,356,41,1
144,357,34,1
144,358,34,1
144,359,34,1
144,360,34,1
144,361,23,1
144,362,23,1
144,363,23,1
144,364,23,1
144,365,23,1
144,366,23,1
144,367,23,1
144,368,17,1
144,369,17,1
144,370,17,1
144,371,17,1
144,372,17,1
144,373,32,1
144,374,9,1
144,375,32,1
144,376,9,1
144,377,32,1
144,378,9,1
144,379,32,0
144,380,5,0
144,381,32,1
144,382,5,1
144,383,32,1
144,384,5,1
144,385,32,1
144,386,5,1
144,387,32,1
144,388,5,1
144,389,32,1
144,390,5,1
144,391,6,1
144,392,9,1
144,393,6,0
144,394,5,0
144,395,6,1
144,396,9,1
144,397,6,0
144,398,8,0
144,399,6,1
144,400,9,1
144,401,6,1
144,402,7,1
144,403,6,1
144,404,9,1
144,405,6,1
144,406,9,1
144,407,6,1
144,408,5,1
144,409,50,1
144,410,50,1
144,411,50,0
144,412,50,0
144,413,50,0
144,414,50,1
144,415,50,0
144,416,50,1
144,417,11,1
144,418,4,1
144,419,5,1
144,420,4,1
144,421,5,1
144,422,4,1
144,423,7,1
144,424,4,1
144,425,7,1
144,426,8,1
144,427,8,1
144,428,4,1
144,429,22,1
144,430,25,1
144,431,42,1
144,432,25,1
144,433,42,1
144,434,25,1
144,435,42,1
144,436,25,1
144,437,42,1
144,438,25,0
144,439,42,0
144,440,25,1
144,441,42,1
144,442,25,1
144,443,42,1
144,444,25,1
144,445,42,1
144,446,25,1
144,447,42,1
144,448,25,0
144,449,42,0
144,450,16,1
144,451,10,1
144,452,10,1
144,453,3,0
144,454,3,1
144,455,3,0
144,456,3,0
144,457,3,1
144,458,10,1
144,459,35,1
144,460,6,1
144,461,7,1
144,462,6,1
144,463,7,1
144,464,6,1
144,465,5,1
144,466,10,1
144,467,10,1
144,468,10,1
144,469,10,0
144,470,35,0
144,471,10,1
144,472,35,1
144,473,10,1
144,474,35,1
144,475,10,0
144,476,35,0
144,477,10,1
144,478,35,1
144,479,17,0
144,480,17,1
144,481,17,1
144,482,17,1
144,483,17,1
144,484,32,1
144,485,5,1
144,486,32,0
144,487,9,0
144,488,32,1
144,489,9,1
144,490,32,1
144,491,9,1
144,492,32,1
144,493,5,1
144,494,29,0
144,495,3,0
144,496,29,0
144,497,3,0
144,498,50,1
144,499,50,1
144,500,50,1
144,501,50,1
144,502,50,1
144,503,50,1
144,504,50,1
144,505,50,1
144,506,50,1
144,507,12,1
144,508,13,1
144,509,14,1
144,510,12,1
144,511,13,1
144,512,14,1
144,513,11,1
144,514,11,1
144,515,25,1
144,516,42,1
144,517,25,1
144,518,42,1
144,519,25,0
144,520,42,0
144,521,25,0
144,522,42,0
144,523,25,1
144,524,42,1
144,525,25,0
144,526,42,0
144,527,25,0
144,528,42,0
144,529,25,1
144,530,42,1
144,531,10,1
144,532,35,1
144,533,25,1
144,534,42,1
144,535,25,1
144,536,42,1
144,537,25,1
144,538,42,1
144,539,16,1
144,540,29,0
144,541,3,0
144,542,29,0
144,543,3,0
144,544,10,1
144,545,35,1
144,546,25,1
144,547,42,1
144,548,16,1
144,549,16,1
144,550,16,1
144,551,4,1
144,552,15,1
144,553,4,1
144,554,16,1
144,555,29,0
144,556,3,0
144,557,29,0
144,558,3,0
144,559,29,0
144,560,3,0
144,561,29,1
144,562,3,1
144,563,29,0
144,564,3,0
144,565,29,0
144,566,3,0
144,567,29,0
144,568,3,0
144,569,16,1
144,570,16,1
144,571,16,1
144,572,29,0
144,573,3,0
144,574,29,0
144,575,3,0
144,576,29,0
144,577,3,0
144,578,29,0
144,579,3,0
144,580,29,0
144,581,3,0
144,582,29,0
144,583,3,0
144,584,29,1
144,585,3,1
144,586,29,1
144,587,3,1
144,588,29,1
144,589,3,1
144,590,29,0
144,591,3,0
144,592,29,1
144,593,3,1
144,594,29,1
144,595,3,1
144,596,29,1
144,597,3,1
144,598,29,0
144,599,3,0
144,600,29,0
144,601,3,0
144,602,29,0
144,603,3,0
144,604,29,0
144,605,3,0
144,606,29,0
144,607,3,0
144,608,29,0
144,609,3,0
144,610,29,1
144,611,3,1
144,612,32,1
144,613,9,1
144,614,32,1
144,615,9,1
144,616,11,0
144,617,11,1
144,618,11,1
144,619,11,0
145,0,37,1
145,1,37,1
145,2,30,1
145,3,30,1
145,4,37,1
145,5,30,1
145,6,37,1
145,7,24,1
145,8,24,1
145,9,24,1
145,10,19,1
145,11,60,1
145,12,21,1
145,13,21,1
145,14,21,1
145,15,20,1
145,16,20,1
145,17,19,1
145,18,27,0
145,19,27,0
145,20,27,1
145,21,59,1
145,22,60,1
145,23,40,1
145,24,40,1
145,25,34,0
145,26,34,1
145,27,34,1
145,28,34,1
145,29,34,1
145,30,34,1
145,31,18,0
145,32,18,0
145,33,18,1
145,34,18,1
145,35,18,1
145,36,21,1
145,37,27,1
145,38,27,1
145,39,27,1
145,40,41,1
145,41,35,1
145,42,14,1
145,43,14,1
145,44,36,0
145,45,26,1
145,46,26,1
145,47,26,1
145,48,26,1
145,49,70,1
145,50,70,0
145,51,70,1
145,52,70,1
145,53,70,1
145,54,70,1
145,55,70,1
145,56,70,1
145,57,70,1
145,58,26,0
145,59,26,1
145,60,26,1
145,61,26,1
145,62,26,1
145,63,26,1
145,64,26,1
145,65,26,1
145,66,26,1
145,67,58,1
145,68,58,1
145,69,26,1
145,70,77,1
145,71,79,1
145,72,70,1
145,73,70,1
145,74,70,1
145,75,77,0
145,76,79,0
145,77,77,1
145,78,79,1
145,79,77,1
145,80,79,1
145,81,77,0
145,82,79,0
145,83,77,0
145,84,79,0
145,85,77,1
145,86,79,1
145,87,25,0
145,88,42,0
145,89,25,1
145,90,42,1
145,91,25,0
145,92,42,0
145,93,25,1
145,94,42,1
145,95,25,1
145,96,42,1
145,97,25,1
145,98,42,1
145,99,42,1
145,100,43,1
145,101,77,1
145,102,79,1
145,103,77,1
145,104,79,1
145,105,77,0
145,106,79,0
145,107,26,1
145,108,77,1
145,109,79,1
145,110,77,1
145,111,79,1
145,112,26,1
145,113,60,1
145,114,42,1
145,115,77,1
145,116,79,1
145,117,77,1
145,118,79,1
145,119,77,1
145,120,79,1
145,121,72,1
145,122,43,1
145,123,43,1
145,124,43,1
145,125,66,1
145,126,1,1
145,127,2,1
145,128,81,1
145,129,68,1
145,130,68,0
145,131,57,1
145,132,31,1
145,133,31,0
145,134,31,1
145,135,31,1
145,136,31,1
145,137,31,1
145,138,28,1
145,139,80,0
145,140,18,0
145,141,80,1
145,142,18,1
145,143,80,1
145,144,18,1
145,145,80,1
145,146,52,0
145,147,28,0
145,148,28,1
145,149,28,1
145,150,28,1
145,151,28,1
145,152,28,1
145,153,28,0
145,154,28,1
145,155,28,1
145,156,28,1
145,157,28,1
145,158,28,1
145,159,28,1
145,160,84,0
145,161,28,0
145,162,84,0
145,163,28,0
145,164,84,1
145,165,28,1
145,166,84,1
145,167,28,1
145,168,84,1
145,169,28,1
145,170,85,0
145,171,64,0
145,172,64,0
145,173,85,0
145,174,85,0
145,175,64,0
145,176,85,0
145,177,68,1
145,178,68,1
145,179,68,1
145,180,64,0
145,181,64,0
145,182,64,0
145,183,64,0
145,184,64,0
145,185,39,1
145,186,86,0
145,187,75,0
145,188,75,0
145,189,75,0
145,190,75,1
145,191,75,0
145,192,75,0
145,193,75,1
145,194,75,1
145,195,75,1
145,196,75,0
145,197,75,1
145,198,75,1
145,199,75,1
145,200,75,1
145,201,75,1
145,202,75,1
145,203,86,1
145,204,86,1
145,205,86,1
145,206,39,1
145,207,37,1
145,208,30,1
145,209,37,1
145,210,30,1
145,211,37,1
145,212,30,1
145,213,37,1
145,214,30,1
145,215,37,1
145,216,30,1
145,217,30,1
145,218,30,1
145,219,30,1
145,220,30,1
145,221,30,1
145,222,26,0
145,223,26,1
145,224,26,0
145,225,26,1
145,226,26,0
145,227,26,1
145,228,26,1
145,229,26,1
145,230,26,1
145,231,26,1
145,232,70,1
145,233,70,0
145,234,70,1
145,235,70,1
145,236,70,1
145,237,70,1
145,238,70,1
145,239,70,1
145,240,26,1
145,241,26,1
145,242,26,1
145,243,26,1
145,244,26,1
145,245,64,1
145,246,64,1
145,247,64,1
145,248,64,1
145,249,64,1
145,250,64,1
145,251,70,1
145,252,41,1
145,253,41,0
145,254,41,1
145,255,41,1
145,256,41,1
145,257,41,1
145,258,41,1
145,259,49,1
145,260,52,1
145,261,48,1
145,262,50,0
145,263,50,0
145,264,50,1
145,265,50,1
145,266,50,1
145,267,51,1
145,268,50,0
145,269,50,1
145,270,50,1
145,271,50,1
145,272,51,1
145,273,50,1
145,274,50,1
145,275,50,1
145,276,50,1
145,277,50,1
145,278,50,1
145,279,50,0
145,280,50,0
145,281,50,1
145,282,50,1
145,283,50,1
145,284,50,0
145,285,50,1
145,286,50,1
145,287,50,1
145,288,53,0
145,289,54,1
145,290,53,0
145,291,53,1
145,292,54,0
145,293,54,0
145,294,54,0
145,295,53,0
145,296,54,0
145,297,53,1
145,298,54,1
145,299,53,1
145,300,54,1
145,301,53,1
145,302,54,1
145,303,28,1
145,304,28,0
145,305,28,1
145,306,28,1
145,307,28,1
145,308,28,1
145,309,28,1
145,310,49,1
145,311,54,1
145,312,53,0
145,313,53,1
145,314,54,1
145,315,53,1
145,316,19,0
145,317,19,0
145,318,19,1
145,319,19,1
145,320,19,1
145,321,19,1
145,322,19,1
145,323,74,1
145,324,74,1
145,325,74,1
145,326,74,1
145,327,74,1
145,328,18,0
145,329,18,1
145,330,18,1
145,331,18,1
145,332,18,1
145,333,18,1
145,334,60,1
145,335,60,1
145,336,60,1
145,337,60,0
145,338,60,1
145,339,60,1
145,340,60,1
145,341,60,1
145,342,60,1
145,343,24,1
145,344,24,1
145,345,24,1
145,346,24,1
145,347,24,1
145,348,3,1
145,349,3,1
145,350,29,1
145,351,12,0
145,352,35,0
145,353,12,0
145,354,13,0
145,355,41,0
145,356,12,0
145,357,35,0
145,358,12,1
145,359,13,1
145,360,41,1
145,361,12,1
145,362,13,1
145,363,41,1
145,364,12,1
145,365,13,1
145,366,41,1
145,367,12,1
145,368,13,1
145,369,41,1
145,370,12,1
145,371,13,1
145,372,41,1
145,373,14,1
145,374,14,1
145,375,14,1
145,376,14,1
145,377,14,1
145,378,41,1
145,379,12,1
145,380,35,1
145,381,41,1
145,382,41,1
145,383,41,1
145,384,41,1
145,385,41,1
145,386,41,1
145,387,41,1
145,388,41,1
145,389,34,1
145,390,34,1
145,391,34,1
145,392,34,1
145,393,34,1
145,394,11,0
145,395,11,1
145,396,11,1
145,397,11,1
145,398,12,0
145,399,35,0
145,400,12,0
145,401,35,0
145,402,12,1
145,403,35,1
145,404,12,1
145,405,35,1
145,406,12,1
145,407,35,1
145,408,11,1
145,409,4,0
145,410,8,0
145,411,4,1
145,412,8,1
145,413,4,1
145,414,8,1
145,415,4,1
145,416,8,1
145,417,23,0
145,418,23,1
145,419,23,1
145,420,23,1
145,421,23,1
145,422,23,1
145,423,23,1
145,424,23,1
145,425,23,1
145,426,23,1
145,427,4,0
145,428,5,0
145,429,4,0
145,430,5,0
145,431,4,1
145,432,5,1
145,433,4,1
145,434,5,1
145,435,4,1
145,436,5,1
145,437,4,1
145,438,7,1
145,439,4,1
145,440,7,1
145,441,4,1
145,442,9,1
145,443,4,1
145,444,9,1
145,445,9,0
145,446,8,1
145,447,5,1
145,448,5,1
145,449,9,1
145,450,25,0
145,451,42,0
145,452,25,0
145,453,42,0
145,454,25,1
145,455,42,1
145,456,4,0
145,457,22,0
145,458,4,0
145,459,22,0
145,460,4,1
145,461,22,1
145,462,4,1
145,463,22,1
145,464,4,1
145,465,22,1
145,466,25,1
145,467,42,1
145,468,25,1
145,469,42,1
145,470,25,1
145,471,42,1
145,472,25,1
145,473,42,1
145,474,25,1
145,475,42,1
145,476,17,0
145,477,17,1
145,478,17,1
145,479,17,1
145,480,17,1
145,481,17,1
145,482,6,1
145,483,9,1
145,484,6,1
145,485,7,1
145,486,6,1
145,487,8,1
145,488,6,1
145,489,5,1
145,490,6,1
145,491,7,1
145,492,32,1
145,493,32,1
145,494,32,0
145,495,9,0
145,496,32,1
145,497,32,1
145,498,9,1
145,499,32,1
145,500,32,1
145,501,32,1
145,502,16,1
145,503,16,1
145,504,16,0
145,505,16,1
145,506,16,1
145,507,16,1
145,508,4,1
145,509,16,1
145,510,4,0
145,511,15,0
145,512,4,0
145,513,15,0
145,514,4,1
145,515,16,1
145,516,4,1
145,517,15,1
145,518,3,0
145,519,3,1
145,520,3,1
145,521,3,1
145,522,29,1
145,523,3,1
145,524,29,0
145,525,3,0
145,526,29,1
145,527,3,1
145,528,29,0
145,529,3,0
145,530,29,1
145,531,3,1
145,532,4,1
145,533,16,1
145,534,16,1
145,535,16,1
145,536,16,1
145,537,16,1
145,538,16,1
145,539,3,1
145,540,3,1
145,541,3,1
145,542,3,1
145,543,3,1
145,544,29,0
145,545,3,0
145,546,29,0
145,547,3,0
145,548,29,1
145,549,3,1
145,550,29,1
145,551,3,1
145,552,29,1
145,553,3,1
145,554,29,0
145,555,3,0
145,556,29,0
145,557,3,0
145,558,29,1
145,559,3,1
145,560,29,1
145,561,3,1
145,562,29,1
145,563,3,1
145,564,29,0
145,565,3,0
145,566,29,0
145,567,3,0
145,568,29,1
145,569,3,1
145,570,32,0
145,571,5,0
145,572,32,1
145,573,5,1
145,574,32,1
145,575,5,1
145,576,32,1
145,577,5,1
145,578,17,1
145,579,17,0
145,580,17,1
145,581,17,1
145,582,17,1
145,583,17,1
145,584,6,1
145,585,8,1
145,586,6,1
145,587,7,1
145,588,6,0
145,589,8,0
145,590,10,1
145,591,10,1
145,592,10,1
145,593,10,1
145,594,10,1
145,595,6,1
145,596,5,1
145,597,10,1
145,598,35,1
145,599,10,0
145,600,35,0
145,601,10,1
145,602,35,1
145,603,10,1
145,604,35,1
145,605,10,1
145,606,35,1
145,607,10,0
145,608,35,0
145,609,10,1
145,610,35,1
145,611,10,1
145,612,35,1
145,613,10,1
145,614,35,1
145,615,29,1
145,616,3,1
145,617,32,1
145,618,9,1
145,619,32,1
145,620,5,1
145,621,11,0
145,622,11,1
145,623,11,1
145,624,11,1
146,0,37,1
146,1,37,0
146,2,37,1
146,3,37,1
146,4,37,1
146,5,30,1
146,6,30,1
146,7,37,1
146,8,30,1
146,9,24,1
146,10,24,1
146,11,24,1
146,12,19,0
146,13,19,0
146,14,19,0
146,15,19,1
146,16,19,1
146,17,19,1
146,18,60,1
146,19,27,1
146,20,27,1
146,21,59,1
146,22,40,0
146,23,40,0
146,24,40,1
146,25,40,1
146,26,40,0
146,27,20,0
146,28,20,0
146,29,20,1
146,30,20,1
146,31,20,1
146,32,20,0
146,33,20,1
146,34,20,1
146,35,20,1
146,36,21,1
146,37,21,1
146,38,21,1
146,39,40,0
146,40,40,1
146,41,40,1
146,42,40,1
146,43,40,0
146,44,40,1
146,45,40,1
146,46,40,1
146,47,34,0
146,48,34,1
146,49,34,0
146,50,34,1
146,51,34,1
146,52,34,1
146,53,34,1
146,54,34,0
146,55,34,1
146,56,34,0
146,57,34,1
146,58,34,1
146,59,18,1
146,60,21,1
146,61,34,1
146,62,41,0
146,63,35,1
146,64,41,1
146,65,41,1
146,66,41,1
146,67,14,0
146,68,14,1
146,69,14,1
146,70,14,0
146,71,14,1
146,72,14,0
146,73,14,1
146,74,14,1
146,75,14,0
146,76,14,1
146,77,36,1
146,78,14,1
146,79,14,0
146,80,14,1
146,81,14,1
146,82,14,1
146,83,14,1
146,84,14,1
146,85,26,1
146,86,26,1
146,87,26,1
146,88,26,1
146,89,26,1
146,90,70,0
146,91,70,1
146,92,70,1
146,93,70,1
146,94,70,0
146,95,70,1
146,96,70,1
146,97,70,1
146,98,70,1
146,99,70,1
146,100,26,0
146,101,26,1
146,102,26,1
146,103,26,0
146,104,26,1
146,105,26,1
146,106,26,1
146,107,26,0
146,108,26,1
146,109,26,1
146,110,26,1
146,111,26,0
146,112,26,1
146,113,26,1
146,114,26,1
146,115,26,1
146,116,26,0
146,117,26,1
146,118,26,1
146,119,26,1
146,120,26,1
146,121,26,1
146,122,26,1
146,123,26,1
146,124,26,0
146,125,26,1
146,126,26,1
146,127,26,1
146,128,26,0
146,129,26,1
146,130,26,1
146,131,26,1
146,132,26,0
146,133,26,1
146,134,26,1
146,135,26,1
146,136,26,0
146,137,58,1
146,138,58,0
146,139,58,1
146,140,58,1
146,141,58,0
146,142,58,0
146,143,26,1
146,144,26,1
146,145,26,1
146,146,26,1
146,147,26,0
146,148,26,1
146,149,26,1
146,150,26,1
146,151,26,1
146,152,26,1
146,153,26,0
146,154,26,1
146,155,26,1
146,156,26,1
146,157,26,1
146,158,26,1
146,159,26,1
146,160,58,0
146,161,58,0
146,162,58,1
146,163,58,1
146,164,58,1
146,165,77,0
146,166,79,0
146,167,77,0
146,168,79,0
146,169,77,0
146,170,79,0
146,171,77,0
146,172,79,0
146,173,77,0
146,174,79,0
146,175,77,0
146,176,79,0
146,177,77,1
146,178,79,1
146,179,77,0
146,180,79,0
146,181,77,0
146,182,79,0
146,183,77,0
146,184,79,0
146,185,77,0
146,186,79,0
146,187,77,0
146,188,79,0
146,189,77,1
146,190,79,1
146,191,77,1
146,192,79,1
146,193,77,0
146,194,79,0
146,195,26,1
146,196,26,1
146,197,42,1
146,198,25,1
146,199,42,1
146,200,25,1
146,201,42,1
146,202,25,1
146,203,42,1
146,204,42,1
146,205,43,1
146,206,77,1
146,207,79,1
146,208,77,1
146,209,79,1
146,210,77,1
146,211,79,1
146,212,77,1
146,213,79,1
146,214,77,1
146,215,79,1
146,216,77,1
146,217,79,1
146,218,77,1
146,219,79,1
146,220,77,1
146,221,79,1
146,222,77,1
146,223,79,1
146,224,26,1
146,225,72,0
146,226,43,1
146,227,72,1
146,228,72,0
146,229,72,1
146,230,72,1
146,231,72,0
146,232,72,1
146,233,72,1
146,234,43,1
146,235,43,1
146,236,66,0
146,237,66,1
146,238,66,1
146,239,66,1
146,240,66,1
146,241,66,0
146,242,66,0
146,243,66,1
146,244,66,1
146,245,66,1
146,246,66,1
146,247,1,1
146,248,2,0
146,249,2,0
146,250,2,1
146,251,2,0
146,252,81,1
146,253,68,0
146,254,68,1
146,255,68,1
146,256,68,1
146,257,57,1
146,258,68,1
146,259,31,1
146,260,31,0
146,261,31,1
146,262,31,1
146,263,31,1
146,264,31,0
146,265,31,1
146,266,31,0
146,267,31,1
146,268,31,1
146,269,31,1
146,270,72,1
146,271,66,0
146,272,66,0
146,273,66,1
146,274,66,1
146,275,66,0
146,276,66,0
146,277,66,1
146,278,66,1
146,279,66,0
146,280,66,0
146,281,66,1
146,282,66,1
146,283,66,1
146,284,66,0
146,285,66,0
146,286,66,1
146,287,66,1
146,288,66,1
146,289,66,1
146,290,66,1
146,291,37,1
146,292,80,0
146,293,18,0
146,294,80,0
146,295,80,0
146,296,18,0
146,297,80,1
146,298,18,1
146,299,80,0
146,300,18,0
146,301,28,1
146,302,80,1
146,303,18,1
146,304,80,1
146,305,18,1
146,306,80,1
146,307,18,1
146,308,28,0
146,309,28,1
146,310,28,1
146,311,28,0
146,312,28,1
146,313,28,0
146,314,28,1
146,315,28,1
146,316,28,1
146,317,28,0
146,318,28,0
146,319,28,1
146,320,28,1
146,321,28,1
146,322,28,1
146,323,84,0
146,324,28,0
146,325,84,1
146,326,28,1
146,327,84,0
146,328,28,0
146,329,84,1
146,330,28,1
146,331,84,0
146,332,28,0
146,333,52,1
146,334,28,1
146,335,28,0
146,336,28,1
146,337,28,1
146,338,28,1
146,339,84,0
146,340,28,0
146,341,84,0
146,342,28,0
146,343,84,1
146,344,28,1
146,345,84,1
146,346,28,1
146,347,84,1
146,348,28,1
146,349,64,0
146,350,64,0
146,351,64,1
146,352,64,0
146,353,85,0
146,354,64,0
146,355,64,1
146,356,64,1
146,357,64,1
146,358,85,1
146,359,85,1
146,360,64,1
146,361,39,0
146,362,39,1
146,363,39,1
146,364,39,1
146,365,86,0
146,366,86,1
146,367,86,1
146,368,86,1
146,369,39,1
146,370,75,0
146,371,75,0
146,372,75,1
146,373,75,1
146,374,75,1
146,375,75,0
146,376,75,1
146,377,75,1
146,378,75,1
146,379,75,1
146,380,75,1
146,381,75,1
146,382,37,1
146,383,30,1
146,384,30,1
146,385,30,1
146,386,30,1
146,387,30,1
146,388,30,1
146,389,37,1
146,390,30,1
146,391,37,1
146,392,30,1
146,393,37,1
146,394,30,1
146,395,37,1
146,396,30,1
146,397,26,0
146,398,26,1
146,399,26,1
146,400,26,0
146,401,26,1
146,402,26,1
146,403,26,1
146,404,26,1
146,405,26,0
146,406,26,1
146,407,26,1
146,408,26,1
146,409,26,0
146,410,26,1
146,411,26,1
146,412,26,1
146,413,70,0
146,414,70,1
146,415,70,1
146,416,70,1
146,417,70,1
146,418,70,1
146,419,26,0
146,420,26,1
146,421,26,1
146,422,26,1
146,423,26,0
146,424,26,1
146,425,26,1
146,426,26,1
146,427,26,1
146,428,26,0
146,429,26,1
146,430,26,1
146,431,26,1
146,432,26,0
146,433,26,1
146,434,26,1
146,435,26,1
146,436,26,0
146,437,26,1
146,438,26,1
146,439,26,1
146,440,26,0
146,441,26,1
146,442,26,1
146,443,26,1
146,444,26,0
146,445,26,1
146,446,26,1
146,447,26,1
146,448,26,1
146,449,26,0
146,450,26,1
146,451,26,0
146,452,26,1
146,453,26,1
146,454,26,1
146,455,26,1
146,456,26,1
146,457,26,1
146,458,26,1
146,459,26,0
146,460,26,1
146,461,26,1
146,462,26,1
146,463,26,1
146,464,26,1
146,465,26,1
146,466,26,1
146,467,26,1
146,468,41,1
146,469,41,0
146,470,41,1
146,471,41,1
146,472,41,1
146,473,41,1
146,474,41,1
146,475,49,1
146,476,52,1
146,477,48,1
146,478,50,0
146,479,50,0
146,480,95,1
146,481,50,1
146,482,50,1
146,483,50,1
146,484,50,1
146,485,50,0
146,486,50,1
146,487,50,1
146,488,50,1
146,489,50,1
146,490,51,1
146,491,50,1
146,492,50,1
146,493,53,0
146,494,53,1
146,495,53,1
146,496,53,1
146,497,53,1
146,498,54,1
146,499,50,1
146,500,50,1
146,501,50,0
146,502,50,1
146,503,50,0
146,504,50,1
146,505,50,1
146,506,49,1
146,507,28,1
146,508,28,0
146,509,28,0
146,510,28,1
146,511,28,1
146,512,28,1
146,513,28,1
146,514,28,1
146,515,50,0
146,516,50,1
146,517,50,1
146,518,50,1
146,519,3,1
146,520,3,1
146,521,29,1
146,522,12,0
146,523,13,0
146,524,41,0
146,525,12,1
146,526,13,1
146,527,41,1
146,528,12,1
146,529,13,1
146,530,41,1
146,531,12,1
146,532,13,1
146,533,41,1
146,534,12,1
146,535,13,1
146,536,12,0
146,537,13,0
146,538,14,0
146,539,12,1
146,540,13,1
146,541,12,1
146,542,13,1
146,543,12,0
146,544,13,0
146,545,14,0
146,546,12,1
146,547,13,1
146,548,14,1
146,549,12,0
146,550,13,0
146,551,14,0
146,552,12,1
146,553,13,1
146,554,14,1
146,555,12,1
146,556,13,1
146,557,14,1
146,558,12,1
146,559,13,1
146,560,14,1
146,561,18,1
146,562,18,1
146,563,18,1
146,564,18,1
146,565,18,1
146,566,24,1
146,567,24,1
146,568,24,1
146,569,24,1
146,570,24,1
146,571,74,1
146,572,74,1
146,573,74,1
146,574,74,1
146,575,74,1
146,576,60,1
146,577,60,1
146,578,60,1
146,579,60,1
146,580,60,1
146,581,19,1
146,582,19,1
146,583,19,1
146,584,19,0
146,585,19,1
146,586,19,1
146,587,19,0
146,588,19,1
146,589,19,1
146,590,19,1
146,591,19,1
146,592,19,1
146,593,14,1
146,594,14,1
146,595,14,1
146,596,14,1
146,597,14,1
146,598,41,0
146,599,35,1
146,600,35,1
146,601,12,1
146,602,35,1
146,603,41,1
146,604,35,1
146,605,41,0
146,606,41,1
146,607,34,1
146,608,34,1
146,609,34,1
146,610,34,1
146,611,34,1
146,612,41,1
146,613,41,1
146,614,41,1
146,615,41,1
146,616,12,0
146,617,13,0
146,618,14,0
146,619,12,1
146,620,35,1
146,621,12,1
146,622,35,1
146,623,12,1
146,624,35,1
146,625,11,0
146,626,11,0
146,627,11,0
146,628,11,0
146,629,11,0
146,630,4,1
146,631,8,1
146,632,4,1
146,633,8,1
146,634,23,0
146,635,23,1
146,636,23,1
146,637,23,1
146,638,23,1
146,639,23,1
146,640,23,1
146,641,23,1
146,642,11,0
146,643,4,0
146,644,5,0
146,645,4,1
146,646,5,1
146,647,4,1
146,648,5,1
146,649,4,1
146,650,7,1
146,651,4,1
146,652,7,1
146,653,4,0
146,654,9,0
146,655,5,1
146,656,4,0
146,657,9,0
146,658,4,1
146,659,9,1
146,660,4,1
146,661,9,1
146,662,4,1
146,663,9,1
146,664,8,0
146,665,9,1
146,666,5,1
146,667,8,1
146,668,4,0
146,669,22,0
146,670,4,1
146,671,22,1
146,672,25,0
146,673,42,0
146,674,25,1
146,675,42,1
146,676,25,0
146,677,42,0
146,678,25,0
146,679,42,0
146,680,25,1
146,681,42,1
146,682,25,0
146,683,42,0
146,684,25,1
146,685,42,1
146,686,4,1
146,687,22,1
146,688,25,1
146,689,42,1
146,690,25,1
146,691,42,1
146,692,25,0
146,693,42,0
146,694,25,1
146,695,42,1
146,696,25,1
146,697,42,1
146,698,25,1
146,699,42,1
146,700,25,1
146,701,42,1
146,702,25,0
146,703,42,0
146,704,25,1
146,705,42,1
146,706,25,0
146,707,42,0
146,708,25,1
146,709,42,1
146,710,25,1
146,711,42,1
146,712,25,1
146,713,42,1
146,714,25,1
146,715,42,1
146,716,25,1
146,717,42,1
146,718,16,0
146,719,16,1
146,720,16,1
146,721,16,1
146,722,17,0
146,723,17,1
146,724,17,1
146,725,17,1
146,726,17,1
146,727,17,1
146,728,6,1
146,729,9,1
146,730,6,1
146,731,7,1
146,732,6,1
146,733,9,1
146,734,6,1
146,735,9,1
146,736,6,1
146,737,5,1
146,738,32,1
146,739,9,1
146,740,32,1
146,741,9,1
146,742,32,1
146,743,9,1
146,744,32,1
146,745,5,1
146,746,32,1
146,747,5,1
146,748,16,0
146,749,16,1
146,750,16,1
146,751,16,1
146,752,16,0
146,753,16,1
146,754,3,1
146,755,29,0
146,756,3,0
146,757,4,1
146,758,16,1
146,759,4,1
146,760,15,1
146,761,29,0
146,762,3,0
146,763,29,1
146,764,3,1
146,765,29,1
146,766,3,1
146,767,29,0
146,768,3,0
146,769,29,1
146,770,3,1
146,771,17,1
146,772,17,1
146,773,32,1
146,774,5,1
146,775,32,0
146,776,9,0
146,777,32,1
146,778,5,1
146,779,32,1
146,780,5,1
146,781,32,1
146,782,9,1
146,783,29,0
146,784,3,0
146,785,29,0
146,786,3,0
146,787,6,0
146,788,8,0
146,789,6,1
146,790,7,1
146,791,6,1
146,792,9,1
146,793,6,1
146,794,8,1
146,795,6,1
146,796,5,1
146,797,10,1
146,798,29,0
146,799,3,0
146,800,10,0
146,801,10,1
146,802,10,1
146,803,10,1
146,804,10,0
146,805,10,1
146,806,10,1
146,807,10,1
146,808,10,0
146,809,35,0
146,810,10,1
146,811,35,1
146,812,10,0
146,813,35,0
146,814,10,1
146,815,35,1
146,816,10,1
146,817,35,1
146,818,10,1
146,819,35,1
146,820,10,1
146,821,35,1
146,822,3,1
146,823,11,0
146,824,11,0
146,825,11,0
146,826,11,0
146,827,11,0
146,828,11,0
146,829,11,0
146,830,11,0
146,831,11,1
146,832,11,1
146,833,11,1
146,834,3,1
146,835,3,0
146,836,3,1
146,837,3,0
146,838,3,0
146,839,3,0
146,840,3,0
146,841,3,0
146,842,3,0
146,843,3,0
146,844,3,0
146,845,32,1
146,846,5,1
146,847,32,1
146,848,5,1
146,849,11,0
146,850,11,1
146,851,11,1
146,852,11,1
147,0,23,1
147,1,23,0
147,2,23,1
147,3,40,1
147,4,40,1
147,5,27,1
147,6,40,1
147,7,23,1
147,8,22,1
147,9,23,1
147,10,23,1
147,11,25,0
147,12,23,0
147,13,25,1
147,14,23,1
147,15,23,1
147,16,25,1
147,17,23,1
147,18,18,1
147,19,20,1
147,20,21,1
147,21,18,0
147,22,21,1
147,23,21,1
147,24,21,0
147,25,40,0
147,26,40,1
147,27,40,1
147,28,40,0
147,29,21,1
147,30,21,1
147,31,20,1
147,32,21,1
147,33,21,1
147,34,23,1
147,35,22,1
147,36,23,1
147,37,40,1
147,38,40,1
147,39,40,0
147,40,40,1
147,41,60,1
147,42,24,1
147,43,60,1
147,44,19,0
147,45,24,1
147,46,46,1
147,47,41,1
147,48,34,1
147,49,34,1
147,50,34,1
147,51,34,1
147,52,26,0
147,53,26,0
147,54,26,1
147,55,26,0
147,56,26,1
147,57,26,1
147,58,26,0
147,59,26,0
147,60,26,1
147,61,26,1
147,62,26,0
147,63,26,0
147,64,26,0
147,65,41,0
147,66,26,0
147,67,26,0
147,68,26,0
147,69,26,0
147,70,26,1
147,71,26,1
147,72,70,0
147,73,70,1
147,74,26,1
147,75,26,0
147,76,26,0
147,77,26,1
147,78,26,1
147,79,26,0
147,80,26,1
147,81,26,1
147,82,26,1
147,83,26,0
147,84,26,0
147,85,26,1
147,86,26,0
147,87,26,1
147,88,26,1
147,89,26,0
147,90,26,1
147,91,26,1
147,92,26,1
147,93,26,1
147,94,26,1
147,95,37,1
147,96,30,1
147,97,37,1
147,98,30,1
147,99,37,1
147,100,30,1
147,101,37,1
147,102,30,1
147,103,37,1
147,104,30,1
147,105,30,1
147,106,30,1
147,107,30,1
147,108,30,1
147,109,30,1
147,110,70,1
147,111,70,1
147,112,70,0
147,113,70,0
147,114,70,1
147,115,26,1
147,116,26,1
147,117,26,1
147,118,26,1
147,119,77,1
147,120,79,1
147,121,77,0
147,122,79,0
147,123,77,1
147,124,79,1
147,125,77,0
147,126,79,0
147,127,77,1
147,128,79,1
148,0,37,1
148,1,37,1
148,2,30,1
148,3,30,1
148,4,37,1
148,5,30,1
148,6,37,1
148,7,24,1
148,8,24,1
148,9,24,1
148,10,19,1
148,11,60,1
148,12,20,1
148,13,20,1
148,14,21,1
148,15,21,1
148,16,19,1
148,17,21,1
148,18,27,1
148,19,40,1
148,20,59,1
148,21,40,1
148,22,40,0
148,23,40,1
148,24,40,1
148,25,40,1
148,26,34,1
148,27,34,1
148,28,34,1
148,29,18,0
148,30,18,1
148,31,18,1
148,32,18,1
148,33,21,1
148,34,41,1
148,35,35,1
148,36,14,1
148,37,14,1
148,38,36,0
148,39,36,0
148,40,36,0
148,41,36,1
148,42,36,1
148,43,36,1
148,44,26,1
148,45,26,1
148,46,26,1
148,47,26,1
148,48,26,1
148,49,70,1
148,50,70,1
148,51,70,1
148,52,70,1
148,53,70,1
148,54,70,0
148,55,70,1
148,56,70,1
148,57,70,1
148,58,70,1
148,59,26,1
148,60,26,1
148,61,26,1
148,62,70,1
148,63,70,1
148,64,70,1
148,65,58,1
148,66,58,1
148,67,26,1
148,68,77,1
148,69,79,1
148,70,77,1
148,71,79,1
148,72,77,1
148,73,79,1
148,74,42,1
148,75,25,1
148,76,42,1
148,77,25,1
148,78,42,1
148,79,25,0
148,80,42,0
148,81,25,1
148,82,42,1
148,83,25,1
148,84,42,1
148,85,25,1
148,86,42,1
148,87,25,1
148,88,42,1
148,89,25,0
148,90,42,0
148,91,25,1
148,92,42,1
148,93,25,1
148,94,42,1
148,95,25,1
148,96,42,1
148,97,25,0
148,98,42,0
148,99,25,1
148,100,42,1
148,101,25,0
148,102,42,0
148,103,25,0
148,104,42,0
148,105,42,0
148,106,43,0
148,107,42,1
148,108,43,1
148,109,42,1
148,110,43,1
148,111,42,1
148,112,43,1
148,113,42,1
148,114,43,1
148,115,42,1
148,116,43,1
148,117,25,1
148,118,42,1
148,119,25,0
148,120,42,0
148,121,25,1
148,122,42,1
148,123,26,1
148,124,25,1
148,125,42,1
148,126,25,1
148,127,42,1
148,128,72,1
148,129,43,1
148,130,43,1
148,131,43,1
148,132,66,0
148,133,66,0
148,134,66,1
148,135,66,1
148,136,66,1
148,137,66,1
148,138,1,1
148,139,2,1
148,140,1,1
148,141,68,1
148,142,68,1
148,143,57,1
148,144,31,1
148,145,31,1
148,146,31,1
148,147,80,1
148,148,18,1
148,149,28,1
148,150,28,1
148,151,28,1
148,152,28,1
148,153,28,1
148,154,84,1
148,155,28,1
148,156,64,0
148,157,64,0
148,158,64,0
148,159,64,1
148,160,64,1
148,161,85,0
148,162,85,0
148,163,64,0
148,164,64,1
148,165,85,1
148,166,64,1
148,167,64,1
148,168,39,1
148,169,86,0
148,170,86,1
148,171,86,1
148,172,86,1
148,173,39,1
148,174,75,1
148,175,30,1
148,176,30,1
148,177,30,1
148,178,30,1
148,179,30,1
148,180,37,1
148,181,30,1
148,182,37,1
148,183,30,1
148,184,37,1
148,185,30,1
148,186,37,1
148,187,30,1
148,188,37,1
148,189,30,1
148,190,26,1
148,191,26,1
148,192,26,1
148,193,26,1
148,194,26,1
148,195,70,1
148,196,70,1
148,197,70,1
148,198,70,1
148,199,26,1
148,200,26,1
148,201,26,1
148,202,26,1
148,203,26,1
148,204,41,1
148,205,41,1
148,206,41,1
148,207,41,1
148,208,41,1
148,209,71,1
148,210,52,1
148,211,48,1
148,212,50,1
148,213,50,1
148,214,51,1
148,215,50,1
148,216,50,1
148,217,51,1
148,218,50,1
148,219,50,1
148,220,50,1
148,221,50,1
148,222,50,1
148,223,50,1
148,224,50,1
148,225,50,1
148,226,28,1
148,227,28,0
148,228,28,1
148,229,53,1
148,230,50,1
148,231,50,1
148,232,53,1
148,233,54,1
148,234,49,1
148,235,28,1
148,236,28,1
148,237,28,1
148,238,28,1
148,239,18,1
148,240,18,0
148,241,18,1
148,242,18,1
148,243,18,1
148,244,18,1
148,245,18,1
148,246,24,1
148,247,24,1
148,248,24,0
148,249,24,1
148,250,24,1
148,251,24,1
148,252,24,1
148,253,24,1
148,254,74,1
148,255,19,1
148,256,19,1
148,257,19,1
148,258,19,1
148,259,19,1
148,260,60,0
148,261,60,1
148,262,60,1
148,263,60,1
148,264,60,1
148,265,60,1
148,266,74,0
148,267,74,0
148,268,74,1
148,269,74,1
148,270,74,1
148,271,74,1
148,272,74,1
148,273,3,1
148,274,3,1
148,275,29,1
148,276,12,1
148,277,35,1
148,278,12,1
148,279,13,1
148,280,12,1
148,281,13,1
148,282,14,1
148,283,14,0
148,284,14,1
148,285,14,1
148,286,14,1
148,287,14,1
148,288,14,1
148,289,41,1
148,290,12,1
148,291,35,1
148,292,41,1
148,293,41,0
148,294,41,1
148,295,41,1
148,296,35,1
148,297,12,1
148,298,35,1
148,299,12,1
148,300,35,1
148,301,41,1
148,302,41,1
148,303,41,1
148,304,41,1
148,305,41,1
148,306,34,1
148,307,34,1
148,308,34,1
148,309,34,1
148,310,34,1
148,311,12,1
148,312,35,1
148,313,12,1
148,314,13,1
148,315,14,1
148,316,11,1
148,317,11,1
148,318,23,1
148,319,23,1
148,320,23,1
148,321,23,1
148,322,23,1
148,323,23,1
148,324,23,1
148,325,11,1
148,326,4,1
148,327,8,1
148,328,4,1
148,329,8,1
148,330,4,1
148,331,5,1
148,332,4,0
148,333,5,0
148,334,4,1
148,335,5,1
148,336,4,1
148,337,5,1
148,338,4,1
148,339,5,1
148,340,4,0
148,341,7,0
148,342,4,1
148,343,7,1
148,344,4,1
148,345,7,1
148,346,4,1
148,347,7,1
148,348,32,0
148,349,9,0
148,350,32,0
148,351,5,0
148,352,32,1
148,353,9,1
148,354,32,1
148,355,9,1
148,356,32,1
148,357,5,1
148,358,32,1
148,359,5,1
148,360,32,1
148,361,5,1
148,362,17,0
148,363,17,1
148,364,17,1
148,365,17,1
148,366,17,1
148,367,17,1
148,368,6,0
148,369,8,0
148,370,6,1
148,371,5,1
148,372,6,1
148,373,9,1
148,374,6,1
148,375,7,1
148,376,6,1
148,377,8,1
148,378,6,1
148,379,9,1
148,380,4,1
148,381,9,1
148,382,4,1
148,383,9,1
148,384,5,1
148,385,9,1
148,386,4,0
148,387,22,0
148,388,25,1
148,389,42,1
148,390,25,1
148,391,42,1
148,392,4,1
148,393,22,1
148,394,25,1
148,395,42,1
148,396,25,1
148,397,42,1
148,398,25,1
148,399,42,1
148,400,25,1
148,401,42,1
148,402,25,1
148,403,42,1
148,404,16,1
148,405,16,1
148,406,16,1
148,407,4,1
148,408,16,1
148,409,16,1
148,410,3,1
148,411,16,1
148,412,16,1
148,413,4,1
148,414,16,1
148,415,4,1
148,416,15,1
148,417,3,1
148,418,29,1
148,419,3,1
148,420,29,0
148,421,3,0
148,422,29,1
148,423,3,1
148,424,29,1
148,425,3,1
148,426,29,1
148,427,3,1
148,428,29,0
148,429,3,0
148,430,29,0
148,431,3,0
148,432,29,1
148,433,3,1
148,434,29,1
148,435,3,1
148,436,29,1
148,437,3,1
148,438,32,1
148,439,5,1
148,440,32,0
148,441,9,0
148,442,32,1
148,443,9,1
148,444,32,1
148,445,5,1
148,446,32,1
148,447,9,1
148,448,29,1
148,449,3,1
148,450,29,1
148,451,3,1
148,452,17,1
148,453,17,1
148,454,17,1
148,455,6,1
148,456,7,1
148,457,6,1
148,458,7,1
148,459,6,1
148,460,9,1
148,461,10,1
148,462,10,1
148,463,10,1
148,464,10,0
148,465,10,1
148,466,10,1
148,467,10,1
148,468,10,1
148,469,35,1
148,470,10,1
148,471,35,1
148,472,10,1
148,473,35,1
148,474,10,1
148,475,35,1
148,476,32,1
148,477,9,1
148,478,32,1
148,479,9,1
148,480,11,1
148,481,11,1
149,0,37,1
149,1,37,0
149,2,37,1
149,3,37,1
149,4,37,1
149,5,30,1
149,6,30,1
149,7,37,1
149,8,30,1
149,9,37,1
149,10,24,1
149,11,24,1
149,12,24,1
149,13,19,0
149,14,19,0
149,15,19,1
149,16,19,1
149,17,19,1
149,18,60,1
149,19,20,1
149,20,20,1
149,21,21,1
149,22,21,1
149,23,21,1
149,24,27,1
149,25,27,1
149,26,59,1
149,27,40,0
149,28,40,1
149,29,40,1
149,30,40,1
149,31,40,1
149,32,40,1
149,33,40,1
149,34,40,1
149,35,34,1
149,36,34,1
149,37,34,0
149,38,34,1
149,39,34,1
149,40,34,1
149,41,18,0
149,42,18,1
149,43,18,0
149,44,18,1
149,45,18,1
149,46,21,1
149,47,18,1
149,48,19,1
149,49,41,1
149,50,35,0
149,51,35,1
149,52,35,1
149,53,35,1
149,54,14,1
149,55,14,1
149,56,36,0
149,57,36,1
149,58,36,1
149,59,36,1
149,60,26,1
149,61,26,1
149,62,26,1
149,63,26,1
149,64,26,0
149,65,26,1
149,66,26,1
149,67,26,1
149,68,26,1
149,69,26,1
149,70,26,1
149,71,70,0
149,72,70,1
149,73,70,1
149,74,70,1
149,75,70,0
149,76,70,1
149,77,70,1
149,78,70,1
149,79,70,1
149,80,70,0
149,81,70,1
149,82,70,0
149,83,70,1
149,84,70,1
149,85,70,1
149,86,70,1
149,87,70,1
149,88,70,1
149,89,26,0
149,90,26,1
149,91,26,1
149,92,26,1
149,93,26,1
149,94,26,1
149,95,26,0
149,96,26,1
149,97,26,1
149,98,26,1
149,99,26,1
149,100,26,1
149,101,26,1
149,102,26,1
149,103,26,1
149,104,58,1
149,105,58,0
149,106,58,1
149,107,58,1
149,108,58,1
149,109,26,1
149,110,77,0
149,111,79,0
149,112,77,1
149,113,79,1
149,114,77,0
149,115,79,0
149,116,77,0
149,117,79,0
149,118,77,0
149,119,79,0
149,120,77,1
149,121,79,1
149,122,77,0
149,123,79,0
149,124,77,0
149,125,79,0
149,126,77,1
149,127,79,1
149,128,77,1
149,129,79,1
149,130,77,0
149,131,79,0
149,132,42,1
149,133,25,0
149,134,42,0
149,135,25,1
149,136,42,1
149,137,25,0
149,138,42,0
149,139,25,1
149,140,42,1
149,141,25,0
149,142,42,0
149,143,25,1
149,144,42,1
149,145,25,1
149,146,42,1
149,147,25,0
149,148,42,0
149,149,25,1
149,150,42,1
149,151,25,0
149,152,42,0
149,153,25,1
149,154,42,1
149,155,25,1
149,156,42,1
149,157,25,1
149,158,42,1
149,159,42,1
149,160,43,1
149,161,77,1
149,162,79,1
149,163,77,0
149,164,79,0
149,165,77,0
149,166,79,0
149,167,77,0
149,168,79,0
149,169,77,1
149,170,79,1
149,171,77,1
149,172,79,1
149,173,77,1
149,174,79,1
149,175,77,0
149,176,79,0
149,177,77,1
149,178,79,1
149,179,77,0
149,180,79,0
149,181,77,0
149,182,79,0
149,183,77,1
149,184,79,1
149,185,77,0
149,186,79,0
149,187,77,0
149,188,79,0
149,189,77,1
149,190,79,1
149,191,77,1
149,192,79,1
149,193,77,1
149,194,79,1
149,195,26,1
149,196,72,1
149,197,43,1
149,198,43,1
149,199,43,1
149,200,66,1
149,201,1,0
149,202,1,1
149,203,1,1
149,204,1,1
149,205,1,1
149,206,1,1
149,207,1,1
149,208,1,1
149,209,1,1
149,210,1,1
149,211,1,1
149,212,2,1
149,213,81,1
149,214,68,1
149,215,68,1
149,216,57,1
149,217,31,1
149,218,31,0
149,219,31,1
149,220,31,1
149,221,31,1
149,222,31,1
149,223,80,1
149,224,18,1
149,225,28,1
149,226,28,1
149,227,28,1
149,228,28,0
149,229,28,1
149,230,28,1
149,231,28,1
149,232,28,1
149,233,84,0
149,234,28,0
149,235,84,1
149,236,28,1
149,237,84,0
149,238,28,0
149,239,84,1
149,240,28,1
149,241,84,1
149,242,28,1
149,243,84,0
149,244,28,0
149,245,84,1
149,246,28,1
149,247,84,1
149,248,28,1
149,249,84,1
149,250,28,1
149,251,64,0
149,252,64,1
149,253,64,1
149,254,64,1
149,255,85,0
149,256,64,1
149,257,85,1
149,258,85,1
149,259,39,1
149,260,86,0
149,261,86,1
149,262,86,1
149,263,86,1
149,264,86,1
149,265,75,1
149,266,30,1
149,267,30,1
149,268,30,1
149,269,30,1
149,270,30,1
149,271,37,1
149,272,30,1
149,273,37,1
149,274,30,1
149,275,37,1
149,276,30,1
149,277,37,1
149,278,30,1
149,279,37,1
149,280,30,1
149,281,26,1
149,282,26,1
149,283,26,1
149,284,26,1
149,285,26,1
149,286,70,1
149,287,70,1
149,288,70,0
149,289,70,1
149,290,70,1
149,291,70,1
149,292,70,1
149,293,70,1
149,294,70,1
149,295,70,1
149,296,70,1
149,297,26,1
149,298,26,0
149,299,26,1
149,300,26,0
149,301,26,1
149,302,26,1
149,303,26,1
149,304,26,1
149,305,26,1
149,306,26,1
149,307,41,1
149,308,41,1
149,309,41,1
149,310,41,1
149,311,41,1
149,312,49,0
149,313,49,1
149,314,71,1
149,315,52,1
149,316,52,1
149,317,48,1
149,318,50,1
149,319,50,0
149,320,95,0
149,321,50,1
149,322,50,1
149,323,50,1
149,324,51,1
149,325,50,1
149,326,50,0
149,327,50,1
149,328,50,1
149,329,50,1
149,330,50,1
149,331,50,0
149,332,50,1
149,333,50,1
149,334,50,1
149,335,50,1
149,336,50,1
149,337,50,0
149,338,50,1
149,339,50,0
149,340,50,0
149,341,50,1
149,342,50,1
149,343,50,0
149,344,50,1
149,345,50,1
149,346,50,1
149,347,50,1
149,348,50,0
149,349,50,0
149,350,50,1
149,351,50,1
149,352,50,1
149,353,50,1
149,354,50,1
149,355,53,0
149,356,53,1
149,357,53,1
149,358,53,1
149,359,53,1
149,360,54,1
149,361,49,1
149,362,28,1
149,363,28,0
149,364,28,1
149,365,28,1
149,366,28,1
149,367,28,1
149,368,28,1
149,369,19,1
149,370,19,1
149,371,19,1
149,372,19,1
149,373,19,1
149,374,60,1
149,375,60,1
149,376,60,1
149,377,60,1
149,378,60,1
149,379,74,0
149,380,3,1
149,381,3,1
149,382,29,1
149,383,12,0
149,384,35,0
149,385,12,0
149,386,13,0
149,387,41,0
149,388,12,1
149,389,13,1
149,390,41,1
149,391,12,1
149,392,35,1
149,393,12,0
149,394,13,0
149,395,41,0
149,396,12,1
149,397,35,1
149,398,12,1
149,399,35,1
149,400,24,1
149,401,24,1
149,402,24,1
149,403,24,1
149,404,24,1
149,405,12,1
149,406,13,1
149,407,41,1
149,408,12,0
149,409,13,0
149,410,12,1
149,411,13,1
149,412,41,1
149,413,12,1
149,414,13,1
149,415,12,1
149,416,13,1
149,417,18,1
149,418,74,1
149,419,74,1
149,420,74,0
149,421,74,0
149,422,74,1
149,423,74,1
149,424,74,1
149,425,74,1
149,426,74,1
149,427,18,1
149,428,18,1
149,429,18,0
149,430,18,1
149,431,18,1
149,432,18,1
149,433,18,1
149,434,18,1
149,435,12,1
149,436,35,1
149,437,12,1
149,438,35,1
149,439,11,1
149,440,11,1
149,441,14,1
149,442,14,1
149,443,14,1
149,444,14,1
149,445,14,1
149,446,12,1
149,447,35,1
149,448,12,1
149,449,35,1
149,450,41,0
149,451,35,0
149,452,41,1
149,453,41,1
149,454,35,1
149,455,41,1
149,456,35,1
149,457,41,1
149,458,41,1
149,459,41,1
149,460,41,1
149,461,41,1
149,462,34,0
149,463,34,1
149,464,34,1
149,465,34,1
149,466,34,1
149,467,34,1
149,468,11,1
149,469,4,1
149,470,8,1
149,471,4,1
149,472,8,1
149,473,4,1
149,474,5,1
149,475,4,1
149,476,5,1
149,477,4,1
149,478,7,1
149,479,4,1
149,480,7,1
149,481,23,1
149,482,23,1
149,483,23,1
149,484,23,1
149,485,23,1
149,486,23,1
149,487,23,1
149,488,23,1
149,489,4,1
149,490,9,1
149,491,4,1
149,492,9,1
149,493,5,1
149,494,5,1
149,495,4,0
149,496,22,0
149,497,25,0
149,498,42,0
149,499,25,1
149,500,42,1
149,501,25,1
149,502,42,1
149,503,4,1
149,504,22,1
149,505,4,1
149,506,22,1
149,507,4,1
149,508,22,1
149,509,25,0
149,510,42,0
149,511,25,1
149,512,42,1
149,513,25,1
149,514,42,1
149,515,25,0
149,516,42,0
149,517,25,1
149,518,42,1
149,519,25,1
149,520,42,1
149,521,25,0
149,522,42,0
149,523,25,1
149,524,42,1
149,525,25,1
149,526,42,1
149,527,25,1
149,528,42,1
149,529,25,0
149,530,42,0
149,531,25,0
149,532,42,0
149,533,25,1
149,534,42,1
149,535,25,1
149,536,42,1
149,537,25,1
149,538,42,1
149,539,25,1
149,540,42,1
149,541,25,1
149,542,42,1
149,543,25,1
149,544,42,1
149,545,17,1
149,546,17,1
149,547,17,1
149,548,17,1
149,549,17,1
149,550,16,1
149,551,16,1
149,552,6,1
149,553,5,1
149,554,6,0
149,555,5,0
149,556,6,1
149,557,8,1
149,558,6,1
149,559,9,1
149,560,6,0
149,561,8,0
149,562,6,1
149,563,7,1
149,564,6,1
149,565,7,1
149,566,32,1
149,567,32,1
149,568,9,1
149,569,32,1
149,570,32,1
149,571,32,1
149,572,16,1
149,573,16,1
149,574,16,1
149,575,16,1
149,576,16,1
149,577,16,1
149,578,16,1
149,579,4,1
149,580,15,1
149,581,4,1
149,582,15,1
149,583,3,0
149,584,3,1
149,585,3,1
149,586,3,0
149,587,3,1
149,588,3,1
149,589,3,1
149,590,3,0
149,591,3,1
149,592,3,1
149,593,29,0
149,594,3,0
149,595,29,0
149,596,3,0
149,597,29,0
149,598,3,0
149,599,29,1
149,600,3,1
149,601,29,1
149,602,3,1
149,603,29,1
149,604,3,1
149,605,29,0
149,606,3,0
149,607,29,0
149,608,3,0
149,609,29,0
149,610,3,0
149,611,29,0
149,612,3,0
149,613,29,1
149,614,3,1
149,615,29,0
149,616,3,0
149,617,29,1
149,618,3,1
149,619,29,1
149,620,3,1
149,621,29,1
149,622,3,1
149,623,29,0
149,624,3,0
149,625,29,0
149,626,3,0
149,627,29,1
149,628,3,1
149,629,29,0
149,630,3,0
149,631,29,0
149,632,3,0
149,633,32,1
149,634,5,1
149,635,32,1
149,636,9,1
149,637,17,1
149,638,17,1
149,639,29,0
149,640,3,0
149,641,29,0
149,642,3,0
149,643,29,0
149,644,3,0
149,645,6,1
149,646,7,1
149,647,6,0
149,648,8,0
149,649,6,1
149,650,7,1
149,651,6,1
149,652,8,1
149,653,6,0
149,654,8,0
149,655,6,1
149,656,8,1
149,657,29,1
149,658,3,1
149,659,16,1
149,660,6,1
149,661,9,1
149,662,6,0
149,663,8,0
149,664,6,1
149,665,7,1
149,666,6,1
149,667,9,1
149,668,6,1
149,669,9,1
149,670,10,1
149,671,10,0
149,672,10,1
149,673,10,1
149,674,10,1
149,675,10,0
149,676,10,1
149,677,10,1
149,678,10,1
149,679,10,1
149,680,35,1
149,681,10,0
149,682,35,0
149,683,10,1
149,684,35,1
149,685,10,1
149,686,35,1
149,687,10,1
149,688,35,1
149,689,10,1
149,690,35,1
149,691,10,1
149,692,35,1
149,693,32,1
149,694,9,1
149,695,32,1
149,696,5,1
149,697,11,1
149,698,11,1
150,0,37,1
150,1,37,1
150,2,30,1
150,3,30,1
150,4,37,1
150,5,30,1
150,6,37,1
150,7,24,1
150,8,24,1
150,9,24,0
150,10,24,1
150,11,24,1
150,12,24,1
150,13,19,0
150,14,19,1
150,15,19,1
150,16,19,1
150,17,19,1
150,18,60,1
150,19,20,1
150,20,20,1
150,21,42,0
150,22,21,1
150,23,21,1
150,24,21,1
150,25,21,1
150,26,21,1
150,27,27,0
150,28,40,1
150,29,59,1
150,30,27,0
150,31,40,1
150,32,40,1
150,33,34,1
150,34,34,1
150,35,34,1
150,36,18,1
150,37,21,1
150,38,27,0
150,39,27,1
150,40,27,1
150,41,41,1
150,42,35,1
150,43,14,1
150,44,14,1
150,45,14,1
150,46,14,1
150,47,36,1
150,48,26,0
150,49,26,1
150,50,26,1
150,51,26,1
150,52,26,1
150,53,26,1
150,54,26,1
150,55,26,1
150,56,70,0
150,57,70,1
150,58,70,1
150,59,70,1
150,60,70,1
150,61,70,1
150,62,70,1
150,63,70,1
150,64,26,0
150,65,26,0
150,66,26,1
150,67,26,1
150,68,26,1
150,69,26,0
150,70,26,0
150,71,26,1
150,72,26,1
150,73,26,0
150,74,26,0
150,75,26,1
150,76,26,1
150,77,26,0
150,78,26,1
150,79,26,1
150,80,26,1
150,81,26,1
150,82,26,0
150,83,26,1
150,84,26,1
150,85,26,1
150,86,26,0
150,87,26,1
150,88,26,0
150,89,26,1
150,90,26,1
150,91,26,1
150,92,58,1
150,93,58,1
150,94,26,0
150,95,26,1
150,96,26,0
150,97,26,1
150,98,26,1
150,99,26,1
150,100,26,1
150,101,26,1
150,102,26,1
150,103,26,1
150,104,26,1
150,105,26,1
150,106,77,0
150,107,79,0
150,108,77,0
150,109,79,0
150,110,77,0
150,111,79,0
150,112,77,0
150,113,79,0
150,114,77,1
150,115,79,1
150,116,77,1
150,117,79,1
150,118,77,1
150,119,79,1
150,120,77,1
150,121,79,1
150,122,77,1
150,123,79,1
150,124,42,1
150,125,25,1
150,126,42,1
150,127,25,0
150,128,42,0
150,129,25,0
150,130,42,0
150,131,25,1
150,132,42,1
150,133,25,1
150,134,42,1
150,135,25,0
150,136,42,0
150,137,25,1
150,138,42,1
150,139,25,1
150,140,42,1
150,141,25,1
150,142,42,1
150,143,25,1
150,144,42,1
150,145,42,1
150,146,43,1
150,147,26,1
150,148,72,1
150,149,43,1
150,150,43,1
150,151,43,1
150,152,66,1
150,153,1,0
150,154,1,1
150,155,1,1
150,156,1,1
150,157,1,0
150,158,1,1
150,159,1,1
150,160,1,1
150,161,1,1
150,162,1,1
150,163,1,1
150,164,2,1
150,165,82,1
150,166,68,1
150,167,68,1
150,168,57,1
150,169,31,1
150,170,31,1
150,171,31,1
150,172,80,1
150,173,18,1
150,174,28,1
150,175,28,1
150,176,28,0
150,177,28,1
150,178,28,1
150,179,28,1
150,180,28,0
150,181,28,1
150,182,28,1
150,183,28,1
150,184,28,1
150,185,84,0
150,186,28,0
150,187,84,0
150,188,28,0
150,189,84,1
150,190,28,1
150,191,84,1
150,192,28,1
150,193,84,1
150,194,28,1
150,195,64,0
150,196,64,1
150,197,64,1
150,198,64,1
150,199,85,0
150,200,64,1
150,201,64,1
150,202,64,1
150,203,86,0
150,204,86,1
150,205,75,1
150,206,39,1
150,207,86,1
150,208,86,1
150,209,30,1
150,210,30,1
150,211,30,1
150,212,30,1
150,213,30,1
150,214,37,1
150,215,30,1
150,216,37,1
150,217,30,1
150,218,26,1
150,219,37,1
150,220,30,1
150,221,37,1
150,222,30,1
150,223,37,1
150,224,30,1
150,225,26,0
150,226,26,1
150,227,26,1
150,228,26,1
150,229,26,1
150,230,26,1
150,231,70,1
150,232,70,1
150,233,70,1
150,234,70,1
150,235,70,1
150,236,26,1
150,237,26,1
150,238,26,1
150,239,26,1
150,240,39,1
150,241,41,1
150,242,41,0
150,243,41,1
150,244,41,1
150,245,41,1
150,246,41,1
150,247,41,1
150,248,49,1
150,249,52,0
150,250,52,1
150,251,52,1
150,252,52,1
150,253,48,1
150,254,50,1
150,255,50,1
150,256,50,0
150,257,50,1
150,258,50,0
150,259,50,0
150,260,50,1
150,261,50,1
150,262,51,1
150,263,50,1
150,264,50,0
150,265,50,1
150,266,50,1
150,267,50,0
150,268,50,1
150,269,50,1
150,270,50,0
150,271,50,1
150,272,50,1
150,273,50,1
150,274,50,1
150,275,50,1
150,276,50,0
150,277,50,1
150,278,50,1
150,279,50,1
150,280,50,0
150,281,50,1
150,282,50,1
150,283,50,1
150,284,53,1
150,285,53,0
150,286,54,0
150,287,53,1
150,288,54,1
150,289,53,1
150,290,54,1
150,291,53,1
150,292,54,1
150,293,49,1
150,294,28,1
150,295,28,1
150,296,28,1
150,297,28,1
150,298,28,0
150,299,28,1
150,300,28,0
150,301,28,1
150,302,28,1
150,303,28,1
150,304,50,0
150,305,50,0
150,306,50,1
150,307,50,1
150,308,50,1
150,309,50,1
150,310,28,1
150,311,28,1
150,312,50,0
150,313,50,1
150,314,50,0
150,315,50,0
150,316,50,1
150,317,50,1
150,318,50,1
150,319,3,1
150,320,3,1
150,321,29,1
150,322,12,1
150,323,35,1
150,324,12,1
150,325,13,1
150,326,14,1
150,327,12,1
150,328,13,1
150,329,14,1
150,330,19,1
150,331,19,1
150,332,19,1
150,333,19,1
150,334,19,1
150,335,60,1
150,336,60,1
150,337,60,1
150,338,60,1
150,339,60,1
150,340,74,1
150,341,74,1
150,342,74,1
150,343,74,1
150,344,74,1
150,345,24,1
150,346,24,1
150,347,24,1
150,348,24,1
150,349,24,1
150,350,18,1
150,351,18,1
150,352,18,1
150,353,18,1
150,354,18,1
150,355,12,1
150,356,13,1
150,357,14,1
150,358,12,1
150,359,35,1
150,360,11,1
150,361,11,1
150,362,14,1
150,363,14,1
150,364,14,1
150,365,14,1
150,366,14,1
150,367,12,1
150,368,35,1
150,369,41,1
150,370,35,1
150,371,35,1
150,372,35,1
150,373,41,1
150,374,41,1
150,375,41,1
150,376,41,1
150,377,41,1
150,378,34,1
150,379,34,1
150,380,34,1
150,381,34,1
150,382,34,1
150,383,11,1
150,384,23,0
150,385,23,1
150,386,23,1
150,387,23,1
150,388,23,1
150,389,23,1
150,390,23,1
150,391,23,1
150,392,4,1
150,393,8,1
150,394,4,1
150,395,8,1
150,396,4,1
150,397,5,1
150,398,4,1
150,399,5,1
150,400,4,1
150,401,7,1
150,402,4,1
150,403,7,1
150,404,4,1
150,405,9,1
150,406,4,1
150,407,9,1
150,408,8,1
150,409,5,1
150,410,4,1
150,411,22,1
150,412,25,1
150,413,42,1
150,414,25,1
150,415,42,1
150,416,25,1
150,417,42,1
150,418,25,1
150,419,42,1
150,420,17,1
150,421,17,1
150,422,17,1
150,423,17,1
150,424,17,1
150,425,6,0
150,426,5,0
150,427,6,1
150,428,9,1
150,429,6,1
150,430,7,1
150,431,6,1
150,432,7,1
150,433,6,1
150,434,7,1
150,435,6,1
150,436,9,1
150,437,32,0
150,438,32,1
150,439,9,1
150,440,32,1
150,441,9,1
150,442,32,0
150,443,32,0
150,444,32,1
150,445,32,0
150,446,32,0
150,447,32,0
150,448,32,0
150,449,16,0
150,450,16,1
150,451,16,1
150,452,16,1
150,453,16,0
150,454,32,1
150,455,9,1
150,456,32,0
150,457,32,1
150,458,9,1
150,459,32,0
150,460,32,1
150,461,9,1
150,462,32,1
150,463,32,1
150,464,9,1
150,465,32,0
150,466,9,0
150,467,32,1
150,468,9,1
150,469,32,1
150,470,32,1
150,471,9,1
150,472,16,1
150,473,16,1
150,474,32,1
150,475,32,0
150,476,32,1
150,477,32,0
150,478,32,1
150,479,9,1
150,480,32,1
150,481,9,1
150,482,32,1
150,483,9,1
150,484,32,1
150,485,32,1
150,486,16,1
150,487,16,1
150,488,16,1
150,489,16,1
150,490,4,1
150,491,16,1
150,492,4,1
150,493,16,1
150,494,3,0
150,495,3,0
150,496,3,1
150,497,29,1
150,498,3,1
150,499,29,1
150,500,3,1
150,501,3,1
150,502,3,1
150,503,29,1
150,504,3,1
150,505,29,1
150,506,3,1
150,507,16,1
150,508,29,1
150,509,3,1
150,510,32,0
150,511,5,0
150,512,32,0
150,513,5,0
150,514,32,0
150,515,5,0
150,516,32,1
150,517,5,1
150,518,32,1
150,519,9,1
150,520,17,1
150,521,17,1
150,522,32,1
150,523,9,1
150,524,17,1
150,525,6,1
150,526,8,1
150,527,6,1
150,528,8,1
150,529,6,1
150,530,9,1
150,531,10,1
150,532,10,1
150,533,10,1
150,534,10,1
150,535,10,1
150,536,10,1
150,537,35,1
150,538,10,1
150,539,35,1
150,540,10,0
150,541,35,0
150,542,10,1
150,543,35,1
150,544,10,1
150,545,35,1
150,546,10,1
150,547,35,1
150,548,32,1
150,549,5,1
150,550,32,1
150,551,9,1
150,552,11,1
150,553,11,1
151,0,37,1
151,1,37,1
151,2,30,1
151,3,30,1
151,4,37,1
151,5,30,1
151,6,37,0
151,7,37,0
151,8,37,1
151,9,37,0
151,10,37,1
151,11,37,1
151,12,37,1
151,13,24,0
151,14,24,1
151,15,24,1
151,16,24,1
151,17,24,1
151,18,24,0
151,19,24,1
151,20,24,1
151,21,24,1
151,22,19,1
151,23,60,1
151,24,20,1
151,25,20,1
151,26,21,0
151,27,21,1
151,28,21,1
151,29,21,1
151,30,21,1
151,31,21,1
151,32,27,1
151,33,27,1
151,34,59,0
151,35,59,1
151,36,59,0
151,37,59,1
151,38,59,1
151,39,40,1
151,40,40,1
151,41,59,1
151,42,34,0
151,43,34,1
151,44,34,1
151,45,34,1
151,46,34,1
151,47,34,1
151,48,19,1
151,49,18,1
151,50,21,1
151,51,41,0
151,52,41,1
151,53,41,1
151,54,41,1
151,55,35,0
151,56,35,1
151,57,35,1
151,58,35,1
151,59,14,1
151,60,14,1
151,61,36,1
151,62,26,1
151,63,26,0
151,64,26,1
151,65,26,1
151,66,26,0
151,67,26,1
151,68,26,1
151,69,26,1
151,70,70,1
151,71,70,0
151,72,70,1
151,73,70,1
151,74,70,0
151,75,70,1
151,76,70,1
151,77,70,1
151,78,70,1
151,79,70,1
151,80,70,1
151,81,70,0
151,82,70,1
151,83,70,1
151,84,26,1
151,85,26,1
151,86,26,1
151,87,58,1
151,88,58,1
151,89,70,1
151,90,70,1
151,91,70,1
151,92,26,1
151,93,77,0
151,94,79,0
151,95,77,0
151,96,79,0
151,97,77,0
151,98,79,0
151,99,77,1
151,100,79,1
151,101,77,1
151,102,79,1
151,103,77,0
151,104,79,0
151,105,77,1
151,106,79,1
151,107,77,1
151,108,79,1
151,109,77,1
151,110,79,1
151,111,77,0
151,112,79,0
151,113,77,1
151,114,79,1
151,115,77,1
151,116,79,1
151,117,77,1
151,118,79,1
151,119,77,1
151,120,79,1
151,121,42,1
151,122,25,1
151,123,42,1
151,124,25,0
151,125,42,0
151,126,25,1
151,127,42,1
151,128,25,1
151,129,42,1
151,130,25,1
151,131,42,1
151,132,25,1
151,133,42,1
151,134,25,1
151,135,42,1
151,136,42,1
151,137,43,1
151,138,26,1
151,139,72,1
151,140,43,1
151,141,43,1
151,142,43,1
151,143,1,1
151,144,2,1
151,145,82,1
151,146,68,1
151,147,68,1
151,148,57,1
151,149,31,1
151,150,31,0
151,151,31,0
151,152,31,0
151,153,31,1
151,154,31,0
151,155,31,1
151,156,80,1
151,157,28,1
151,158,66,1
151,159,28,0
151,160,28,1
151,161,28,1
151,162,28,1
151,163,28,1
151,164,28,0
151,165,28,1
151,166,84,0
151,167,28,0
151,168,64,0
151,169,64,1
151,170,64,0
151,171,64,1
151,172,39,1
151,173,86,0
151,174,86,1
151,175,86,0
151,176,86,0
151,177,75,0
151,178,75,0
151,179,75,1
151,180,75,0
151,181,75,1
151,182,75,1
151,183,75,1
151,184,86,1
151,185,39,1
151,186,39,1
151,187,86,1
151,188,86,1
151,189,86,1
151,190,84,1
151,191,28,1
151,192,84,1
151,193,28,1
151,194,84,1
151,195,28,1
151,196,64,1
151,197,64,1
151,198,64,1
151,199,28,1
151,200,28,0
151,201,28,1
151,202,28,1
151,203,28,1
151,204,31,1
151,205,31,1
151,206,31,1
151,207,30,1
151,208,30,1
151,209,30,0
151,210,30,1
151,211,30,1
151,212,30,1
151,213,30,1
151,214,30,1
151,215,37,1
151,216,30,1
151,217,37,1
151,218,30,1
151,219,37,1
151,220,30,1
151,221,37,1
151,222,30,1
151,223,37,0
151,224,30,0
151,225,37,1
151,226,30,1
151,227,37,1
151,228,30,1
151,229,37,0
151,230,30,0
151,231,37,1
151,232,30,1
151,233,37,1
151,234,30,1
151,235,37,1
151,236,30,1
151,237,37,1
151,238,30,1
151,239,37,1
151,240,30,1
151,241,26,1
151,242,26,1
151,243,26,0
151,244,26,1
151,245,26,1
151,246,26,0
151,247,26,0
151,248,26,0
151,249,26,1
151,250,26,1
151,251,26,1
151,252,26,1
151,253,26,1
151,254,70,1
151,255,70,1
151,256,70,0
151,257,70,1
151,258,70,1
151,259,70,1
151,260,70,1
151,261,70,1
151,262,26,0
151,263,26,1
151,264,26,0
151,265,26,1
151,266,26,1
151,267,26,1
151,268,26,1
151,269,26,1
151,270,26,1
151,271,26,0
151,272,26,1
151,273,26,1
151,274,26,1
151,275,26,1
151,276,26,1
151,277,26,0
151,278,26,1
151,279,26,0
151,280,26,1
151,281,26,1
151,282,26,1
151,283,26,1
151,284,26,0
151,285,26,1
151,286,26,0
151,287,26,1
151,288,26,1
151,289,26,1
151,290,26,1
151,291,26,1
151,292,26,1
151,293,41,1
151,294,41,1
151,295,41,1
151,296,41,0
151,297,41,1
151,298,41,1
151,299,41,1
151,300,41,1
151,301,41,1
151,302,49,1
151,303,52,0
151,304,52,1
151,305,52,1
151,306,52,1
151,307,48,1
151,308,51,1
151,309,50,1
151,310,50,1
151,311,50,0
151,312,50,1
151,313,50,1
151,314,50,0
151,315,50,0
151,316,50,1
151,317,50,1
151,318,50,1
151,319,51,1
151,320,50,1
151,321,50,1
151,322,50,0
151,323,50,1
151,324,50,1
151,325,50,1
151,326,50,1
151,327,50,1
151,328,50,1
151,329,50,1
151,330,50,1
151,331,50,1
151,332,53,0
151,333,53,0
151,334,54,0
151,335,53,1
151,336,54,1
151,337,53,0
151,338,54,0
151,339,53,1
151,340,54,1
151,341,53,1
151,342,54,1
151,343,49,1
151,344,28,1
151,345,28,1
151,346,28,1
151,347,28,1
151,348,28,1
151,349,53,1
151,350,54,1
151,351,53,0
151,352,54,1
151,353,53,1
151,354,53,1
151,355,19,1
151,356,19,1
151,357,19,0
151,358,19,1
151,359,19,0
151,360,19,0
151,361,19,1
151,362,19,1
151,363,19,1
151,364,19,0
151,365,19,1
151,366,19,1
151,367,19,0
151,368,19,1
151,369,19,1
151,370,19,1
151,371,19,1
151,372,19,1
151,373,60,0
151,374,60,1
151,375,60,1
151,376,60,1
151,377,60,1
151,378,60,1
151,379,74,1
151,380,74,1
151,381,74,1
151,382,74,1
151,383,74,1
151,384,24,1
151,385,24,1
151,386,24,1
151,387,24,1
151,388,24,1
151,389,18,1
151,390,18,1
151,391,18,1
151,392,18,1
151,393,18,1
151,394,3,1
151,395,3,1
151,396,29,1
151,397,12,0
151,398,35,0
151,399,12,1
151,400,13,1
151,401,41,1
151,402,12,1
151,403,35,1
151,404,12,1
151,405,35,1
151,406,12,0
151,407,13,0
151,408,14,0
151,409,12,1
151,410,13,1
151,411,14,1
151,412,12,1
151,413,13,1
151,414,14,1
151,415,12,1
151,416,13,1
151,417,34,1
151,418,34,1
151,419,34,1
151,420,34,0
151,421,34,1
151,422,34,1
151,423,34,1
151,424,34,1
151,425,34,1
151,426,41,0
151,427,41,1
151,428,35,0
151,429,41,1
151,430,41,0
151,431,41,1
151,432,35,1
151,433,41,1
151,434,12,1
151,435,35,1
151,436,41,1
151,437,41,1
151,438,41,0
151,439,41,1
151,440,41,1
151,441,41,1
151,442,41,1
151,443,41,1
151,444,14,1
151,445,14,0
151,446,14,1
151,447,14,1
151,448,14,1
151,449,14,1
151,450,14,1
151,451,12,0
151,452,35,0
151,453,12,1
151,454,35,1
151,455,12,1
151,456,35,1
151,457,12,0
151,458,13,0
151,459,14,0
151,460,12,1
151,461,35,1
151,462,12,1
151,463,35,1
151,464,12,0
151,465,13,0
151,466,14,0
151,467,12,1
151,468,35,1
151,469,12,1
151,470,35,1
151,471,12,1
151,472,13,1
151,473,14,1
151,474,11,1
151,475,11,1
151,476,11,1
151,477,23,0
151,478,23,1
151,479,23,1
151,480,23,1
151,481,23,1
151,482,23,1
151,483,23,1
151,484,23,1
151,485,23,1
151,486,4,1
151,487,8,1
151,488,4,1
151,489,8,1
151,490,4,1
151,491,5,1
151,492,4,1
151,493,5,1
151,494,4,1
151,495,7,1
151,496,4,1
151,497,7,1
151,498,17,0
151,499,17,1
151,500,17,1
151,501,17,1
151,502,17,1
151,503,17,1
151,504,6,1
151,505,8,1
151,506,6,1
151,507,9,1
151,508,6,1
151,509,9,1
151,510,6,1
151,511,8,1
151,512,6,1
151,513,7,1
151,514,32,0
151,515,32,1
151,516,32,1
151,517,9,1
151,518,32,0
151,519,32,1
151,520,9,1
151,521,32,1
151,522,9,1
151,523,32,1
151,524,32,0
151,525,32,1
151,526,32,0
151,527,4,0
151,528,9,0
151,529,4,0
151,530,9,0
151,531,4,1
151,532,9,1
151,533,4,1
151,534,9,1
151,535,4,1
151,536,9,1
151,537,5,1
151,538,32,1
151,539,9,1
151,540,32,0
151,541,32,1
151,542,32,1
151,543,32,1
151,544,32,1
151,545,9,1
151,546,32,1
151,547,8,1
151,548,4,1
151,549,22,1
151,550,25,0
151,551,42,0
151,552,25,1
151,553,42,1
151,554,25,1
151,555,42,1
151,556,25,1
151,557,42,1
151,558,25,1
151,559,42,1
151,560,25,1
151,561,42,1
151,562,25,1
151,563,42,1
151,564,16,1
151,565,16,1
151,566,16,1
151,567,16,1
151,568,16,1
151,569,16,0
151,570,16,1
151,571,16,1
151,572,16,1
151,573,16,1
151,574,16,1
151,575,16,1
151,576,16,1
151,577,3,0
151,578,3,1
151,579,4,1
151,580,16,1
151,581,4,1
151,582,16,1
151,583,3,0
151,584,3,1
151,585,3,1
151,586,3,0
151,587,3,1
151,588,3,1
151,589,3,0
151,590,3,0
151,591,3,1
151,592,29,0
151,593,3,0
151,594,29,1
151,595,3,1
151,596,29,0
151,597,3,0
151,598,29,0
151,599,3,0
151,600,29,1
151,601,3,1
151,602,29,1
151,603,3,1
151,604,29,1
151,605,3,1
151,606,32,1
151,607,9,1
151,608,32,1
151,609,9,1
151,610,29,0
151,611,3,0
151,612,29,0
151,613,3,0
151,614,16,1
151,615,29,1
151,616,3,1
151,617,29,0
151,618,3,0
151,619,16,1
151,620,29,0
151,621,3,0
151,622,29,0
151,623,3,0
151,624,29,0
151,625,3,0
151,626,29,1
151,627,3,1
151,628,29,1
151,629,3,1
151,630,29,1
151,631,3,1
151,632,17,1
151,633,17,1
151,634,17,1
151,635,6,1
151,636,9,1
151,637,6,1
151,638,9,1
151,639,6,1
151,640,7,1
151,641,10,0
151,642,10,0
151,643,10,1
151,644,10,1
151,645,10,1
151,646,10,0
151,647,10,1
151,648,10,1
151,649,10,1
151,650,10,1
151,651,10,1
151,652,10,1
151,653,35,1
151,654,10,0
151,655,35,0
151,656,10,1
151,657,35,1
151,658,10,1
151,659,35,1
151,660,10,1
151,661,35,1
151,662,10,1
151,663,35,1
151,664,10,0
151,665,35,0
151,666,10,1
151,667,35,1
151,668,10,1
151,669,35,1
151,670,10,1
151,671,35,1
151,672,32,1
151,673,5,1
151,674,32,1
151,675,5,1
151,676,11,1
151,677,11,1
152,0,37,1
152,1,37,1
152,2,30,1
152,3,30,1
152,4,37,1
152,5,30,1
152,6,37,1
152,7,24,1
152,8,24,1
152,9,24,1
152,10,19,0
152,11,19,1
152,12,19,0
152,13,19,0
152,14,19,1
152,15,19,1
152,16,19,1
152,17,60,1
152,18,20,1
152,19,20,1
152,20,21,1
152,21,21,1
152,22,27,1
152,23,19,1
152,24,21,1
152,25,27,1
152,26,59,1
152,27,40,1
152,28,40,1
152,29,34,1
152,30,34,1
152,31,34,0
152,32,34,1
152,33,34,1
152,34,34,1
152,35,18,1
152,36,21,1
152,37,41,0
152,38,41,0
152,39,41,0
152,40,41,1
152,41,41,1
152,42,35,1
152,43,14,1
152,44,41,1
152,45,14,0
152,46,14,0
152,47,14,0
152,48,14,0
152,49,14,0
152,50,14,1
152,51,14,1
152,52,36,0
152,53,36,0
152,54,36,1
152,55,36,0
152,56,36,0
152,57,36,0
152,58,36,1
152,59,36,1
152,60,36,1
152,61,26,1
152,62,26,1
152,63,26,1
152,64,26,1
152,65,26,1
152,66,70,0
152,67,70,1
152,68,70,1
152,69,70,1
152,70,70,0
152,71,70,1
152,72,70,0
152,73,70,1
152,74,70,1
152,75,70,1
152,76,70,1
152,77,70,0
152,78,70,1
152,79,70,0
152,80,70,1
152,81,70,1
152,82,70,1
152,83,58,1
152,84,58,0
152,85,58,1
152,86,58,0
152,87,58,1
152,88,58,1
152,89,58,0
152,90,58,0
152,91,58,1
152,92,58,0
152,93,58,0
152,94,58,0
152,95,58,0
152,96,26,1
152,97,77,1
152,98,79,1
152,99,77,0
152,100,79,0
152,101,77,1
152,102,79,1
152,103,77,0
152,104,79,0
152,105,77,1
152,106,79,1
152,107,77,1
152,108,79,1
152,109,77,0
152,110,79,0
152,111,77,1
152,112,79,1
152,113,77,0
152,114,79,0
152,115,77,0
152,116,79,0
152,117,77,0
152,118,79,0
152,119,42,1
152,120,77,1
152,121,79,1
152,122,77,1
152,123,79,1
152,124,77,1
152,125,79,1
152,126,77,1
152,127,79,1
152,128,58,1
152,129,58,1
152,130,42,1
152,131,43,1
152,132,26,1
152,133,72,0
152,134,72,1
152,135,72,1
152,136,72,1
152,137,43,1
152,138,43,1
152,139,43,1
152,140,66,0
152,141,66,0
152,142,66,0
152,143,66,0
152,144,66,0
152,145,66,1
152,146,66,1
152,147,66,1
152,148,66,0
152,149,66,0
152,150,66,1
152,151,66,1
152,152,66,1
152,153,66,1
152,154,1,0
152,155,1,1
152,156,1,0
152,157,1,1
152,158,1,0
152,159,1,1
152,160,1,1
152,161,1,1
152,162,1,1
152,163,1,0
152,164,1,1
152,165,1,1
152,166,1,1
152,167,1,0
152,168,1,1
152,169,1,1
152,170,1,0
152,171,1,1
152,172,1,1
152,173,1,1
152,174,2,0
152,175,2,0
152,176,2,0
152,177,2,1
152,178,2,0
152,179,2,0
152,180,2,1
152,181,2,1
152,182,2,1
152,183,2,1
152,184,2,1
152,185,81,1
152,186,66,1
152,187,68,1
152,188,68,1
152,189,57,1
152,190,31,1
152,191,31,0
152,192,31,1
152,193,31,1
152,194,31,1
152,195,31,1
152,196,25,0
152,197,42,0
152,198,25,0
152,199,42,0
152,200,25,0
152,201,42,0
152,202,25,1
152,203,42,1
152,204,25,1
152,205,42,1
152,206,25,0
152,207,42,0
152,208,25,1
152,209,42,1
152,210,25,1
152,211,42,1
152,212,25,1
152,213,42,1
152,214,25,1
152,215,42,1
152,216,26,0
152,217,80,0
152,218,80,0
152,219,80,0
152,220,18,0
152,221,80,1
152,222,18,1
152,223,80,1
152,224,18,1
152,225,28,0
152,226,28,1
152,227,28,1
152,228,28,1
152,229,80,1
152,230,18,1
152,231,28,0
152,232,28,1
152,233,28,1
152,234,28,1
152,235,28,0
152,236,28,1
152,237,28,1
152,238,28,1
152,239,28,0
152,240,28,0
152,241,28,1
152,242,28,1
152,243,28,1
152,244,28,1
152,245,84,0
152,246,28,0
152,247,84,0
152,248,28,0
152,249,84,0
152,250,28,0
152,251,84,0
152,252,28,0
152,253,84,0
152,254,28,0
152,255,84,0
152,256,28,0
152,257,84,1
152,258,28,1
152,259,84,1
152,260,28,1
152,261,84,1
152,262,28,1
152,263,64,0
152,264,64,0
152,265,64,1
152,266,64,1
152,267,64,1
152,268,85,0
152,269,64,0
152,270,64,1
152,271,85,0
152,272,85,0
152,273,85,0
152,274,64,0
152,275,26,1
152,276,26,1
152,277,26,1
152,278,26,0
152,279,26,1
152,280,26,1
152,281,26,1
152,282,26,0
152,283,26,1
152,284,26,1
152,285,26,1
152,286,26,1
152,287,26,0
152,288,26,1
152,289,26,1
152,290,26,1
152,291,26,1
152,292,26,1
152,293,26,1
152,294,85,0
152,295,85,0
152,296,64,0
152,297,85,1
152,298,85,1
152,299,64,0
152,300,26,1
152,301,39,0
152,302,39,1
152,303,39,1
152,304,39,1
152,305,86,0
152,306,86,0
152,307,87,1
152,308,75,1
152,309,64,0
152,310,85,0
152,311,64,1
152,312,85,0
152,313,85,0
152,314,64,1
152,315,86,0
152,316,75,0
152,317,75,1
152,318,75,1
152,319,75,0
152,320,75,1
152,321,75,0
152,322,75,1
152,323,75,1
152,324,75,0
152,325,75,1
152,326,75,1
152,327,86,1
152,328,86,1
152,329,86,0
152,330,86,1
152,331,86,0
152,332,86,1
152,333,86,0
152,334,86,1
152,335,86,1
152,336,86,1
152,337,75,1
152,338,85,0
152,339,64,0
152,340,64,1
152,341,85,1
152,342,85,0
152,343,64,0
152,344,26,1
152,345,64,1
152,346,85,0
152,347,64,0
152,348,64,1
152,349,64,1
152,350,64,1
152,351,30,1
152,352,30,1
152,353,30,1
152,354,30,1
152,355,30,1
152,356,37,1
152,357,30,1
152,358,37,1
152,359,30,1
152,360,37,1
152,361,30,1
152,362,37,1
152,363,30,1
152,364,37,1
152,365,30,1
152,366,26,1
152,367,26,1
152,368,26,1
152,369,26,1
152,370,26,0
152,371,26,0
152,372,26,0
152,373,26,1
152,374,26,1
152,375,26,1
152,376,26,0
152,377,26,0
152,378,26,1
152,379,26,0
152,380,26,0
152,381,26,1
152,382,70,0
152,383,70,1
152,384,70,0
152,385,70,1
152,386,70,1
152,387,70,1
152,388,70,1
152,389,26,0
152,390,26,1
152,391,26,1
152,392,26,1
152,393,26,1
152,394,26,1
152,395,26,1
152,396,26,1
152,397,26,1
152,398,26,0
152,399,26,0
152,400,26,1
152,401,26,1
152,402,26,1
152,403,26,1
152,404,26,1
152,405,41,0
152,406,41,1
152,407,41,1
152,408,41,1
152,409,41,1
152,410,41,1
152,411,49,1
152,412,52,1
152,413,48,1
152,414,50,1
152,415,95,1
152,416,50,0
152,417,50,1
152,418,53,1
152,419,50,1
152,420,50,1
152,421,50,1
152,422,50,0
152,423,50,1
152,424,50,1
152,425,50,1
152,426,50,0
152,427,50,0
152,428,50,0
152,429,50,1
152,430,50,1
152,431,50,1
152,432,50,1
152,433,50,0
152,434,50,1
152,435,50,1
152,436,50,1
152,437,53,1
152,438,54,1
152,439,49,0
152,440,49,1
152,441,49,1
152,442,49,0
152,443,49,1
152,444,28,1
152,445,28,1
152,446,28,1
152,447,28,0
152,448,28,1
152,449,28,1
152,450,28,1
152,451,28,0
152,452,50,1
152,453,50,1
152,454,50,1
152,455,50,0
152,456,50,1
152,457,50,1
152,458,50,0
152,459,49,1
152,460,49,1
152,461,28,0
152,462,28,1
152,463,28,1
152,464,28,0
152,465,28,0
152,466,28,1
152,467,28,0
152,468,28,1
152,469,28,1
152,470,28,1
152,471,28,1
152,472,28,1
152,473,3,1
152,474,3,1
152,475,50,1
152,476,29,1
152,477,12,0
152,478,35,0
152,479,19,0
152,480,60,1
152,481,60,0
152,482,60,0
152,483,60,0
152,484,60,0
152,485,60,0
152,486,60,0
152,487,60,0
152,488,60,1
152,489,60,1
152,490,74,1
152,491,74,0
152,492,74,1
152,493,74,1
152,494,74,1
152,495,74,1
152,496,74,1
152,497,24,0
152,498,24,1
152,499,24,1
152,500,24,1
152,501,24,1
152,502,24,1
152,503,18,1
152,504,18,1
152,505,18,1
152,506,18,1
152,507,18,1
152,508,19,0
152,509,19,0
152,510,19,1
152,511,19,1
152,512,19,1
152,513,19,1
152,514,19,1
152,515,60,1
152,516,60,0
152,517,60,0
152,518,60,1
152,519,60,1
152,520,60,0
152,521,60,1
152,522,60,1
152,523,60,1
152,524,60,1
152,525,60,1
152,526,12,1
152,527,35,1
152,528,12,1
152,529,13,1
152,530,41,1
152,531,12,1
152,532,35,1
152,533,12,0
152,534,13,0
152,535,14,0
152,536,12,1
152,537,13,1
152,538,12,1
152,539,13,1
152,540,12,0
152,541,13,0
152,542,12,0
152,543,13,0
152,544,14,0
152,545,12,0
152,546,13,0
152,547,14,0
152,548,14,1
152,549,14,1
152,550,14,1
152,551,14,1
152,552,14,1
152,553,41,0
152,554,41,1
152,555,41,1
152,556,35,0
152,557,41,1
152,558,12,0
152,559,35,0
152,560,41,1
152,561,12,0
152,562,35,0
152,563,41,1
152,564,41,0
152,565,41,1
152,566,41,1
152,567,41,1
152,568,41,1
152,569,41,1
152,570,34,0
152,571,34,1
152,572,34,1
152,573,34,1
152,574,34,1
152,575,34,1
152,576,41,1
152,577,41,1
152,578,12,0
152,579,35,0
152,580,35,1
152,581,41,1
152,582,35,1
152,583,35,1
152,584,12,0
152,585,35,0
152,586,41,1
152,587,35,1
152,588,35,1
152,589,12,1
152,590,13,1
152,591,14,1
152,592,12,1
152,593,13,1
152,594,12,1
152,595,13,1
152,596,12,1
152,597,13,1
152,598,14,1
152,599,12,1
152,600,35,1
152,601,11,1
152,602,11,1
152,603,11,0
152,604,11,0
152,605,23,0
152,606,23,0
152,607,23,1
152,608,23,1
152,609,23,1
152,610,23,1
152,611,23,1
152,612,12,1
152,613,35,1
152,614,12,1
152,615,35,1
152,616,11,1
152,617,4,1
152,618,8,1
152,619,4,1
152,620,8,1
152,621,4,0
152,622,5,0
152,623,4,0
152,624,5,0
152,625,4,1
152,626,5,1
152,627,4,1
152,628,7,1
152,629,4,1
152,630,7,1
152,631,4,0
152,632,9,0
152,633,4,1
152,634,9,1
152,635,4,1
152,636,9,1
152,637,4,1
152,638,9,1
152,639,5,1
152,640,5,1
152,641,4,1
152,642,5,1
152,643,50,1
152,644,17,1
152,645,17,1
152,646,17,1
152,647,17,1
152,648,17,1
152,649,6,1
152,650,9,1
152,651,6,1
152,652,7,1
152,653,6,1
152,654,7,1
152,655,6,1
152,656,9,1
152,657,6,1
152,658,5,1
152,659,32,1
152,660,32,1
152,661,32,1
152,662,32,1
152,663,32,1
152,664,4,1
152,665,22,1
152,666,25,0
152,667,42,0
152,668,25,0
152,669,42,0
152,670,25,1
152,671,42,1
152,672,25,0
152,673,42,0
152,674,25,1
152,675,42,1
152,676,25,0
152,677,42,0
152,678,25,1
152,679,42,1
152,680,25,1
152,681,42,1
152,682,25,1
152,683,42,1
152,684,25,1
152,685,42,1
152,686,25,1
152,687,42,1
152,688,16,1
152,689,16,1
152,690,16,1
152,691,16,1
152,692,16,1
152,693,16,0
152,694,16,1
152,695,16,1
152,696,16,1
152,697,16,1
152,698,16,0
152,699,16,1
152,700,3,1
152,701,16,1
152,702,16,1
152,703,4,1
152,704,15,1
152,705,4,1
152,706,15,1
152,707,16,0
152,708,16,1
152,709,16,1
152,710,16,1
152,711,16,1
152,712,16,1
152,713,3,1
152,714,3,1
152,715,3,0
152,716,3,0
152,717,3,1
152,718,29,0
152,719,3,0
152,720,29,0
152,721,3,0
152,722,29,0
152,723,3,0
152,724,29,1
152,725,3,1
152,726,29,1
152,727,3,1
152,728,29,0
152,729,3,0
152,730,29,1
152,731,3,1
152,732,29,1
152,733,3,1
152,734,29,1
152,735,3,1
152,736,16,1
152,737,29,0
152,738,3,0
152,739,29,0
152,740,3,0
152,741,29,1
152,742,3,1
152,743,29,1
152,744,3,1
152,745,32,1
152,746,5,1
152,747,32,1
152,748,9,1
152,749,29,0
152,750,3,0
152,751,29,0
152,752,3,0
152,753,29,0
152,754,3,0
152,755,29,0
152,756,3,0
152,757,29,1
152,758,3,1
152,759,29,1
152,760,3,1
152,761,29,1
152,762,3,1
152,763,29,1
152,764,3,1
152,765,17,1
152,766,17,1
152,767,17,1
152,768,6,0
152,769,8,0
152,770,6,1
152,771,7,1
152,772,6,0
152,773,8,0
152,774,6,1
152,775,7,1
152,776,6,1
152,777,9,1
152,778,6,1
152,779,9,1
152,780,10,0
152,781,10,0
152,782,10,1
152,783,10,1
152,784,10,1
152,785,10,1
152,786,10,1
152,787,10,1
152,788,10,1
152,789,6,1
152,790,7,1
152,791,10,0
152,792,35,0
152,793,10,0
152,794,35,0
152,795,10,1
152,796,35,1
152,797,10,1
152,798,35,1
152,799,10,1
152,800,35,1
152,801,10,1
152,802,35,1
152,803,10,1
152,804,35,1
152,805,32,1
152,806,5,1
152,807,32,1
152,808,5,1
152,809,11,1
152,810,11,1
153,0,18,0
153,1,18,1
153,2,18,1
153,3,18,1
153,4,24,1
153,5,22,1
153,6,34,0
153,7,34,0
153,8,34,0
153,9,34,0
153,10,34,1
153,11,34,0
153,12,34,0
153,13,34,1
153,14,34,0
153,15,34,0
153,16,21,1
153,17,21,1
153,18,59,1
153,19,41,1
153,20,41,1
153,21,41,1
153,22,4,1
153,23,16,1
153,24,16,1
153,25,4,1
153,26,16,1
153,27,3,0
153,28,4,1
153,29,16,1
153,30,16,1
153,31,4,1
153,32,16,1
153,33,16,1
154,0,18,0
154,1,18,1
154,2,18,1
154,3,18,1
154,4,24,1
154,5,22,0
154,6,22,0
154,7,22,1
154,8,22,1
154,9,22,1
154,10,34,1
154,11,21,0
154,12,21,1
154,13,21,1
154,14,21,0
154,15,21,1
154,16,21,1
154,17,21,1
154,18,21,0
154,19,21,0
154,20,21,1
154,21,21,1
154,22,21,1
154,23,59,0
154,24,16,1
154,25,16,1
154,26,16,1
154,27,16,1
154,28,3,1
154,29,3,0
154,30,88,0
154,31,88,0
154,32,88,0
154,33,88,0
155,0,18,1
155,1,24,1
155,2,22,1
155,3,34,0
155,4,21,1
155,5,21,0
155,6,21,1
155,7,21,1
155,8,21,1
155,9,59,0
155,10,59,0
155,11,59,1
155,12,59,1
155,13,59,1
155,14,34,0
155,15,34,0
155,16,34,0
155,17,41,0
155,18,41,1
155,19,41,0
155,20,41,0
155,21,41,0
155,22,25,0
155,23,23,0
155,24,25,1
155,25,23,1
155,26,22,1
155,27,23,1
155,28,25,1
155,29,23,1
155,30,21,1
155,31,37,1
155,32,30,1
155,33,37,1
155,34,37,1
155,35,30,1
155,36,30,1
155,37,33,1
155,38,33,1
155,39,19,0
155,40,19,1
155,41,19,1
155,42,19,1
155,43,27,1
155,44,40,0
155,45,40,0
155,46,40,1
155,47,40,0
155,48,40,1
155,49,40,0
155,50,40,0
155,51,40,1
155,52,40,0
155,53,40,0
155,54,40,0
155,55,40,1
155,56,40,0
155,57,40,1
155,58,40,0
155,59,40,0
155,60,40,0
155,61,40,0
155,62,40,0
155,63,44,1
155,64,35,0
155,65,35,0
155,66,35,0
155,67,35,1
155,68,35,1
155,69,14,1
155,70,14,0
155,71,14,1
155,72,14,1
155,73,14,1
155,74,61,0
155,75,44,0
155,76,61,1
155,77,44,1
155,78,61,0
155,79,44,0
155,80,61,0
155,81,44,0
155,82,61,1
155,83,44,1
155,84,61,1
155,85,44,1
155,86,61,1
155,87,44,1
155,88,33,0
155,89,62,0
155,90,44,0
155,91,33,1
155,92,62,1
155,93,44,1
155,94,33,1
155,95,62,1
155,96,44,1
155,97,33,1
155,98,62,1
155,99,44,1
155,100,36,0
155,101,36,0
155,102,36,0
155,103,36,1
155,104,36,0
155,105,20,1
155,106,32,1
155,107,5,1
155,108,32,1
155,109,5,1
155,110,5,1
155,111,4,1
155,112,5,1
155,113,4,1
155,114,5,1
155,115,17,0
155,116,6,0
155,117,7,0
155,118,6,1
155,119,7,1
155,120,6,0
155,121,9,0
155,122,6,0
155,123,8,0
155,124,6,0
155,125,9,0
155,126,16,1
155,127,16,1
155,128,4,1
155,129,16,1
155,130,29,0
155,131,3,0
155,132,16,0
155,133,16,1
155,134,16,1
156,0,18,0
156,1,18,1
156,2,18,1
156,3,18,1
156,4,24,1
156,5,22,0
156,6,22,1
156,7,22,0
156,8,22,1
156,9,22,1
156,10,22,1
156,11,34,1
156,12,21,1
156,13,21,1
156,14,59,1
156,15,25,0
156,16,23,0
156,17,22,0
156,18,23,0
156,19,25,1
156,20,23,1
156,21,22,1
156,22,23,1
156,23,25,1
156,24,23,1
156,25,37,1
156,26,30,1
156,27,21,1
156,28,37,0
156,29,30,0
156,30,37,1
156,31,30,1
156,32,37,1
156,33,30,1
156,34,37,1
156,35,30,1
156,36,37,1
156,37,30,1
156,38,33,1
156,39,33,1
156,40,19,1
156,41,41,0
156,42,27,1
156,43,40,0
156,44,40,1
156,45,40,1
156,46,40,1
156,47,44,1
156,48,44,1
156,49,44,0
156,50,44,1
156,51,44,1
156,52,44,1
156,53,14,0
156,54,14,1
156,55,14,1
156,56,14,1
156,57,14,1
156,58,35,0
156,59,16,1
156,60,16,1
156,61,16,1
156,62,26,0
156,63,26,0
156,64,26,0
156,65,26,1
156,66,26,0
156,67,26,0
156,68,26,0
156,69,26,0
156,70,26,1
156,71,26,0
156,72,26,1
156,73,26,1
156,74,26,1
156,75,30,1
156,76,30,1
156,77,30,1
156,78,29,1
156,79,3,1
156,80,37,1
156,81,30,1
156,82,37,1
156,83,30,1
156,84,37,1
156,85,30,1
156,86,4,1
156,87,16,1
156,88,16,1
156,89,16,1
156,90,16,1
156,91,23,1
156,92,23,1
156,93,23,1
156,94,23,1
156,95,23,1
156,96,23,1
157,0,18,1
157,1,24,1
157,2,22,0
157,3,22,1
157,4,22,0
157,5,22,1
157,6,22,1
157,7,22,0
157,8,22,1
157,9,34,1
157,10,21,1
157,11,22,1
157,12,22,1
157,13,21,0
157,14,21,1
157,15,21,1
157,16,21,0
157,17,21,1
157,18,59,0
157,19,59,1
157,20,59,1
157,21,59,1
157,22,22,1
157,23,23,1
157,24,37,1
157,25,37,1
157,26,30,1
157,27,30,1
157,28,37,1
157,29,30,1
157,30,41,1
157,31,21,1
157,32,61,1
157,33,44,1
157,34,20,1
157,35,36,0
157,36,36,1
157,37,36,0
157,38,16,1
157,39,16,1
157,40,3,0
158,0,18,0
158,1,18,1
158,2,18,1
158,3,18,1
158,4,24,1
158,5,22,0
158,6,22,1
158,7,22,1
158,8,34,1
158,9,21,1
158,10,21,1
158,11,59,1
158,12,41,1
158,13,41,0
158,14,41,1
158,15,25,1
158,16,23,1
158,17,21,1
158,18,37,1
158,19,30,1
158,20,37,1
158,21,37,1
158,22,30,1
158,23,30,1
158,24,33,1
158,25,33,1
158,26,19,1
158,27,27,1
158,28,40,1
158,29,40,1
158,30,44,1
158,31,35,0
158,32,35,1
158,33,35,1
158,34,35,0
158,35,35,1
158,36,14,0
158,37,14,1
158,38,14,0
158,39,14,0
158,40,14,1
158,41,14,1
158,42,61,1
158,43,44,1
158,44,33,1
158,45,62,1
158,46,44,1
158,47,36,0
158,48,36,1
158,49,36,0
158,50,20,1
158,51,36,1
158,52,35,1
158,53,35,1
158,54,14,1
158,55,14,1
158,56,32,0
158,57,5,0
158,58,32,1
158,59,5,1
158,60,32,1
158,61,9,1
158,62,32,1
158,63,5,1
158,64,5,1
158,65,4,1
158,66,5,1
158,67,4,0
158,68,5,0
158,69,4,1
158,70,5,1
158,71,4,0
158,72,5,0
158,73,4,1
158,74,5,1
158,75,4,0
158,76,5,0
158,77,17,1
158,78,6,1
158,79,7,1
158,80,6,0
158,81,8,0
158,82,4,1
158,83,5,1
158,84,16,1
158,85,16,0
158,86,4,1
158,87,16,1
158,88,3,1
158,89,3,1
158,90,30,1
158,91,30,1
158,92,30,1
158,93,37,1
158,94,30,1
158,95,26,1
158,96,37,1
158,97,30,1
158,98,37,1
158,99,30,1
158,100,26,1
158,101,26,1
158,102,16,0
158,103,16,1
158,104,16,1
158,105,16,1
158,106,16,0
158,107,16,1
158,108,16,1
158,109,16,0
158,110,16,1
158,111,16,1
159,0,18,1
160,0,22,1
160,1,20,1
160,2,20,0
160,3,20,1
160,4,20,1
160,5,20,0
160,6,20,1
160,7,20,0
160,8,20,1
160,9,21,1
160,10,21,1
160,11,20,1
160,12,21,1
160,13,21,1
160,14,18,1
160,15,33,1
160,16,33,1
160,17,37,1
160,18,37,1
160,19,37,1
160,20,30,1
160,21,30,0
160,22,30,1
160,23,30,1
160,24,30,0
160,25,30,1
160,26,37,0
160,27,30,0
160,28,37,0
160,29,30,0
160,30,37,0
160,31,30,0
160,32,37,1
160,33,30,1
160,34,37,1
160,35,30,1
160,36,69,0
160,37,69,1
160,38,69,0
160,39,69,1
160,40,69,1
160,41,69,1
160,42,69,0
160,43,69,0
160,44,69,1
160,45,69,1
160,46,69,1
160,47,37,1
160,48,30,1
160,49,30,1
160,50,30,1
160,51,24,1
160,52,24,0
160,53,24,0
160,54,24,0
160,55,24,1
160,56,24,1
160,57,24,0
160,58,24,0
160,59,24,1
160,60,19,1
160,61,24,1
160,62,24,1
160,63,24,1
160,64,19,1
160,65,60,1
160,66,27,1
160,67,40,1
160,68,59,1
160,69,34,1
160,70,34,0
160,71,34,1
160,72,34,1
160,73,34,1
160,74,34,1
160,75,41,0
160,76,41,0
160,77,41,0
160,78,41,1
160,79,41,0
160,80,41,1
160,81,41,1
160,82,35,0
160,83,35,0
160,84,35,1
160,85,35,1
160,86,21,1
160,87,14,0
160,88,14,0
160,89,14,1
160,90,14,1
160,91,14,0
160,92,14,0
160,93,14,1
160,94,14,1
160,95,14,1
160,96,36,0
160,97,36,0
160,98,36,1
160,99,36,1
160,100,36,1
160,101,26,1
160,102,26,0
160,103,26,0
160,104,26,1
160,105,26,1
160,106,26,1
160,107,26,1
160,108,26,1
160,109,26,0
160,110,26,0
160,111,26,1
160,112,26,1
160,113,26,0
160,114,26,0
160,115,26,1
160,116,26,1
160,117,26,0
160,118,70,0
160,119,70,1
160,120,70,0
160,121,70,1
160,122,70,1
160,123,70,1
160,124,70,0
160,125,70,0
160,126,70,1
160,127,70,0
160,128,70,1
160,129,70,0
160,130,70,1
160,131,70,0
160,132,70,1
160,133,70,1
160,134,70,0
160,135,70,1
160,136,70,1
160,137,70,1
160,138,70,1
160,139,26,1
160,140,26,0
160,141,26,1
160,142,26,0
160,143,26,1
160,144,26,1
160,145,26,1
160,146,26,1
160,147,26,1
160,148,26,1
160,149,70,1
160,150,70,1
160,151,41,1
160,152,14,1
160,153,14,1
160,154,14,1
160,155,26,1
160,156,26,0
160,157,26,0
160,158,26,1
160,159,26,1
160,160,26,1
160,161,26,1
160,162,26,0
160,163,26,1
160,164,26,1
160,165,26,1
160,166,26,0
160,167,26,0
160,168,26,1
160,169,26,1
160,170,26,1
160,171,26,1
160,172,70,1
160,173,70,0
160,174,70,1
160,175,70,1
160,176,70,1
160,177,70,1
160,178,70,1
160,179,70,1
160,180,70,1
160,181,70,1
160,182,70,1
160,183,58,1
160,184,26,1
160,185,42,1
160,186,25,1
160,187,42,1
160,188,25,0
160,189,42,0
160,190,25,0
160,191,42,0
160,192,25,1
160,193,42,1
160,194,25,0
160,195,42,0
160,196,25,1
160,197,42,1
160,198,25,1
160,199,42,1
160,200,25,1
160,201,42,1
160,202,25,1
160,203,42,1
160,204,25,1
160,205,42,1
160,206,25,1
160,207,42,1
160,208,42,1
160,209,43,1
160,210,26,1
160,211,72,0
160,212,72,1
160,213,72,0
160,214,72,1
160,215,72,1
160,216,43,0
160,217,43,1
160,218,43,1
160,219,43,1
160,220,43,1
160,221,43,1
160,222,66,0
160,223,66,0
160,224,68,0
160,225,68,0
160,226,68,1
160,227,68,1
160,228,68,1
160,229,68,1
160,230,66,1
160,231,66,0
160,232,66,1
160,233,66,1
160,234,72,0
160,235,72,1
160,236,72,1
160,237,72,1
160,238,1,0
160,239,1,1
160,240,1,1
160,241,1,1
160,242,1,1
160,243,1,1
160,244,1,1
160,245,1,0
160,246,1,1
160,247,1,0
160,248,1,0
160,249,1,1
160,250,1,1
160,251,1,0
160,252,1,1
160,253,1,1
160,254,1,1
160,255,1,1
160,256,1,0
160,257,1,0
160,258,1,1
160,259,1,1
160,260,1,1
160,261,2,0
160,262,2,1
160,263,31,1
160,264,31,0
160,265,31,0
160,266,31,0
160,267,31,1
160,268,31,1
160,269,31,1
160,270,31,1
160,271,83,1
160,272,80,1
160,273,18,1
160,274,57,0
160,275,57,1
160,276,57,1
160,277,57,1
160,278,28,1
160,279,2,0
160,280,2,0
160,281,2,1
160,282,2,1
160,283,28,0
160,284,28,0
160,285,26,1
160,286,58,0
160,287,58,1
160,288,58,1
160,289,58,1
160,290,1,1
160,291,1,1
160,292,1,1
160,293,1,1
160,294,28,1
160,295,28,1
160,296,28,1
160,297,28,1
160,298,28,1
160,299,64,1
160,300,64,1
160,301,39,1
160,302,86,1
160,303,84,1
160,304,28,1
160,305,28,1
160,306,26,1
160,307,26,1
160,308,26,1
160,309,26,1
160,310,39,1
160,311,75,1
160,312,10,1
160,313,10,0
160,314,10,1
160,315,10,1
160,316,10,1
160,317,10,1
160,318,10,0
160,319,10,1
160,320,10,1
160,321,10,1
160,322,10,0
160,323,35,0
160,324,10,1
160,325,35,1
160,326,10,1
160,327,35,1
160,328,10,0
160,329,35,0
160,330,10,1
160,331,35,1
160,332,10,1
160,333,35,1
160,334,10,1
160,335,35,1
160,336,10,0
160,337,35,0
160,338,10,1
160,339,35,1
160,340,10,1
160,341,35,1
160,342,10,1
160,343,35,1
160,344,6,0
160,345,8,0
160,346,6,1
160,347,9,1
160,348,6,0
160,349,8,0
160,350,6,0
160,351,5,0
160,352,6,0
160,353,8,0
160,354,6,0
160,355,7,0
160,356,6,0
160,357,5,0
160,358,6,1
160,359,9,1
160,360,6,1
160,361,8,1
160,362,6,1
160,363,7,1
160,364,6,1
160,365,9,1
160,366,6,1
160,367,5,1
160,368,17,1
160,369,17,1
160,370,17,1
160,371,11,0
160,372,11,1
160,373,11,1
160,374,11,1
160,375,4,1
160,376,9,1
160,377,4,1
160,378,9,1
160,379,4,1
160,380,5,1
160,381,4,1
160,382,5,1
160,383,4,1
160,384,7,1
160,385,4,1
160,386,7,1
160,387,5,0
160,388,9,1
160,389,5,1
160,390,5,1
160,391,5,1
160,392,4,1
160,393,22,1
160,394,25,1
160,395,42,1
160,396,25,1
160,397,42,1
160,398,25,0
160,399,42,0
160,400,25,0
160,401,42,0
160,402,25,1
160,403,42,1
160,404,25,1
160,405,42,1
160,406,25,1
160,407,42,1
160,408,25,0
160,409,42,0
160,410,25,1
160,411,42,1
160,412,25,1
160,413,42,1
160,414,25,1
160,415,42,1
160,416,25,1
160,417,42,1
160,418,25,1
160,419,42,1
160,420,3,1
160,421,3,1
160,422,29,1
160,423,4,0
160,424,22,0
160,425,25,1
160,426,42,1
160,427,18,1
160,428,18,1
160,429,18,1
160,430,18,1
160,431,18,1
160,432,24,1
160,433,24,0
160,434,24,1
160,435,24,1
160,436,24,1
160,437,24,1
160,438,24,1
160,439,74,1
160,440,74,1
160,441,74,1
160,442,74,1
160,443,74,1
160,444,60,0
160,445,19,1
160,446,19,0
160,447,32,0
160,448,9,0
160,449,60,1
160,450,60,0
160,451,12,0
160,452,35,0
160,453,12,0
160,454,13,0
160,455,41,0
160,456,12,1
160,457,13,1
160,458,41,1
160,459,12,0
160,460,35,0
160,461,12,1
160,462,13,1
160,463,41,1
160,464,12,0
160,465,13,0
160,466,41,0
160,467,12,1
160,468,13,1
160,469,41,1
160,470,12,1
160,471,13,1
160,472,41,1
160,473,12,1
160,474,13,1
160,475,12,0
160,476,35,0
160,477,12,1
160,478,35,1
160,479,12,0
160,480,35,0
160,481,12,1
160,482,35,1
160,483,32,0
160,484,5,0
160,485,32,1
160,486,5,1
160,487,32,1
160,488,5,1
160,489,32,1
160,490,9,1
160,491,25,1
160,492,42,1
160,493,25,1
160,494,42,1
160,495,25,1
160,496,42,1
160,497,25,1
160,498,42,1
160,499,25,1
160,500,42,1
160,501,4,0
160,502,22,0
160,503,25,1
160,504,42,1
160,505,4,1
160,506,22,1
160,507,25,1
160,508,42,1
160,509,25,1
160,510,42,1
160,511,25,1
160,512,42,1
160,513,4,1
160,514,22,1
160,515,4,1
160,516,22,1
160,517,12,0
160,518,35,0
160,519,12,1
160,520,35,1
160,521,12,0
160,522,13,0
160,523,41,0
160,524,12,1
160,525,13,1
160,526,41,1
160,527,12,1
160,528,13,1
160,529,41,1
160,530,12,1
160,531,13,1
160,532,41,1
160,533,11,0
160,534,11,0
160,535,11,1
160,536,11,1
160,537,11,0
160,538,11,1
160,539,16,1
160,540,16,1
160,541,16,1
160,542,16,1
160,543,60,1
160,544,60,1
160,545,60,1
160,546,19,1
160,547,19,0
160,548,14,0
160,549,14,1
160,550,14,0
160,551,14,0
160,552,14,0
160,553,14,0
160,554,14,0
160,555,14,0
160,556,14,0
160,557,14,0
160,558,4,1
160,559,15,1
160,560,4,1
160,561,16,1
160,562,3,0
160,563,3,0
160,564,3,0
160,565,3,0
160,566,3,0
160,567,3,0
160,568,3,0
160,569,11,1
160,570,11,1
160,571,11,1
160,572,29,1
160,573,3,1
160,574,14,0
160,575,14,1
160,576,14,0
160,577,14,1
160,578,14,0
160,579,23,0
160,580,23,1
160,581,23,1
160,582,23,1
160,583,23,1
160,584,23,1
160,585,3,0
160,586,3,0
160,587,3,1
160,588,3,1
160,589,3,1
160,590,29,0
160,591,3,0
160,592,29,1
160,593,3,1
160,594,29,1
160,595,3,1
160,596,29,0
160,597,3,0
160,598,29,0
160,599,3,0
160,600,19,1
160,601,29,1
160,602,3,1
160,603,29,0
160,604,3,0
160,605,29,0
160,606,3,0
160,607,29,1
160,608,3,1
160,609,29,1
160,610,3,1
160,611,29,1
160,612,3,1
160,613,29,0
160,614,3,0
160,615,29,1
160,616,3,1
160,617,29,0
160,618,3,0
160,619,29,0
160,620,3,0
160,621,29,0
160,622,3,0
160,623,49,0
160,624,49,1
160,625,49,1
160,626,49,1
160,627,52,0
160,628,52,1
160,629,52,1
160,630,52,1
160,631,48,1
160,632,41,0
160,633,41,0
160,634,41,1
160,635,41,1
160,636,41,1
160,637,41,1
160,638,41,0
160,639,41,1
160,640,41,1
160,641,41,1
160,642,34,0
160,643,34,0
160,644,34,1
160,645,34,1
160,646,34,1
160,647,34,0
160,648,34,1
160,649,34,1
160,650,34,1
160,651,34,1
160,652,41,1
160,653,41,0
160,654,12,0
160,655,35,0
160,656,35,0
160,657,41,1
160,658,41,1
160,659,41,1
160,660,35,1
160,661,16,1
160,662,16,1
160,663,16,0
160,664,16,0
160,665,16,1
160,666,16,1
160,667,16,1
160,668,16,1
160,669,16,1
160,670,16,1
160,671,16,1
160,672,16,0
160,673,16,1
160,674,16,0
160,675,17,1
160,676,17,1
160,677,17,1
160,678,17,1
160,679,17,1
160,680,6,0
160,681,8,0
160,682,6,1
160,683,9,1
160,684,6,0
160,685,8,0
160,686,6,1
160,687,7,1
160,688,6,1
160,689,9,1
160,690,6,1
160,691,8,1
160,692,6,1
160,693,8,1
160,694,6,1
160,695,8,1
160,696,32,1
160,697,32,1
160,698,9,1
160,699,32,1
160,700,9,1
160,701,32,1
160,702,32,0
160,703,9,0
160,704,32,1
160,705,32,1
160,706,32,1
160,707,9,1
160,708,32,1
160,709,9,1
160,710,32,1
160,711,41,1
160,712,41,1
160,713,14,0
160,714,14,0
160,715,14,1
160,716,14,1
160,717,14,1
160,718,14,1
160,719,14,1
160,720,16,0
160,721,16,1
160,722,16,0
160,723,16,1
160,724,16,1
160,725,16,1
160,726,16,1
160,727,16,0
160,728,16,1
160,729,16,1
160,730,16,1
160,731,16,1
160,732,16,1
160,733,19,1
160,734,19,1
160,735,19,1
160,736,19,1
160,737,50,1
160,738,50,1
160,739,34,1
160,740,23,1
160,741,23,1
160,742,23,1
160,743,51,0
160,744,51,1
160,745,51,1
160,746,51,1
160,747,50,1
160,748,50,0
160,749,50,0
160,750,50,1
160,751,50,1
160,752,50,0
160,753,50,0
160,754,50,0
160,755,28,0
160,756,28,1
160,757,50,1
160,758,50,1
160,759,50,1
160,760,50,1
160,761,50,0
160,762,50,0
160,763,50,0
160,764,50,1
160,765,50,0
160,766,50,1
160,767,50,0
160,768,50,0
160,769,50,0
160,770,50,0
160,771,50,0
160,772,50,0
160,773,92,0
160,774,50,0
160,775,50,0
160,776,50,0
160,777,50,1
160,778,50,1
160,779,50,0
160,780,50,0
160,781,50,0
160,782,50,1
160,783,50,1
160,784,50,1
160,785,53,0
160,786,54,0
160,787,54,1
160,788,53,1
160,789,53,1
160,790,50,1
160,791,50,0
160,792,50,1
160,793,50,1
160,794,50,1
160,795,49,0
160,796,49,0
160,797,49,0
160,798,49,1
160,799,49,1
160,800,49,1
160,801,53,1
160,802,54,1
160,803,94,1
160,804,28,0
160,805,28,0
160,806,28,1
160,807,28,1
160,808,28,1
160,809,28,1
160,810,28,1
161,0,22,1
161,1,20,1
161,2,20,0
161,3,20,0
161,4,20,1
161,5,20,1
161,6,20,1
161,7,20,1
161,8,21,1
161,9,21,1
161,10,21,1
161,11,21,1
161,12,18,1
161,13,22,1
161,14,22,1
161,15,33,1
161,16,33,1
161,17,37,1
161,18,37,1
161,19,37,1
161,20,30,1
161,21,30,1
161,22,37,1
161,23,30,1
161,24,69,1
161,25,69,1
161,26,69,1
161,27,69,0
161,28,69,0
161,29,69,1
161,30,69,1
161,31,24,0
161,32,24,1
161,33,24,1
161,34,24,1
161,35,24,0
161,36,24,0
161,37,24,1
161,38,24,1
161,39,24,1
161,40,24,0
161,41,24,1
161,42,24,1
161,43,24,1
161,44,19,0
161,45,19,0
161,46,19,0
161,47,19,1
161,48,19,0
161,49,19,1
161,50,19,1
161,51,19,0
161,52,19,0
161,53,19,0
161,54,19,0
161,55,19,1
161,56,27,1
161,57,27,1
161,58,59,0
161,59,59,1
161,60,59,1
161,61,59,1
161,62,34,0
161,63,34,0
161,64,34,1
161,65,34,1
161,66,34,1
161,67,41,0
161,68,41,0
161,69,41,0
161,70,41,0
161,71,41,0
161,72,41,1
161,73,41,0
161,74,35,0
161,75,35,1
161,76,35,1
161,77,35,0
161,78,35,1
161,79,21,1
161,80,14,1
161,81,14,0
161,82,14,1
161,83,14,1
161,84,14,1
161,85,26,0
161,86,55,0
161,87,26,0
161,88,26,0
161,89,55,0
161,90,26,1
161,91,26,1
161,92,26,0
161,93,26,1
161,94,26,1
161,95,26,1
161,96,26,1
161,97,26,0
161,98,26,1
161,99,26,1
161,100,26,0
161,101,26,1
161,102,26,0
161,103,26,1
161,104,26,1
161,105,70,0
161,106,70,1
161,107,70,0
161,108,70,1
161,109,70,1
161,110,70,1
161,111,70,0
161,112,19,0
161,113,19,0
161,114,19,0
161,115,19,0
161,116,19,0
161,117,19,0
161,118,19,1
161,119,19,1
161,120,41,0
161,121,41,0
161,122,41,0
161,123,41,0
161,124,41,1
161,125,41,1
161,126,41,1
161,127,35,0
161,128,35,1
161,129,35,1
161,130,35,1
161,131,19,0
161,132,19,0
161,133,19,0
161,134,19,0
161,135,19,1
161,136,19,1
161,137,55,1
161,138,26,1
161,139,26,1
161,140,42,1
161,141,43,1
161,142,25,1
161,143,42,1
161,144,25,1
161,145,42,1
161,146,25,1
161,147,42,1
161,148,25,1
161,149,42,1
161,150,25,1
161,151,42,1
161,152,68,0
161,153,68,1
161,154,1,0
161,155,1,0
161,156,1,0
161,157,1,0
161,158,1,0
161,159,60,0
161,160,34,0
161,161,34,1
161,162,34,0
161,163,34,0
161,164,34,1
161,165,34,1
161,166,34,1
161,167,34,0
161,168,34,0
161,169,34,0
161,170,34,1
161,171,34,0
161,172,36,0
161,173,26,1
161,174,26,0
161,175,26,1
161,176,26,1
161,177,26,0
161,178,26,0
161,179,26,1
161,180,26,1
161,181,26,1
161,182,26,1
161,183,26,0
161,184,26,0
161,185,26,0
161,186,26,1
161,187,26,1
161,188,26,1
161,189,26,0
161,190,26,0
161,191,70,0
161,192,70,0
161,193,58,1
161,194,58,0
161,195,26,0
161,196,26,0
161,197,26,0
161,198,26,0
161,199,26,1
161,200,26,0
161,201,26,0
161,202,42,1
161,203,26,0
161,204,26,0
161,205,26,0
161,206,26,1
161,207,72,0
161,208,72,1
161,209,43,0
161,210,43,1
161,211,43,1
161,212,43,1
161,213,43,1
161,214,43,1
161,215,66,0
161,216,2,1
161,217,68,1
161,218,68,0
161,219,68,1
161,220,68,1
161,221,68,0
161,222,26,0
161,223,26,1
161,224,26,1
161,225,26,0
161,226,58,0
161,227,28,0
161,228,34,0
161,229,34,0
161,230,34,1
161,231,34,1
161,232,34,1
161,233,64,0
161,234,64,0
161,235,70,1
161,236,70,1
161,237,70,1
161,238,70,0
161,239,31,0
161,240,31,1
161,241,31,1
161,242,31,1
161,243,31,0
161,244,80,0
161,245,18,0
161,246,80,0
161,247,18,0
161,248,80,0
161,249,86,0
161,250,84,0
161,251,28,0
161,252,28,0
161,253,84,0
161,254,28,0
161,255,64,0
161,256,64,0
161,257,86,0
161,258,87,0
161,259,86,1
161,260,86,1
161,261,87,0
161,262,87,1
161,263,57,1
161,264,28,1
161,265,28,1
161,266,28,1
161,267,28,1
161,268,28,1
161,269,84,1
161,270,28,1
161,271,84,1
161,272,28,1
161,273,28,1
161,274,28,1
161,275,28,1
161,276,64,1
161,277,64,1
161,278,64,1
161,279,64,1
161,280,64,1
161,281,39,1
161,282,86,0
161,283,86,0
161,284,39,1
161,285,39,1
161,286,75,0
161,287,10,0
161,288,10,0
161,289,10,1
161,290,10,0
161,291,10,0
161,292,68,1
161,293,68,0
161,294,68,1
161,295,68,1
161,296,68,1
161,297,68,1
161,298,68,1
161,299,80,0
161,300,18,0
161,301,10,0
161,302,10,0
161,303,10,1
161,304,10,1
161,305,10,0
161,306,10,0
161,307,31,0
161,308,10,1
161,309,35,1
161,310,31,1
161,311,31,0
161,312,31,1
161,313,31,1
161,314,31,1
161,315,75,1
161,316,26,0
161,317,26,0
161,318,26,1
161,319,26,1
161,320,26,1
161,321,10,1
161,322,35,1
161,323,10,1
161,324,35,1
161,325,2,1
161,326,2,1
161,327,1,1
161,328,1,1
161,329,1,1
161,330,1,1
161,331,1,0
161,332,26,1
161,333,26,1
161,334,70,0
161,335,70,1
161,336,70,1
161,337,70,1
161,338,70,0
161,339,70,1
161,340,70,1
161,341,70,1
161,342,70,0
161,343,70,1
161,344,10,1
161,345,10,1
161,346,10,1
161,347,10,1
161,348,10,0
161,349,10,0
161,350,10,1
161,351,35,1
161,352,6,0
161,353,7,0
161,354,6,0
161,355,9,0
161,356,6,1
161,357,8,1
161,358,10,0
161,359,10,0
161,360,10,0
161,361,10,0
161,362,10,0
161,363,10,1
161,364,10,0
161,365,17,1
161,366,60,1
161,367,60,0
161,368,60,1
161,369,60,1
161,370,60,1
161,371,26,1
161,372,26,1
161,373,10,1
161,374,10,0
161,375,10,1
161,376,10,1
161,377,10,1
161,378,10,1
161,379,10,1
161,380,10,1
161,381,10,1
161,382,35,1
161,383,10,1
161,384,35,1
161,385,6,1
161,386,8,1
161,387,6,1
161,388,7,1
161,389,6,1
161,390,8,1
161,391,6,1
161,392,8,1
161,393,17,1
161,394,17,1
161,395,70,1
161,396,70,1
161,397,26,1
161,398,26,1
161,399,26,1
161,400,26,1
161,401,26,1
161,402,72,0
161,403,72,1
161,404,72,1
161,405,72,0
161,406,72,1
161,407,72,0
161,408,72,1
161,409,80,1
161,410,11,1
161,411,72,1
161,412,72,1
161,413,1,0
161,414,36,1
161,415,36,1
161,416,70,1
161,417,70,1
161,418,70,1
161,419,70,1
161,420,70,1
161,421,70,1
161,422,70,1
161,423,26,1
161,424,26,1
161,425,26,1
161,426,26,1
161,427,4,1
161,428,9,1
161,429,4,1
161,430,9,1
161,431,4,1
161,432,5,1
161,433,4,0
161,434,5,0
161,435,4,1
161,436,5,1
161,437,4,1
161,438,5,1
161,439,4,1
161,440,5,1
161,441,4,1
161,442,7,1
161,443,4,1
161,444,7,1
161,445,5,1
161,446,8,0
161,447,9,1
161,448,5,1
161,449,8,1
161,450,4,1
161,451,22,1
161,452,25,0
161,453,42,0
161,454,25,1
161,455,42,1
161,456,25,1
161,457,42,1
161,458,25,1
161,459,42,1
161,460,25,1
161,461,42,1
161,462,25,1
161,463,42,1
161,464,25,1
161,465,42,1
161,466,25,1
161,467,42,1
161,468,66,0
161,469,1,1
161,470,1,0
161,471,1,1
161,472,1,1
161,473,1,1
161,474,1,1
161,475,1,1
161,476,1,1
161,477,1,0
161,478,1,1
161,479,1,1
161,480,1,1
161,481,1,1
161,482,1,1
161,483,1,1
161,484,3,1
161,485,3,1
161,486,29,1
161,487,4,1
161,488,22,1
161,489,25,0
161,490,42,0
161,491,25,1
161,492,42,1
161,493,25,1
161,494,42,1
161,495,25,1
161,496,42,1
161,497,25,1
161,498,42,1
161,499,25,0
161,500,42,0
161,501,25,1
161,502,42,1
161,503,25,1
161,504,42,1
161,505,25,1
161,506,42,1
161,507,25,1
161,508,42,1
161,509,25,1
161,510,42,1
161,511,25,1
161,512,42,1
161,513,25,1
161,514,42,1
161,515,32,1
161,516,9,1
161,517,32,0
161,518,5,0
161,519,32,1
161,520,5,1
161,521,32,1
161,522,5,1
161,523,32,1
161,524,5,1
161,525,12,0
161,526,13,0
161,527,41,0
161,528,12,1
161,529,35,1
161,530,12,1
161,531,35,1
161,532,12,1
161,533,35,1
161,534,18,1
161,535,18,1
161,536,18,1
161,537,18,1
161,538,18,1
161,539,24,1
161,540,24,0
161,541,24,1
161,542,24,1
161,543,24,1
161,544,24,1
161,545,24,1
161,546,74,1
161,547,74,0
161,548,74,1
161,549,74,1
161,550,74,1
161,551,74,1
161,552,74,1
161,553,60,1
161,554,60,1
161,555,60,1
161,556,60,1
161,557,60,1
161,558,19,1
161,559,19,1
161,560,19,0
161,561,19,1
161,562,19,1
161,563,19,1
161,564,19,1
161,565,19,1
161,566,14,1
161,567,14,0
161,568,14,0
161,569,14,1
161,570,14,1
161,571,14,0
161,572,14,0
161,573,14,1
161,574,14,1
161,575,14,0
161,576,12,0
161,577,13,0
161,578,11,1
161,579,11,0
161,580,11,1
161,581,11,1
161,582,11,1
161,583,11,1
161,584,16,1
161,585,16,0
161,586,16,1
161,587,16,1
161,588,16,1
161,589,16,1
161,590,16,0
161,591,16,1
161,592,16,1
161,593,16,1
161,594,3,0
161,595,12,0
161,596,13,0
161,597,14,0
161,598,12,1
161,599,13,1
161,600,14,1
161,601,12,1
161,602,35,1
161,603,12,1
161,604,35,1
161,605,4,1
161,606,16,1
161,607,4,1
161,608,15,1
161,609,3,0
161,610,3,1
161,611,3,1
161,612,3,1
161,613,29,1
161,614,3,1
161,615,29,1
161,616,3,1
161,617,34,1
161,618,34,1
161,619,34,0
161,620,34,1
161,621,34,1
161,622,34,1
161,623,34,1
161,624,34,1
161,625,23,1
161,626,23,1
161,627,23,1
161,628,23,1
161,629,23,1
161,630,23,1
161,631,23,1
161,632,41,1
161,633,41,1
161,634,41,1
161,635,41,1
161,636,41,1
161,637,41,0
161,638,12,1
161,639,35,1
161,640,12,1
161,641,35,1
161,642,12,1
161,643,35,1
161,644,12,1
161,645,35,1
161,646,35,1
161,647,14,1
161,648,14,1
161,649,14,0
161,650,14,1
161,651,14,1
161,652,14,1
161,653,14,1
161,654,14,1
161,655,31,0
161,656,71,1
161,657,32,1
161,658,5,1
161,659,32,1
161,660,9,1
161,661,32,0
161,662,5,0
161,663,32,1
161,664,9,1
161,665,32,1
161,666,5,1
161,667,32,1
161,668,5,1
161,669,32,1
161,670,5,1
161,671,32,1
161,672,5,1
161,673,17,1
161,674,17,1
161,675,17,1
161,676,17,1
161,677,17,1
161,678,6,1
161,679,7,1
161,680,6,1
161,681,5,1
161,682,6,1
161,683,9,1
161,684,6,1
161,685,5,1
161,686,6,1
161,687,5,1
161,688,1,0
161,689,48,1
161,690,52,1
161,691,50,1
161,692,50,1
161,693,51,0
161,694,51,1
161,695,51,1
161,696,51,0
161,697,51,0
161,698,51,1
161,699,51,1
161,700,51,1
161,701,29,0
161,702,3,0
161,703,29,0
161,704,3,0
161,705,51,1
161,706,50,0
161,707,50,1
161,708,50,1
161,709,50,1
161,710,50,1
161,711,50,1
161,712,50,1
161,713,50,1
161,714,50,1
161,715,50,1
161,716,50,1
161,717,50,1
161,718,50,1
161,719,54,1
161,720,49,1
161,721,53,1
161,722,54,1
161,723,66,0
161,724,66,0
161,725,94,1
161,726,28,0
161,727,28,0
161,728,16,1
161,729,16,1
161,730,1,1
161,731,1,1
161,732,1,1
161,733,1,0
161,734,1,1
161,735,1,1
161,736,1,0
161,737,1,0
161,738,1,1
161,739,1,1
161,740,1,0
161,741,1,1
161,742,86,0
161,743,86,0
161,744,86,0
161,745,86,0
161,746,86,1
161,747,75,1
161,748,75,0
161,749,75,0
161,750,75,1
161,751,75,0
161,752,29,0
161,753,3,0
161,754,29,0
161,755,3,0
161,756,29,0
161,757,3,0
161,758,29,0
161,759,3,0
161,760,29,0
161,761,3,0
161,762,28,1
161,763,28,1
161,764,28,1
161,765,28,1
161,766,28,1
161,767,50,0
161,768,50,1
161,769,50,1
161,770,50,0
161,771,29,0
161,772,3,0
161,773,29,1
161,774,3,1
161,775,29,0
161,776,3,0
161,777,58,0
161,778,4,0
161,779,16,0
161,780,16,0
161,781,16,0
161,782,4,0
161,783,16,0
161,784,16,0
161,785,4,0
161,786,16,0
161,787,16,0
161,788,86,0
161,789,86,1
161,790,31,1
161,791,1,0
161,792,1,1
161,793,1,0
161,794,1,1
161,795,1,1
161,796,11,1
161,797,11,1
161,798,32,1
161,799,9,1
161,800,32,1
161,801,5,1
162,0,22,1
162,1,20,0
162,2,20,0
162,3,20,0
162,4,20,1
162,5,20,0
162,6,20,1
162,7,20,1
162,8,20,0
162,9,20,1
162,10,20,0
162,11,20,0
162,12,20,0
162,13,20,0
162,14,20,0
162,15,20,1
162,16,20,0
162,17,20,0
162,18,20,1
162,19,20,1
162,20,21,1
162,21,21,1
162,22,20,1
162,23,20,1
162,24,20,0
162,25,20,1
162,26,20,1
162,27,20,1
162,28,20,0
162,29,20,0
162,30,20,0
162,31,20,1
162,32,20,1
162,33,20,1
162,34,21,1
162,35,21,1
162,36,18,0
162,37,18,1
162,38,18,1
162,39,18,1
162,40,33,1
162,41,33,1
162,42,37,1
162,43,37,1
162,44,30,0
162,45,30,1
162,46,30,1
162,47,30,0
162,48,30,1
162,49,30,1
162,50,37,1
162,51,30,1
162,52,69,0
162,53,69,1
162,54,69,1
162,55,69,1
162,56,69,0
162,57,69,1
162,58,69,1
162,59,69,1
162,60,30,1
162,61,30,0
162,62,30,1
162,63,30,1
162,64,30,0
162,65,30,1
162,66,30,0
162,67,30,1
162,68,30,0
162,69,30,1
162,70,30,0
162,71,30,1
162,72,30,1
162,73,30,1
162,74,24,1
162,75,24,1
162,76,24,0
162,77,24,1
162,78,24,1
162,79,24,1
162,80,19,1
162,81,19,1
162,82,60,0
162,83,27,1
162,84,27,1
162,85,59,1
162,86,34,1
162,87,34,0
162,88,34,0
162,89,34,1
162,90,34,0
162,91,34,0
162,92,34,1
162,93,41,0
162,94,41,0
162,95,41,0
162,96,41,1
162,97,41,1
162,98,41,1
162,99,35,0
162,100,35,1
162,101,35,1
162,102,35,1
162,103,21,1
162,104,14,0
162,105,14,0
162,106,14,1
162,107,14,0
162,108,14,1
162,109,14,1
162,110,36,0
162,111,14,1
162,112,34,0
162,113,34,1
162,114,34,0
162,115,34,0
162,116,34,0
162,117,34,0
162,118,34,1
162,119,34,1
162,120,14,1
162,121,26,1
162,122,26,0
162,123,26,1
162,124,26,1
162,125,26,1
162,126,26,1
162,127,26,1
162,128,26,0
162,129,26,1
162,130,26,0
162,131,26,0
162,132,26,1
162,133,26,0
162,134,26,1
162,135,26,1
162,136,70,1
162,137,70,0
162,138,70,1
162,139,70,0
162,140,70,1
162,141,70,1
162,142,70,1
162,143,70,0
162,144,70,1
162,145,70,1
162,146,70,1
162,147,70,0
162,148,70,1
162,149,70,1
162,150,70,1
162,151,70,0
162,152,70,1
162,153,70,1
162,154,70,1
162,155,70,1
162,156,26,0
162,157,26,0
162,158,26,1
162,159,26,1
162,160,26,0
162,161,26,0
162,162,26,1
162,163,26,1
162,164,26,1
162,165,70,1
162,166,70,1
162,167,70,1
162,168,70,1
162,169,37,0
162,170,37,1
162,171,37,0
162,172,37,1
162,173,37,1
162,174,37,0
162,175,37,0
162,176,34,0
162,177,34,1
162,178,34,1
162,179,34,1
162,180,37,0
162,181,37,0
162,182,37,0
162,183,37,0
162,184,37,1
162,185,37,1
162,186,37,0
162,187,37,0
162,188,37,0
162,189,37,0
162,190,37,1
162,191,37,1
162,192,37,1
162,193,26,1
162,194,26,1
162,195,26,0
162,196,26,1
162,197,26,1
162,198,26,1
162,199,26,1
162,200,26,0
162,201,26,1
162,202,26,1
162,203,26,0
162,204,26,1
162,205,70,0
162,206,70,1
162,207,70,0
162,208,70,1
162,209,70,1
162,210,70,1
162,211,70,0
162,212,70,1
162,213,70,1
162,214,70,1
162,215,70,0
162,216,70,1
162,217,70,0
162,218,70,1
162,219,70,0
162,220,70,1
162,221,70,0
162,222,70,1
162,223,70,0
162,224,70,1
162,225,70,0
162,226,26,1
162,227,26,0
162,228,26,0
162,229,26,0
162,230,26,1
162,231,26,1
162,232,26,1
162,233,26,1
162,234,70,0
162,235,70,0
162,236,70,1
162,237,70,1
162,238,70,0
162,239,70,1
162,240,58,1
162,241,58,0
162,242,58,0
162,243,58,1
162,244,58,1
162,245,58,1
162,246,26,1
162,247,42,1
162,248,25,1
162,249,42,1
162,250,25,0
162,251,42,0
162,252,25,0
162,253,42,0
162,254,25,1
162,255,42,1
162,256,25,1
162,257,42,1
162,258,25,1
162,259,42,1
162,260,25,1
162,261,42,1
162,262,25,0
162,263,42,0
162,264,25,0
162,265,42,0
162,266,25,0
162,267,42,0
162,268,25,1
162,269,42,1
162,270,25,1
162,271,42,1
162,272,25,1
162,273,42,1
162,274,25,1
162,275,42,1
162,276,42,1
162,277,43,1
162,278,26,0
162,279,26,1
162,280,26,1
162,281,25,1
162,282,42,1
162,283,72,0
162,284,72,0
162,285,72,0
162,286,72,0
162,287,43,1
162,288,43,1
162,289,43,1
162,290,43,1
162,291,43,1
162,292,72,0
162,293,72,0
162,294,72,1
162,295,72,1
162,296,72,0
162,297,72,1
162,298,72,1
162,299,72,1
162,300,66,0
162,301,66,0
162,302,68,0
162,303,66,1
162,304,66,0
162,305,66,0
162,306,66,0
162,307,66,1
162,308,66,1
162,309,66,0
162,310,66,0
162,311,68,1
162,312,68,1
162,313,68,1
162,314,68,0
162,315,68,1
162,316,68,1
162,317,68,1
162,318,1,0
162,319,1,1
162,320,1,1
162,321,1,1
162,322,1,1
162,323,1,1
162,324,1,1
162,325,1,1
162,326,1,0
162,327,1,1
162,328,1,1
162,329,1,1
162,330,1,1
162,331,1,0
162,332,1,1
162,333,1,1
162,334,1,0
162,335,1,1
162,336,1,0
162,337,1,1
162,338,1,1
162,339,1,1
162,340,1,1
162,341,1,0
162,342,1,0
162,343,1,0
162,344,1,1
162,345,1,1
162,346,1,0
162,347,1,1
162,348,1,0
162,349,1,1
162,350,1,0
162,351,1,1
162,352,1,1
162,353,1,1
162,354,1,0
162,355,1,1
162,356,1,1
162,357,1,1
162,358,1,1
162,359,1,1
162,360,2,0
162,361,2,1
162,362,81,1
162,363,2,0
162,364,2,0
162,365,1,0
162,366,1,1
162,367,1,1
162,368,1,1
162,369,1,1
162,370,1,1
162,371,1,1
162,372,1,1
162,373,1,0
162,374,1,1
162,375,1,1
162,376,1,1
162,377,1,1
162,378,1,1
162,379,1,1
162,380,1,1
162,381,1,1
162,382,1,1
162,383,1,1
162,384,31,0
162,385,31,0
162,386,31,0
162,387,31,1
162,388,31,1
162,389,31,1
162,390,31,0
162,391,31,0
162,392,31,0
162,393,31,0
162,394,31,0
162,395,31,1
162,396,31,1
162,397,31,0
162,398,31,1
162,399,31,1
162,400,31,1
162,401,80,0
162,402,18,0
162,403,80,0
162,404,18,0
162,405,80,0
162,406,18,0
162,407,80,1
162,408,18,1
162,409,80,1
162,410,18,1
162,411,31,0
162,412,31,0
162,413,31,1
162,414,31,1
162,415,31,1
162,416,80,0
162,417,18,0
162,418,80,0
162,419,57,1
162,420,80,1
162,421,18,1
162,422,80,1
162,423,18,1
162,424,28,1
162,425,28,0
162,426,28,1
162,427,28,0
162,428,28,0
162,429,28,0
162,430,28,1
162,431,28,0
162,432,28,0
162,433,28,1
162,434,28,1
162,435,28,1
162,436,66,1
162,437,66,1
162,438,66,0
162,439,28,0
162,440,28,1
162,441,28,0
162,442,28,1
162,443,28,1
162,444,28,1
162,445,66,0
162,446,28,0
162,447,28,1
162,448,28,1
162,449,28,1
162,450,84,0
162,451,28,0
162,452,84,1
162,453,28,1
162,454,84,0
162,455,28,0
162,456,84,1
162,457,28,1
162,458,84,1
162,459,28,1
162,460,84,1
162,461,28,1
162,462,64,0
162,463,64,1
162,464,64,1
162,465,64,1
162,466,64,1
162,467,39,1
162,468,86,0
162,469,86,1
162,470,86,0
162,471,86,0
162,472,86,0
162,473,86,1
162,474,86,0
162,475,86,0
162,476,86,0
162,477,86,1
162,478,87,0
162,479,86,0
162,480,39,1
162,481,87,1
162,482,86,1
162,483,86,1
162,484,86,1
162,485,75,0
162,486,75,0
162,487,75,1
162,488,75,0
162,489,75,1
162,490,75,0
162,491,75,1
162,492,75,1
162,493,75,0
162,494,75,1
162,495,75,1
162,496,75,1
162,497,87,0
162,498,87,1
162,499,39,0
162,500,87,1
162,501,39,1
162,502,39,1
162,503,66,1
162,504,66,0
162,505,66,0
162,506,66,0
162,507,66,1
162,508,66,1
162,509,66,0
162,510,66,0
162,511,66,1
162,512,66,1
162,513,66,1
162,514,66,1
162,515,66,1
162,516,10,1
162,517,10,0
162,518,10,1
162,519,10,1
162,520,10,1
162,521,10,1
162,522,10,1
162,523,10,0
162,524,35,0
162,525,10,0
162,526,35,0
162,527,10,0
162,528,35,0
162,529,10,0
162,530,35,0
162,531,10,1
162,532,35,1
162,533,10,1
162,534,35,1
162,535,10,1
162,536,35,1
162,537,10,0
162,538,35,0
162,539,10,0
162,540,35,0
162,541,10,1
162,542,35,1
162,543,10,1
162,544,35,1
162,545,10,1
162,546,35,1
162,547,6,1
162,548,5,1
162,549,6,0
162,550,9,0
162,551,6,0
162,552,8,0
162,553,6,1
162,554,8,1
162,555,6,1
162,556,7,1
162,557,6,1
162,558,7,1
162,559,17,0
162,560,17,1
162,561,17,0
162,562,17,1
162,563,17,1
162,564,17,1
162,565,11,0
162,566,11,0
162,567,11,1
162,568,11,0
162,569,11,1
162,570,11,0
162,571,11,0
162,572,11,1
162,573,11,1
162,574,11,1
162,575,4,0
162,576,9,0
162,577,4,1
162,578,9,1
162,579,4,1
162,580,9,1
162,581,4,0
162,582,9,0
162,583,4,0
162,584,9,0
162,585,4,1
162,586,9,1
162,587,4,1
162,588,9,1
162,589,4,1
162,590,9,1
162,591,4,0
162,592,5,0
162,593,4,0
162,594,5,0
162,595,4,0
162,596,5,0
162,597,4,0
162,598,5,0
162,599,4,0
162,600,5,0
162,601,4,0
162,602,5,0
162,603,4,1
162,604,5,1
162,605,4,0
162,606,5,0
162,607,4,1
162,608,7,1
162,609,4,1
162,610,7,1
162,611,8,0
162,612,8,1
162,613,8,1
162,614,8,1
162,615,9,0
162,616,8,0
162,617,9,1
162,618,5,1
162,619,8,0
162,620,5,1
162,621,5,1
162,622,25,1
162,623,42,1
162,624,25,0
162,625,42,0
162,626,25,1
162,627,42,1
162,628,25,1
162,629,42,1
162,630,25,1
162,631,42,1
162,632,25,1
162,633,42,1
162,634,25,1
162,635,42,1
162,636,25,1
162,637,42,1
162,638,25,1
162,639,42,1
162,640,4,1
162,641,22,1
162,642,3,0
162,643,3,0
162,644,3,1
162,645,3,1
162,646,3,1
162,647,29,1
162,648,18,0
162,649,18,0
162,650,24,0
162,651,24,1
162,652,24,0
162,653,24,1
162,654,24,1
162,655,24,1
162,656,24,1
162,657,24,1
162,658,74,1
162,659,60,1
162,660,60,1
162,661,60,1
162,662,60,1
162,663,60,1
162,664,19,1
162,665,19,1
162,666,19,1
162,667,19,1
162,668,19,1
162,669,4,0
162,670,22,0
162,671,4,0
162,672,22,0
162,673,4,0
162,674,22,0
162,675,4,1
162,676,22,1
162,677,4,0
162,678,22,0
162,679,25,0
162,680,42,0
162,681,25,1
162,682,42,1
162,683,25,0
162,684,42,0
162,685,25,0
162,686,42,0
162,687,25,1
162,688,42,1
162,689,25,1
162,690,42,1
162,691,25,1
162,692,42,1
162,693,25,1
162,694,42,1
162,695,25,1
162,696,42,1
162,697,25,1
162,698,42,1
162,699,25,1
162,700,42,1
162,701,32,0
162,702,9,0
162,703,32,0
162,704,5,0
162,705,32,0
162,706,5,0
162,707,32,0
162,708,5,0
162,709,32,1
162,710,5,1
162,711,74,1
162,712,74,1
162,713,74,1
162,714,74,1
162,715,18,0
162,716,18,1
162,717,18,0
162,718,18,1
162,719,18,1
162,720,18,1
162,721,18,1
162,722,18,1
162,723,12,0
162,724,13,0
162,725,41,0
162,726,12,0
162,727,13,0
162,728,41,0
162,729,12,0
162,730,35,0
162,731,12,1
162,732,35,1
162,733,12,0
162,734,13,0
162,735,41,0
162,736,12,1
162,737,13,1
162,738,41,1
162,739,12,1
162,740,13,1
162,741,41,1
162,742,4,0
162,743,22,0
162,744,4,1
162,745,22,1
162,746,4,1
162,747,22,1
162,748,4,1
162,749,22,1
162,750,32,1
162,751,9,1
162,752,32,1
162,753,9,1
162,754,12,1
162,755,13,1
162,756,41,1
162,757,12,1
162,758,13,1
162,759,12,0
162,760,13,0
162,761,14,0
162,762,12,0
162,763,13,0
162,764,14,0
162,765,12,1
162,766,13,1
162,767,14,1
162,768,12,0
162,769,13,0
162,770,41,0
162,771,12,0
162,772,13,0
162,773,14,0
162,774,12,0
162,775,13,0
162,776,12,0
162,777,13,0
162,778,14,0
162,779,12,0
162,780,13,0
162,781,12,1
162,782,13,1
162,783,41,1
162,784,12,1
162,785,13,1
162,786,12,1
162,787,13,1
162,788,12,0
162,789,35,0
162,790,12,1
162,791,35,1
162,792,12,0
162,793,13,0
162,794,14,0
162,795,12,1
162,796,35,1
162,797,12,0
162,798,35,0
162,799,12,0
162,800,35,0
162,801,12,1
162,802,35,1
162,803,12,1
162,804,35,1
162,805,12,1
162,806,35,1
162,807,4,0
162,808,5,0
162,809,4,0
162,810,5,0
162,811,4,0
162,812,5,0
162,813,4,0
162,814,5,0
162,815,4,0
162,816,5,0
162,817,4,0
162,818,5,0
162,819,8,0
162,820,14,1
162,821,14,0
162,822,14,0
162,823,14,0
162,824,14,0
162,825,14,1
162,826,14,1
162,827,14,0
162,828,14,1
162,829,14,1
162,830,41,1
162,831,41,1
162,832,41,1
162,833,12,1
162,834,35,1
162,835,35,1
162,836,41,0
162,837,41,1
162,838,41,1
162,839,41,1
162,840,41,1
162,841,41,1
162,842,34,1
162,843,34,1
162,844,34,1
162,845,34,1
162,846,34,1
162,847,11,0
162,848,11,1
162,849,11,1
162,850,11,0
162,851,11,1
162,852,14,1
162,853,14,0
162,854,14,1
162,855,14,0
162,856,14,1
162,857,14,0
162,858,14,1
162,859,14,0
162,860,14,1
162,861,14,1
162,862,14,0
162,863,11,1
162,864,11,0
162,865,11,1
162,866,11,1
162,867,11,1
162,868,11,1
162,869,14,1
162,870,14,1
162,871,14,0
162,872,14,1
162,873,14,1
162,874,14,0
162,875,14,0
162,876,14,0
162,877,14,0
162,878,14,0
162,879,14,1
162,880,14,0
162,881,14,0
162,882,14,1
162,883,14,1
162,884,14,1
162,885,14,1
162,886,14,1
162,887,16,0
162,888,16,1
162,889,16,1
162,890,16,1
162,891,23,0
162,892,23,0
162,893,23,0
162,894,23,1
162,895,23,1
162,896,23,1
162,897,23,1
162,898,23,1
162,899,23,0
162,900,23,1
162,901,23,1
162,902,23,0
162,903,23,1
162,904,23,1
162,905,23,0
162,906,23,1
162,907,23,1
162,908,23,1
162,909,16,0
162,910,16,1
162,911,16,1
162,912,16,1
162,913,23,1
162,914,23,1
162,915,4,1
162,916,16,1
162,917,4,1
162,918,16,1
162,919,3,0
162,920,3,0
162,921,3,0
162,922,3,0
162,923,3,0
162,924,3,0
162,925,3,1
162,926,29,0
162,927,3,0
162,928,29,0
162,929,3,0
162,930,29,0
162,931,3,0
162,932,4,1
162,933,5,1
162,934,4,1
162,935,5,1
162,936,9,0
162,937,5,0
162,938,8,0
162,939,9,0
162,940,9,0
162,941,3,0
162,942,3,0
162,943,3,0
162,944,3,0
162,945,3,0
162,946,3,0
162,947,17,0
162,948,17,1
162,949,17,1
162,950,17,1
162,951,17,1
162,952,17,1
162,953,6,0
162,954,8,0
162,955,6,1
162,956,7,1
162,957,6,1
162,958,8,1
162,959,6,1
162,960,7,1
162,961,6,0
162,962,5,0
162,963,6,1
162,964,9,1
162,965,6,1
162,966,9,1
162,967,6,1
162,968,8,1
162,969,6,0
162,970,8,0
162,971,6,0
162,972,5,0
162,973,32,1
162,974,9,1
162,975,32,0
162,976,32,1
162,977,9,1
162,978,32,0
162,979,9,0
162,980,32,0
162,981,32,1
162,982,32,1
162,983,9,1
162,984,32,0
162,985,32,1
162,986,9,1
162,987,32,0
162,988,29,0
162,989,3,0
162,990,6,0
162,991,9,0
162,992,6,1
162,993,5,1
162,994,6,1
162,995,7,1
162,996,6,1
162,997,8,1
162,998,6,1
162,999,7,1
162,1000,6,1
162,1001,5,1
162,1002,32,1
162,1003,32,0
162,1004,32,0
162,1005,32,0
162,1006,32,1
162,1007,32,0
162,1008,9,0
162,1009,32,1
162,1010,32,0
162,1011,32,1
162,1012,32,1
162,1013,9,1
162,1014,32,1
162,1015,9,1
162,1016,71,1
162,1017,5,1
162,1018,32,0
162,1019,32,0
162,1020,9,0
162,1021,32,0
162,1022,32,0
162,1023,32,1
162,1024,9,1
162,1025,32,0
162,1026,32,1
162,1027,32,0
162,1028,32,1
162,1029,9,1
162,1030,32,0
162,1031,32,0
162,1032,52,1
162,1033,32,1
162,1034,32,0
162,1035,32,1
162,1036,9,1
162,1037,32,0
162,1038,32,1
162,1039,9,1
162,1040,32,1
162,1041,32,1
162,1042,32,0
162,1043,32,0
162,1044,32,0
162,1045,9,0
162,1046,48,1
162,1047,16,1
162,1048,16,1
162,1049,16,0
162,1050,16,1
162,1051,16,0
162,1052,16,1
162,1053,16,1
162,1054,16,1
162,1055,16,0
162,1056,3,0
162,1057,50,1
162,1058,50,0
162,1059,50,0
162,1060,50,1
162,1061,50,1
162,1062,50,1
162,1063,51,1
162,1064,16,0
162,1065,16,1
162,1066,16,1
162,1067,16,1
162,1068,16,1
162,1069,16,1
162,1070,51,1
162,1071,50,1
162,1072,50,0
162,1073,50,1
162,1074,50,0
162,1075,50,0
162,1076,50,0
162,1077,50,0
162,1078,3,0
162,1079,3,1
162,1080,3,0
162,1081,3,1
162,1082,50,0
162,1083,50,1
162,1084,50,1
162,1085,50,0
162,1086,50,1
162,1087,50,1
162,1088,50,1
162,1089,50,0
162,1090,50,1
162,1091,50,1
162,1092,50,1
162,1093,50,0
162,1094,50,0
162,1095,50,0
162,1096,3,0
162,1097,3,0
162,1098,50,0
162,1099,50,0
162,1100,50,0
162,1101,50,0
162,1102,50,0
162,1103,50,1
162,1104,50,1
162,1105,53,0
162,1106,53,0
162,1107,53,1
162,1108,54,1
162,1109,54,1
162,1110,49,1
162,1111,53,1
162,1112,54,1
162,1113,50,0
162,1114,94,0
162,1115,94,0
162,1116,92,0
162,1117,28,1
162,1118,28,0
162,1119,28,1
162,1120,28,1
162,1121,28,1
162,1122,28,0
162,1123,28,0
162,1124,28,1
162,1125,28,1
162,1126,28,0
162,1127,93,0
162,1128,93,0
162,1129,94,1
162,1130,93,0
162,1131,94,1
162,1132,50,0
162,1133,3,0
162,1134,3,0
162,1135,50,0
162,1136,50,0
162,1137,50,0
162,1138,50,1
162,1139,50,1
162,1140,50,1
162,1141,50,0
162,1142,50,0
162,1143,3,1
162,1144,50,0
162,1145,50,1
162,1146,50,0
162,1147,50,0
162,1148,50,0
162,1149,93,1
162,1150,28,0
162,1151,28,1
162,1152,28,1
162,1153,28,1
162,1154,28,1
162,1155,28,1
162,1156,50,0
162,1157,50,1
162,1158,50,1
162,1159,50,0
162,1160,50,0
162,1161,50,0
162,1162,50,1
162,1163,50,1
162,1164,50,0
162,1165,50,1
162,1166,50,1
162,1167,11,1
162,1168,11,1
162,1169,32,1
162,1170,9,1
162,1171,32,0
162,1172,5,0
162,1173,32,0
162,1174,5,0
162,1175,32,0
162,1176,5,0
163,0,37,1
163,1,37,1
163,2,37,1
163,3,37,0
163,4,37,1
163,5,37,1
163,6,37,1
163,7,30,1
163,8,30,1
163,9,30,1
163,10,30,1
163,11,30,1
163,12,30,1
163,13,12,0
163,14,13,0
163,15,41,0
163,16,12,0
163,17,35,0
163,18,12,1
163,19,35,1
163,20,12,0
163,21,13,0
163,22,41,0
163,23,12,1
163,24,35,1
163,25,12,0
163,26,13,0
163,27,41,0
163,28,12,1
163,29,13,1
163,30,41,1
163,31,12,0
163,32,35,0
163,33,12,1
163,34,13,1
163,35,41,1
163,36,12,0
163,37,35,0
163,38,12,0
163,39,35,0
163,40,12,0
163,41,35,0
163,42,12,1
163,43,13,1
163,44,41,1
163,45,12,0
163,46,13,0
163,47,41,0
163,48,12,0
163,49,35,0
163,50,12,1
163,51,13,1
163,52,41,1
163,53,12,0
163,54,35,0
163,55,12,0
163,56,35,0
163,57,12,0
163,58,35,0
163,59,12,0
163,60,35,0
163,61,12,0
163,62,35,0
163,63,12,0
163,64,13,0
163,65,41,0
163,66,12,0
163,67,35,0
163,68,12,0
163,69,13,0
163,70,41,0
163,71,12,1
163,72,13,1
163,73,41,1
163,74,12,0
163,75,35,0
163,76,12,0
163,77,13,0
163,78,41,0
163,79,12,0
163,80,35,0
163,81,12,0
163,82,35,0
163,83,12,0
163,84,35,0
163,85,12,0
163,86,35,0
163,87,12,0
163,88,35,0
163,89,12,0
163,90,13,0
163,91,41,0
163,92,12,0
163,93,13,0
163,94,41,0
163,95,12,0
163,96,35,0
163,97,12,1
163,98,13,1
163,99,41,1
163,100,12,1
163,101,13,1
163,102,41,1
163,103,12,1
163,104,13,1
163,105,41,1
163,106,12,0
163,107,35,0
163,108,12,1
163,109,13,1
163,110,41,1
163,111,12,1
163,112,13,1
163,113,41,1
163,114,12,1
163,115,13,1
163,116,41,1
163,117,34,1
163,118,34,0
163,119,34,1
163,120,34,1
163,121,34,1
163,122,34,0
163,123,34,1
163,124,34,1
163,125,34,1
163,126,34,1
163,127,34,1
163,128,34,0
163,129,34,1
163,130,34,1
163,131,34,1
163,132,34,1
163,133,34,1
163,134,34,1
163,135,34,1
163,136,34,1
163,137,34,1
163,138,34,1
163,139,34,1
163,140,34,0
163,141,34,1
163,142,34,1
163,143,34,1
163,144,34,0
163,145,34,0
163,146,34,1
163,147,34,1
163,148,34,1
163,149,36,1
163,150,36,0
163,151,41,1
163,152,41,0
163,153,41,1
163,154,41,0
163,155,41,1
163,156,41,1
163,157,41,1
164,0,37,0
164,1,37,0
164,2,37,1
164,3,37,1
164,4,37,1
164,5,37,1
164,6,37,1
164,7,37,1
164,8,30,0
164,9,30,1
164,10,30,0
164,11,30,1
164,12,30,1
164,13,30,1
164,14,30,1
164,15,30,1
164,16,30,1
164,17,12,0
164,18,35,0
164,19,12,0
164,20,13,0
164,21,41,0
164,22,12,0
164,23,13,0
164,24,41,0
164,25,12,0
164,26,35,0
164,27,12,1
164,28,13,1
164,29,41,1
164,30,12,1
164,31,35,1
164,32,12,1
164,33,13,1
164,34,41,1
164,35,12,1
164,36,35,1
164,37,34,1
164,38,34,1
164,39,34,1
164,40,34,0
164,41,34,0
164,42,34,1
164,43,34,0
164,44,34,1
164,45,34,1
164,46,34,1
164,47,34,1
164,48,34,0
164,49,34,1
164,50,34,1
164,51,34,1
164,52,34,1
164,53,34,1
164,54,34,1
164,55,34,0
164,56,34,1
164,57,34,1
164,58,34,1
164,59,34,0
164,60,34,1
164,61,34,1
164,62,34,1
164,63,34,1
164,64,34,0
164,65,34,1
164,66,34,0
164,67,34,0
164,68,34,1
164,69,34,1
164,70,34,0
164,71,34,0
164,72,34,0
164,73,34,1
164,74,34,1
164,75,34,0
164,76,34,0
164,77,34,1
164,78,34,1
164,79,34,1
164,80,34,1
164,81,34,1
164,82,34,1
164,83,34,0
164,84,34,1
164,85,34,0
164,86,34,1
164,87,34,1
164,88,34,1
164,89,34,0
164,90,34,1
164,91,34,1
164,92,34,1
164,93,34,1
164,94,34,1
164,95,34,0
164,96,34,1
164,97,34,1
164,98,34,1
164,99,34,1
164,100,34,1
164,101,41,0
164,102,36,1
164,103,36,0
164,104,36,0
164,105,36,0
164,106,36,0
164,107,36,0
164,108,41,0
164,109,41,0
164,110,41,0
164,111,41,0
164,112,41,0
164,113,36,0
164,114,36,0
164,115,36,0
164,116,36,0
164,117,36,0
164,118,36,0
164,119,36,0
164,120,36,0
164,121,41,1
164,122,41,1
164,123,36,1
164,124,36,1
164,125,36,1
165,0,37,1
165,1,37,1
165,2,37,1
165,3,37,0
165,4,37,1
165,5,37,1
165,6,37,1
165,7,30,1
165,8,30,1
165,9,30,1
165,10,30,1
165,11,30,1
165,12,30,0
165,13,30,1
165,14,30,0
165,15,30,1
165,16,30,1
165,17,30,1
165,18,12,0
165,19,13,0
165,20,41,0
165,21,12,1
165,22,13,1
165,23,41,1
165,24,12,0
165,25,35,0
165,26,12,1
165,27,13,1
165,28,41,1
165,29,12,1
165,30,13,1
165,31,41,1
165,32,12,0
165,33,35,0
165,34,12,1
165,35,13,1
165,36,41,1
165,37,12,0
165,38,13,0
165,39,41,0
165,40,12,0
165,41,35,0
165,42,12,0
165,43,35,0
165,44,12,0
165,45,13,0
165,46,41,0
165,47,12,1
165,48,35,1
165,49,12,0
165,50,13,0
165,51,41,0
165,52,12,1
165,53,35,1
165,54,12,0
165,55,13,0
165,56,41,0
165,57,12,1
165,58,35,1
165,59,12,1
165,60,35,1
165,61,12,1
165,62,35,1
165,63,12,0
165,64,35,0
165,65,12,1
165,66,35,1
165,67,12,1
165,68,35,1
165,69,12,1
165,70,35,1
165,71,34,1
165,72,34,0
165,73,34,1
165,74,34,1
165,75,34,1
165,76,34,0
165,77,34,1
165,78,34,1
165,79,34,1
165,80,34,1
165,81,34,1
165,82,34,1
165,83,34,1
165,84,34,1
165,85,34,0
165,86,34,1
165,87,34,1
165,88,34,1
165,89,34,1
165,90,34,1
165,91,34,1
165,92,34,1
165,93,34,1
165,94,34,0
165,95,34,1
165,96,34,1
165,97,34,1
165,98,34,1
165,99,41,0
165,100,41,0
165,101,41,0
165,102,36,0
165,103,36,0
165,104,36,0
165,105,36,0
165,106,36,0
165,107,36,0
165,108,36,0
165,109,36,0
165,110,36,1
165,111,36,1
165,112,36,1
165,113,36,0
165,114,41,1
165,115,41,1
165,116,41,1
165,117,36,1
166,0,37,0
166,1,37,1
166,2,37,1
166,3,37,1
166,4,37,1
166,5,37,1
166,6,37,1
166,7,30,1
166,8,30,0
166,9,30,0
166,10,30,0
166,11,30,0
166,12,30,1
166,13,30,1
166,14,30,0
166,15,30,0
166,16,30,1
166,17,30,0
166,18,30,1
166,19,30,0
166,20,30,1
166,21,30,1
166,22,30,0
166,23,30,0
166,24,30,1
166,25,30,1
166,26,30,1
166,27,30,1
166,28,30,1
166,29,12,0
166,30,35,0
166,31,12,0
166,32,35,0
166,33,12,1
166,34,35,1
166,35,12,0
166,36,35,0
166,37,12,1
166,38,35,1
166,39,12,0
166,40,13,0
166,41,41,0
166,42,12,1
166,43,35,1
166,44,12,0
166,45,35,0
166,46,12,0
166,47,13,0
166,48,41,0
166,49,12,0
166,50,13,0
166,51,41,0
166,52,12,0
166,53,13,0
166,54,41,0
166,55,12,0
166,56,13,0
166,57,41,0
166,58,12,0
166,59,13,0
166,60,41,0
166,61,12,0
166,62,13,0
166,63,41,0
166,64,12,0
166,65,13,0
166,66,41,0
166,67,12,0
166,68,13,0
166,69,41,0
166,70,12,0
166,71,35,0
166,72,12,0
166,73,35,0
166,74,12,0
166,75,13,0
166,76,41,0
166,77,12,0
166,78,35,0
166,79,12,0
166,80,35,0
166,81,12,0
166,82,13,0
166,83,41,0
166,84,12,0
166,85,35,0
166,86,12,0
166,87,35,0
166,88,12,0
166,89,13,0
166,90,41,0
166,91,12,0
166,92,35,0
166,93,12,0
166,94,13,0
166,95,41,0
166,96,12,0
166,97,13,0
166,98,41,0
166,99,12,1
166,100,13,1
166,101,41,1
166,102,12,0
166,103,35,0
166,104,12,0
166,105,35,0
166,106,12,0
166,107,35,0
166,108,12,0
166,109,13,0
166,110,41,0
166,111,12,0
166,112,13,0
166,113,41,0
166,114,12,0
166,115,35,0
166,116,12,0
166,117,35,0
166,118,12,0
166,119,35,0
166,120,12,0
166,121,35,0
166,122,12,0
166,123,13,0
166,124,41,0
166,125,12,0
166,126,13,0
166,127,41,0
166,128,12,0
166,129,35,0
166,130,12,0
166,131,13,0
166,132,41,0
166,133,12,0
166,134,13,0
166,135,41,0
166,136,34,0
166,137,34,1
166,138,34,1
166,139,34,1
166,140,34,1
166,141,34,0
166,142,34,0
166,143,34,1
166,144,34,1
166,145,34,0
166,146,34,1
166,147,34,0
166,148,34,0
166,149,34,1
166,150,34,1
166,151,34,0
166,152,34,0
166,153,34,1
166,154,34,1
166,155,34,1
166,156,34,1
166,157,12,0
166,158,13,0
166,159,41,0
166,160,34,0
166,161,34,1
166,162,34,1
166,163,34,1
166,164,34,1
166,165,34,1
166,166,34,1
166,167,34,0
166,168,34,0
166,169,34,0
166,170,34,1
166,171,34,0
166,172,34,1
166,173,34,1
166,174,34,1
166,175,34,0
166,176,34,1
166,177,34,1
166,178,34,1
166,179,34,1
166,180,34,1
166,181,34,1
166,182,34,1
166,183,34,0
166,184,34,1
166,185,34,1
166,186,12,0
166,187,13,0
166,188,41,0
166,189,12,0
166,190,13,0
166,191,41,0
166,192,12,0
166,193,35,0
166,194,12,0
166,195,35,0
166,196,12,0
166,197,13,0
166,198,41,0
166,199,12,0
166,200,13,0
166,201,41,0
166,202,12,0
166,203,13,0
166,204,41,0
166,205,12,0
166,206,35,0
166,207,12,0
166,208,35,0
166,209,12,0
166,210,13,0
166,211,41,0
166,212,12,0
166,213,13,0
166,214,41,0
166,215,12,0
166,216,35,0
166,217,12,0
166,218,35,0
166,219,12,0
166,220,13,0
166,221,41,0
166,222,12,0
166,223,13,0
166,224,41,0
166,225,12,0
166,226,35,0
166,227,12,0
166,228,35,0
166,229,12,0
166,230,35,0
166,231,12,0
166,232,13,0
166,233,41,0
166,234,12,0
166,235,35,0
166,236,12,0
166,237,13,0
166,238,41,0
166,239,12,0
166,240,35,0
166,241,12,0
166,242,35,0
166,243,12,0
166,244,35,0
166,245,12,0
166,246,35,0
166,247,12,0
166,248,13,0
166,249,41,0
166,250,12,0
166,251,35,0
166,252,34,1
166,253,34,0
166,254,34,1
166,255,34,0
166,256,34,1
166,257,36,0
166,258,36,1
166,259,36,1
166,260,36,1
166,261,36,0
166,262,36,1
166,263,36,0
166,264,36,0
166,265,36,0
166,266,41,0
166,267,41,0
166,268,41,1
166,269,41,0
166,270,41,0
166,271,41,0
166,272,41,0
166,273,41,0
166,274,41,0
166,275,41,0
166,276,41,0
166,277,41,1
166,278,41,0
166,279,41,0
166,280,41,0
166,281,41,0
166,282,41,0
167,0,37,1
167,1,37,1
167,2,37,1
167,3,37,0
167,4,37,1
167,5,37,1
167,6,37,0
167,7,37,0
167,8,30,0
167,9,37,1
167,10,37,1
167,11,37,1
167,12,30,0
167,13,30,1
167,14,30,0
167,15,30,1
167,16,30,1
167,17,30,0
167,18,30,1
167,19,30,1
167,20,30,1
167,21,12,1
167,22,35,1
167,23,12,0
167,24,13,0
167,25,41,0
167,26,12,1
167,27,35,1
167,28,12,1
167,29,35,1
167,30,12,1
167,31,35,1
167,32,30,1
167,33,30,1
167,34,34,1
167,35,34,1
167,36,34,1
167,37,34,0
167,38,34,0
167,39,34,0
167,40,34,0
167,41,34,0
167,42,34,0
167,43,34,0
167,44,34,1
167,45,34,0
167,46,34,1
167,47,34,1
167,48,34,0
167,49,34,1
167,50,34,0
167,51,34,0
167,52,34,1
167,53,34,1
167,54,34,1
167,55,34,0
167,56,34,0
167,57,34,1
167,58,34,0
167,59,34,0
167,60,34,0
167,61,34,0
167,62,34,1
167,63,34,0
167,64,34,0
167,65,34,0
167,66,34,1
167,67,34,1
167,68,34,1
167,69,34,1
167,70,34,0
167,71,34,0
167,72,34,0
167,73,34,0
167,74,34,0
167,75,34,1
167,76,34,0
167,77,34,1
167,78,34,0
167,79,34,0
167,80,34,0
167,81,34,1
167,82,34,1
167,83,34,1
167,84,34,0
167,85,34,1
167,86,34,0
167,87,34,0
167,88,34,1
167,89,34,1
167,90,34,0
167,91,34,0
167,92,34,0
167,93,34,0
167,94,34,0
167,95,34,1
167,96,34,0
167,97,34,1
167,98,34,0
167,99,34,0
167,100,34,0
167,101,34,0
167,102,36,0
167,103,36,0
167,104,36,0
167,105,36,0
167,106,36,0
167,107,36,0
167,108,41,0
167,109,41,0
167,110,41,0
167,111,41,1
167,112,41,1
167,113,41,1
167,114,34,1
167,115,34,0
167,116,34,0
167,117,34,1
167,118,34,1
167,119,34,1
167,120,36,0
167,121,34,0
167,122,34,1
167,123,34,1
167,124,34,0
167,125,34,1
167,126,34,0
167,127,36,0
167,128,36,0
167,129,36,0
167,130,36,0
167,131,36,0
167,132,34,0
167,133,34,1
167,134,34,0
167,135,34,0
167,136,34,0
167,137,34,0
168,0,37,0
168,1,37,1
168,2,37,1
168,3,37,0
168,4,37,1
168,5,37,1
168,6,37,1
168,7,37,1
168,8,30,0
168,9,30,1
168,10,30,1
168,11,30,0
168,12,37,0
168,13,37,0
168,14,37,1
168,15,37,1
168,16,37,1
168,17,30,1
168,18,30,0
168,19,30,1
168,20,30,1
168,21,30,1
168,22,12,0
168,23,13,0
168,24,41,0
168,25,12,1
168,26,35,1
168,27,12,0
168,28,35,0
168,29,12,0
168,30,13,0
168,31,41,0
168,32,12,0
168,33,35,0
168,34,12,0
168,35,13,0
168,36,41,0
168,37,12,0
168,38,35,0
168,39,12,0
168,40,35,0
168,41,12,0
168,42,13,0
168,43,41,0
168,44,12,0
168,45,35,0
168,46,12,0
168,47,13,0
168,48,41,0
168,49,12,0
168,50,35,0
168,51,12,1
168,52,35,1
168,53,12,0
168,54,35,0
168,55,12,0
168,56,13,0
168,57,41,0
168,58,12,0
168,59,13,0
168,60,41,0
168,61,12,0
168,62,13,0
168,63,41,0
168,64,12,0
168,65,13,0
168,66,41,0
168,67,12,1
168,68,13,1
168,69,41,1
168,70,12,0
168,71,35,0
168,72,12,1
168,73,35,1
168,74,12,0
168,75,35,0
168,76,12,0
168,77,13,0
168,78,41,0
168,79,12,1
168,80,35,1
168,81,12,0
168,82,13,0
168,83,41,0
168,84,12,0
168,85,35,0
168,86,12,1
168,87,35,1
168,88,12,0
168,89,35,0
168,90,12,0
168,91,35,0
168,92,12,0
168,93,13,0
168,94,41,0
168,95,12,0
168,96,35,0
168,97,12,1
168,98,13,1
168,99,41,1
168,100,12,1
168,101,13,1
168,102,41,1
168,103,34,0
168,104,34,1
168,105,34,1
168,106,34,1
168,107,34,0
168,108,34,1
168,109,34,1
168,110,34,1
168,111,34,0
168,112,34,1
168,113,34,1
168,114,34,0
168,115,34,1
168,116,34,1
168,117,34,1
168,118,34,0
168,119,34,1
168,120,34,0
168,121,34,1
168,122,34,0
168,123,34,1
168,124,34,1
168,125,34,1
168,126,34,0
168,127,34,0
168,128,34,0
168,129,34,1
168,130,34,0
168,131,34,1
168,132,34,1
168,133,34,1
168,134,34,1
168,135,34,1
168,136,34,1
168,137,12,0
168,138,35,0
168,139,12,0
168,140,35,0
168,141,12,0
168,142,13,0
168,143,41,0
168,144,12,0
168,145,13,0
168,146,41,0
168,147,12,1
168,148,35,1
168,149,12,0
168,150,13,0
168,151,41,0
168,152,12,0
168,153,35,0
168,154,12,0
168,155,13,0
168,156,41,0
168,157,12,1
168,158,13,1
168,159,41,1
168,160,12,1
168,161,35,1
168,162,12,1
168,163,35,1
168,164,34,1
168,165,34,1
168,166,34,0
168,167,34,1
168,168,34,0
168,169,34,1
168,170,34,1
168,171,34,1
168,172,34,0
168,173,34,0
168,174,34,1
168,175,34,1
168,176,34,1
168,177,34,1
168,178,34,1
168,179,34,1
168,180,34,1
168,181,34,0
168,182,34,0
168,183,34,0
168,184,34,1
168,185,34,0
168,186,34,0
168,187,36,1
168,188,36,1
168,189,41,1
168,190,41,1
168,191,41,1
169,0,37,1
169,1,37,1
169,2,37,1
169,3,37,1
169,4,37,1
169,5,37,1
169,6,30,1
169,7,30,1
169,8,30,1
169,9,30,1
169,10,30,1
169,11,30,1
169,12,12,0
169,13,13,0
169,14,41,0
169,15,12,1
169,16,13,1
169,17,41,1
169,18,12,1
169,19,13,1
169,20,41,1
169,21,12,1
169,22,13,1
169,23,41,1
169,24,12,1
169,25,13,1
169,26,41,1
169,27,34,0
169,28,34,1
169,29,34,1
169,30,34,1
169,31,34,0
169,32,34,0
169,33,34,0
169,34,34,0
169,35,34,0
169,36,34,0
169,37,34,0
169,38,34,0
169,39,34,0
169,40,34,0
169,41,34,0
169,42,34,0
169,43,34,0
169,44,34,0
169,45,34,0
169,46,34,1
169,47,34,1
169,48,34,1
169,49,34,1
169,50,34,1
169,51,34,0
169,52,34,0
169,53,34,1
169,54,34,1
169,55,34,1
169,56,34,1
169,57,34,1
169,58,34,0
169,59,34,0
169,60,34,0
169,61,34,0
169,62,34,0
169,63,34,0
169,64,34,0
169,65,34,0
169,66,34,0
169,67,34,1
169,68,34,1
169,69,34,0
169,70,34,0
169,71,34,1
169,72,34,1
169,73,34,1
169,74,34,1
169,75,34,1
169,76,34,1
169,77,34,1
169,78,34,1
169,79,34,1
169,80,34,1
169,81,34,1
169,82,36,0
169,83,36,0
169,84,36,0
169,85,36,1
169,86,36,0
169,87,36,1
169,88,36,1
169,89,36,0
169,90,36,0
169,91,36,0
169,92,36,0
169,93,36,0
169,94,41,1
169,95,41,1
169,96,41,1
169,97,36,1
169,98,36,1
169,99,36,0
169,100,36,0
169,101,36,1
169,102,36,1
169,103,36,0
169,104,36,1
169,105,36,1
169,106,36,1
170,0,37,1
170,1,37,1
170,2,37,1
170,3,37,1
170,4,37,1
170,5,37,1
170,6,30,1
170,7,30,1
170,8,30,1
170,9,30,1
170,10,30,1
170,11,30,1
170,12,12,1
170,13,13,1
170,14,41,1
170,15,12,1
170,16,13,1
170,17,41,1
170,18,12,0
170,19,35,0
170,20,12,1
170,21,13,1
170,22,41,1
170,23,12,1
170,24,35,1
170,25,12,1
170,26,35,1
170,27,34,1
170,28,34,1
170,29,34,0
170,30,34,1
170,31,34,1
170,32,34,1
170,33,34,0
170,34,34,0
170,35,34,1
170,36,34,1
170,37,34,1
170,38,34,1
170,39,34,1
170,40,34,1
170,41,34,1
170,42,34,1
170,43,34,1
170,44,34,1
170,45,34,1
170,46,34,1
170,47,34,1
170,48,34,1
170,49,34,0
170,50,34,1
170,51,34,1
170,52,34,1
170,53,34,0
170,54,34,1
170,55,34,0
170,56,34,1
170,57,34,1
170,58,34,1
170,59,36,1
170,60,36,0
170,61,36,0
170,62,36,0
170,63,41,1
170,64,41,1
170,65,41,1
170,66,36,0
170,67,36,0
170,68,36,0
171,0,37,1
171,1,37,1
171,2,37,1
171,3,37,0
171,4,37,1
171,5,37,1
171,6,37,1
171,7,30,1
171,8,30,1
171,9,30,1
171,10,30,0
171,11,30,1
171,12,30,0
171,13,30,1
171,14,30,0
171,15,30,1
171,16,30,1
171,17,30,0
171,18,30,0
171,19,30,1
171,20,30,1
171,21,30,0
171,22,30,0
171,23,12,1
171,24,35,1
171,25,12,1
171,26,13,1
171,27,41,1
171,28,12,1
171,29,13,1
171,30,41,1
171,31,30,1
171,32,30,1
171,33,30,1
171,34,34,1
171,35,34,0
171,36,34,0
171,37,34,1
171,38,34,1
171,39,34,1
171,40,34,0
171,41,34,1
171,42,34,1
171,43,34,1
171,44,34,1
171,45,34,1
171,46,34,0
171,47,34,1
171,48,34,1
171,49,34,1
171,50,34,1
171,51,34,1
171,52,34,0
171,53,34,1
171,54,34,0
171,55,34,1
171,56,34,1
171,57,34,0
171,58,34,1
172,0,37,0
172,1,37,1
172,2,37,1
172,3,37,1
172,4,37,1
172,5,37,1
172,6,30,1
172,7,30,1
172,8,30,1
172,9,30,1
172,10,30,0
172,11,30,1
172,12,30,1
172,13,30,1
172,14,12,1
172,15,13,1
172,16,41,1
172,17,12,0
172,18,35,0
172,19,12,1
172,20,35,1
172,21,12,0
172,22,35,0
172,23,12,1
172,24,35,1
172,25,12,0
172,26,13,0
172,27,41,0
172,28,12,0
172,29,35,0
172,30,12,1
172,31,35,1
172,32,12,0
172,33,13,0
172,34,41,0
172,35,12,1
172,36,13,1
172,37,41,1
172,38,12,0
172,39,35,0
172,40,12,0
172,41,13,0
172,42,41,0
172,43,12,0
172,44,35,0
172,45,12,0
172,46,35,0
172,47,12,0
172,48,13,0
172,49,41,0
172,50,12,0
172,51,13,0
172,52,41,0
172,53,12,0
172,54,13,0
172,55,41,0
172,56,12,1
172,57,35,1
172,58,12,1
172,59,13,1
172,60,41,1
172,61,12,1
172,62,13,1
172,63,41,1
172,64,12,0
172,65,35,0
172,66,12,0
172,67,13,0
172,68,41,0
172,69,12,1
172,70,35,1
172,71,12,1
172,72,35,1
172,73,12,1
172,74,13,1
172,75,41,1
172,76,34,0
172,77,34,1
172,78,34,1
172,79,34,1
172,80,34,0
172,81,34,1
172,82,34,0
172,83,34,0
172,84,34,1
172,85,34,0
172,86,34,0
172,87,34,1
172,88,34,1
172,89,34,0
172,90,34,0
172,91,34,1
172,92,34,0
172,93,34,0
172,94,34,0
172,95,34,1
172,96,34,0
172,97,34,1
172,98,34,1
172,99,34,1
172,100,34,1
172,101,34,0
172,102,34,1
172,103,34,1
172,104,34,0
172,105,34,1
172,106,34,1
172,107,34,1
172,108,34,0
172,109,34,0
172,110,34,0
172,111,34,1
172,112,34,1
172,113,34,1
172,114,34,1
172,115,34,1
172,116,34,0
172,117,34,1
172,118,34,1
172,119,34,1
172,120,34,1
172,121,34,1
172,122,34,1
172,123,34,1
172,124,34,0
172,125,34,1
172,126,34,1
172,127,34,0
172,128,34,1
172,129,34,0
172,130,34,0
172,131,34,1
172,132,34,0
172,133,34,1
172,134,34,0
172,135,34,1
172,136,36,0
172,137,36,1
172,138,36,1
172,139,36,1
172,140,41,0
172,141,41,0
172,142,41,0
172,143,41,0
172,144,34,1
172,145,34,1
172,146,34,1
172,147,34,1
172,148,34,0
172,149,34,1
172,150,34,0
172,151,34,1
172,152,34,1
172,153,34,0
172,154,34,1
172,155,41,0
172,156,41,0
172,157,41,0
172,158,41,1
172,159,41,1
172,160,41,1
173,0,37,0
173,1,37,0
173,2,37,0
173,3,37,0
173,4,37,1
173,5,37,1
173,6,37,1
173,7,37,1
173,8,30,0
173,9,30,1
173,10,30,1
173,11,30,1
173,12,30,0
173,13,30,0
173,14,30,0
173,15,37,1
173,16,37,1
173,17,30,0
173,18,30,0
173,19,30,0
173,20,30,0
173,21,30,1
173,22,30,1
173,23,30,1
173,24,12,0
173,25,13,0
173,26,41,0
173,27,12,0
173,28,13,0
173,29,41,0
173,30,12,1
173,31,35,1
173,32,12,1
173,33,35,1
173,34,12,1
173,35,35,1
173,36,34,0
173,37,34,1
173,38,34,1
173,39,34,1
173,40,34,0
173,41,34,0
173,42,34,1
173,43,34,1
173,44,34,0
173,45,34,0
173,46,34,1
173,47,34,0
173,48,34,0
173,49,34,1
173,50,34,0
173,51,34,0
173,52,34,1
173,53,34,1
173,54,34,1
173,55,34,0
173,56,34,1
173,57,34,0
173,58,34,1
173,59,34,1
173,60,34,0
173,61,34,0
173,62,34,1
173,63,34,1
173,64,34,1
173,65,34,1
173,66,34,1
173,67,34,1
173,68,34,1
173,69,34,0
173,70,34,1
173,71,34,1
173,72,34,1
173,73,34,1
173,74,34,1
173,75,34,1
173,76,34,0
173,77,34,1
173,78,34,0
173,79,34,1
173,80,34,1
173,81,34,0
173,82,34,1
173,83,34,1
173,84,34,0
173,85,34,0
173,86,34,1
173,87,34,1
173,88,34,1
173,89,34,1
173,90,34,1
173,91,34,0
173,92,34,1
173,93,34,1
173,94,34,1
173,95,34,0
173,96,34,1
173,97,34,0
173,98,34,1
173,99,34,0
173,100,34,1
173,101,34,1
173,102,34,1
173,103,36,1
173,104,36,0
173,105,34,1
173,106,34,0
173,107,34,0
173,108,34,1
173,109,34,1
173,110,34,1
173,111,36,0
173,112,36,0
173,113,36,0
173,114,36,0
173,115,41,0
173,116,41,0
173,117,41,0
173,118,41,1
173,119,41,0
173,120,41,1
173,121,41,1
173,122,41,1
173,123,34,0
173,124,34,1
173,125,34,1
173,126,34,1
173,127,34,1
173,128,34,1
173,129,36,0
173,130,36,0
173,131,36,0
173,132,36,0
173,133,36,0
173,134,36,0
173,135,36,1
173,136,36,0
173,137,36,1
173,138,36,1
173,139,36,0
173,140,36,1
173,141,36,1
173,142,36,0
173,143,36,1
173,144,36,1
173,145,36,1
174,0,37,1
174,1,37,1
174,2,37,1
174,3,37,1
174,4,37,0
174,5,37,0
174,6,37,1
174,7,37,1
174,8,30,0
174,9,37,0
174,10,37,0
174,11,37,1
174,12,37,1
174,13,37,1
174,14,30,0
174,15,30,1
174,16,30,1
174,17,30,1
174,18,30,1
174,19,12,0
174,20,13,0
174,21,41,0
174,22,12,0
174,23,13,0
174,24,41,0
174,25,12,0
174,26,13,0
174,27,41,0
174,28,12,1
174,29,35,1
174,30,12,1
174,31,35,1
174,32,12,1
174,33,35,1
174,34,12,0
174,35,13,0
174,36,41,0
174,37,12,0
174,38,35,0
174,39,12,0
174,40,13,0
174,41,41,0
174,42,12,1
174,43,35,1
174,44,12,1
174,45,13,1
174,46,41,1
174,47,12,1
174,48,35,1
174,49,34,1
174,50,34,0
174,51,34,0
174,52,34,1
174,53,34,1
174,54,34,1
174,55,34,0
174,56,34,1
174,57,34,0
174,58,34,0
174,59,34,0
174,60,34,0
174,61,34,1
174,62,34,1
174,63,34,1
174,64,34,1
174,65,34,1
174,66,34,1
174,67,34,1
174,68,34,0
174,69,34,1
174,70,34,1
174,71,34,0
174,72,34,1
174,73,34,1
174,74,34,1
174,75,34,0
174,76,34,0
174,77,34,0
174,78,34,0
174,79,34,0
174,80,34,0
174,81,34,1
174,82,34,1
174,83,34,1
174,84,34,0
174,85,34,1
174,86,34,1
174,87,34,1
174,88,34,0
174,89,34,0
174,90,34,0
174,91,34,1
174,92,34,1
174,93,34,1
174,94,34,0
174,95,34,1
174,96,34,1
174,97,34,1
174,98,34,1
174,99,34,1
174,100,34,1
174,101,34,1
174,102,34,1
174,103,36,0
174,104,36,0
174,105,36,0
174,106,36,0
174,107,36,0
174,108,36,0
174,109,36,0
174,110,36,0
174,111,36,1
174,112,36,0
174,113,36,1
174,114,36,1
174,115,36,1
174,116,36,0
174,117,36,0
174,118,36,0
174,119,36,1
174,120,36,1
174,121,36,1
174,122,41,0
174,123,41,0
174,124,41,0
174,125,41,0
174,126,41,1
174,127,41,1
174,128,41,1
175,0,37,0
175,1,37,0
175,2,37,1
175,3,37,1
175,4,37,1
175,5,37,1
175,6,37,1
175,7,37,1
175,8,30,0
175,9,30,0
175,10,30,1
175,11,30,0
175,12,30,0
175,13,30,0
175,14,30,0
175,15,30,0
175,16,30,0
175,17,30,1
175,18,30,1
175,19,30,1
175,20,30,1
175,21,30,0
175,22,30,0
175,23,30,0
175,24,30,1
175,25,12,0
175,26,13,0
175,27,41,0
175,28,12,0
175,29,13,0
175,30,41,0
175,31,12,1
175,32,35,1
175,33,12,1
175,34,13,1
175,35,41,1
175,36,12,1
175,37,13,1
175,38,41,1
175,39,12,1
175,40,13,1
175,41,41,1
175,42,30,1
175,43,30,0
175,44,30,1
175,45,30,1
175,46,30,1
175,47,34,0
175,48,34,0
175,49,34,0
175,50,34,1
175,51,34,0
175,52,34,1
175,53,34,1
175,54,34,1
175,55,34,0
175,56,34,1
175,57,34,0
175,58,34,1
175,59,34,1
175,60,34,1
175,61,34,0
175,62,34,0
175,63,34,1
175,64,34,1
175,65,34,1
175,66,34,1
175,67,34,0
175,68,34,0
175,69,34,0
175,70,34,0
175,71,34,1
175,72,34,0
175,73,34,0
175,74,34,1
175,75,34,0
175,76,34,1
175,77,34,0
175,78,34,1
175,79,34,1
175,80,34,0
175,81,34,1
175,82,34,0
175,83,34,0
175,84,34,0
175,85,34,1
175,86,34,1
175,87,34,0
175,88,34,1
175,89,34,1
175,90,34,1
175,91,34,1
175,92,34,1
175,93,34,0
175,94,34,1
175,95,34,0
175,96,34,1
175,97,34,1
175,98,34,1
175,99,34,1
175,100,34,0
175,101,34,1
175,102,34,0
175,103,34,0
175,104,34,0
175,105,34,0
175,106,34,1
175,107,34,1
175,108,34,1
175,109,34,1
175,110,34,1
175,111,34,0
175,112,36,0
175,113,36,1
175,114,36,1
175,115,36,1
175,116,36,0
175,117,36,0
175,118,36,0
175,119,36,0
175,120,36,0
175,121,41,0
175,122,41,0
175,123,41,0
175,124,41,1
175,125,41,1
175,126,41,0
175,127,41,1
175,128,41,1
175,129,41,1
175,130,36,0
175,131,36,0
175,132,36,0
175,133,36,1
175,134,36,1
175,135,36,0
175,136,36,0
175,137,36,1
175,138,36,1
176,0,37,0
176,1,37,1
176,2,37,0
176,3,37,0
176,4,37,1
176,5,37,0
176,6,37,1
176,7,37,1
176,8,37,1
176,9,30,0
176,10,30,0
176,11,30,0
176,12,30,0
176,13,30,0
176,14,30,0
176,15,30,0
176,16,30,1
176,17,30,0
176,18,30,0
176,19,30,0
176,20,12,0
176,21,35,0
176,22,12,0
176,23,35,0
176,24,12,0
176,25,35,0
176,26,12,0
176,27,13,0
176,28,41,0
176,29,12,0
176,30,13,0
176,31,41,0
176,32,12,0
176,33,13,0
176,34,41,0
176,35,12,0
176,36,13,0
176,37,41,0
176,38,37,1
176,39,37,0
176,40,37,1
176,41,37,1
176,42,37,1
176,43,30,1
176,44,30,1
176,45,30,1
176,46,30,0
176,47,30,0
176,48,30,0
176,49,30,1
176,50,12,0
176,51,13,0
176,52,41,0
176,53,12,0
176,54,13,0
176,55,41,0
176,56,12,0
176,57,35,0
176,58,12,0
176,59,35,0
176,60,12,0
176,61,35,0
176,62,12,0
176,63,35,0
176,64,12,0
176,65,35,0
176,66,12,0
176,67,35,0
176,68,12,0
176,69,35,0
176,70,12,0
176,71,13,0
176,72,41,0
176,73,12,0
176,74,35,0
176,75,12,0
176,76,13,0
176,77,41,0
176,78,12,0
176,79,35,0
176,80,12,0
176,81,35,0
176,82,12,0
176,83,13,0
176,84,41,0
176,85,12,1
176,86,35,1
176,87,12,0
176,88,35,0
176,89,12,0
176,90,35,0
176,91,12,0
176,92,13,0
176,93,41,0
176,94,12,0
176,95,13,0
176,96,41,0
176,97,12,0
176,98,13,0
176,99,41,0
176,100,12,0
176,101,13,0
176,102,41,0
176,103,12,0
176,104,35,0
176,105,12,0
176,106,13,0
176,107,41,0
176,108,12,0
176,109,13,0
176,110,41,0
176,111,12,0
176,112,13,0
176,113,41,0
176,114,12,0
176,115,35,0
177,0,37,1
177,1,37,1
177,2,37,1
177,3,37,1
177,4,37,1
177,5,37,1
177,6,30,0
177,7,30,0
177,8,30,0
177,9,30,1
177,10,30,0
177,11,30,0
177,12,30,0
177,13,30,1
177,14,30,1
177,15,30,0
177,16,30,1
177,17,30,1
177,18,12,0
177,19,35,0
177,20,12,0
177,21,35,0
177,22,12,0
177,23,35,0
177,24,12,0
177,25,35,0
177,26,12,0
177,27,13,0
177,28,41,0
177,29,12,0
177,30,35,0
177,31,12,0
177,32,13,0
177,33,41,0
177,34,12,0
177,35,13,0
177,36,41,0
177,37,12,0
177,38,13,0
177,39,41,0
177,40,12,0
177,41,35,0
177,42,12,0
177,43,35,0
177,44,12,1
177,45,35,1
177,46,12,1
177,47,35,1
177,48,12,0
177,49,35,0
177,50,34,0
177,51,34,0
177,52,34,1
177,53,34,0
177,54,34,0
177,55,34,1
177,56,34,1
177,57,34,0
177,58,34,0
177,59,34,1
177,60,34,0
177,61,34,0
177,62,34,1
177,63,34,0
178,0,37,1
178,1,37,1
178,2,37,1
178,3,37,1
178,4,37,1
178,5,37,1
178,6,30,1
178,7,30,1
178,8,30,1
178,9,30,1
178,10,30,1
178,11,30,1
178,12,12,1
178,13,13,1
178,14,41,1
178,15,12,0
178,16,35,0
178,17,12,1
178,18,13,1
178,19,41,1
178,20,12,1
178,21,35,1
178,22,12,1
178,23,13,1
178,24,41,1
178,25,12,1
178,26,13,1
178,27,41,1
178,28,34,1
178,29,34,1
178,30,34,1
178,31,34,0
178,32,34,1
178,33,34,1
178,34,34,1
178,35,34,1
178,36,34,1
178,37,34,0
178,38,34,1
178,39,34,1
178,40,34,1
178,41,34,1
178,42,34,1
178,43,34,1
178,44,34,1
178,45,34,1
178,46,34,1
178,47,34,1
178,48,36,1
178,49,36,1
178,50,41,0
178,51,41,1
178,52,41,1
178,53,41,1
178,54,34,0
178,55,34,1
178,56,34,1
178,57,34,0
178,58,34,0
178,59,34,1
178,60,34,1
179,0,37,1
179,1,37,1
179,2,37,1
179,3,37,0
179,4,37,1
179,5,37,1
179,6,37,1
179,7,30,1
179,8,30,0
179,9,30,1
179,10,30,1
179,11,30,1
179,12,30,0
179,13,30,0
179,14,30,0
179,15,30,1
179,16,30,1
179,17,12,0
179,18,13,0
179,19,41,0
179,20,12,1
179,21,13,1
179,22,41,1
179,23,12,0
179,24,13,0
179,25,41,0
179,26,12,0
179,27,35,0
179,28,12,0
179,29,13,0
179,30,41,0
179,31,12,0
179,32,13,0
179,33,41,0
179,34,12,0
179,35,35,0
179,36,12,0
179,37,13,0
179,38,41,0
179,39,12,0
179,40,35,0
179,41,12,0
179,42,35,0
179,43,12,1
179,44,13,1
179,45,41,1
179,46,12,0
179,47,13,0
179,48,41,0
179,49,12,0
179,50,35,0
179,51,12,1
179,52,35,1
179,53,12,0
179,54,13,0
179,55,41,0
179,56,12,0
179,57,13,0
179,58,41,0
179,59,12,0
179,60,13,0
179,61,41,0
179,62,12,0
179,63,13,0
179,64,41,0
179,65,12,0
179,66,35,0
179,67,12,0
179,68,13,0
179,69,41,0
179,70,12,0
179,71,13,0
179,72,41,0
179,73,12,1
179,74,13,1
179,75,41,1
179,76,12,1
179,77,13,1
179,78,41,1
179,79,12,1
179,80,13,1
179,81,41,1
179,82,34,1
179,83,34,1
179,84,34,1
179,85,34,0
179,86,34,1
179,87,34,1
179,88,34,1
179,89,34,1
179,90,34,1
179,91,34,0
179,92,34,0
179,93,34,0
179,94,34,0
179,95,34,1
179,96,34,1
179,97,34,1
179,98,34,1
179,99,34,0
179,100,34,1
179,101,34,1
179,102,34,0
179,103,34,0
179,104,34,1
179,105,34,0
179,106,34,0
179,107,34,1
179,108,34,1
179,109,34,1
179,110,34,1
179,111,34,1
179,112,34,0
179,113,34,1
179,114,34,0
179,115,34,0
179,116,34,1
179,117,34,1
179,118,34,0
179,119,34,1
179,120,34,1
179,121,34,0
179,122,34,1
179,123,34,0
179,124,34,0
179,125,34,0
179,126,34,0
179,127,34,1
179,128,34,1
179,129,34,1
179,130,34,1
179,131,34,1
179,132,34,1
179,133,34,1
179,134,34,1
179,135,34,0
179,136,34,1
179,137,34,1
179,138,34,0
179,139,34,1
179,140,34,1
179,141,34,1
179,142,34,1
179,143,34,1
179,144,34,1
179,145,30,0
179,146,30,1
179,147,30,1
179,148,30,1
179,149,12,0
179,150,35,0
179,151,12,0
179,152,35,0
179,153,12,0
179,154,13,0
179,155,41,0
179,156,12,0
179,157,13,0
179,158,41,0
179,159,36,0
179,160,36,0
179,161,36,0
179,162,36,1
179,163,36,1
179,164,36,1
179,165,36,0
179,166,36,0
179,167,36,0
179,168,36,0
179,169,36,0
179,170,41,0
179,171,36,0
179,172,36,0
179,173,36,0
179,174,36,0
179,175,36,0
179,176,36,0
179,177,36,0
179,178,36,0
179,179,36,0
179,180,36,0
179,181,36,0
179,182,36,1
179,183,36,1
179,184,36,0
179,185,36,0
179,186,36,1
179,187,41,1
179,188,41,1
179,189,41,1
179,190,36,0
179,191,36,0
179,192,36,0
179,193,36,0
179,194,36,0
179,195,36,0
179,196,36,1
179,197,36,1
179,198,36,0
179,199,36,0
179,200,36,0
179,201,36,0
179,202,36,0
179,203,36,0
179,204,36,0
179,205,36,1
179,206,36,1
179,207,36,1
179,208,12,0
179,209,13,0
179,210,41,0
179,211,12,0
179,212,35,0
179,213,12,0
179,214,13,0
179,215,41,0
179,216,12,0
179,217,35,0
179,218,12,0
179,219,35,0
179,220,12,0
179,221,35,0
179,222,12,1
179,223,35,1
180,0,37,1
180,1,37,1
180,2,37,0
180,3,37,1
180,4,37,1
180,5,37,1
180,6,37,1
180,7,37,1
180,8,30,0
180,9,30,0
180,10,30,1
180,11,30,1
180,12,30,1
180,13,30,1
180,14,30,1
180,15,30,1
180,16,12,0
180,17,35,0
180,18,12,0
180,19,13,0
180,20,41,0
180,21,12,0
180,22,13,0
180,23,41,0
180,24,12,0
180,25,13,0
180,26,41,0
180,27,12,1
180,28,35,1
180,29,12,1
180,30,35,1
180,31,12,1
180,32,13,1
180,33,41,1
180,34,12,1
180,35,35,1
180,36,37,1
180,37,34,1
180,38,34,1
180,39,34,1
180,40,34,0
180,41,34,1
180,42,34,0
180,43,34,1
180,44,34,1
180,45,34,1
180,46,34,1
180,47,34,1
180,48,34,0
180,49,34,0
180,50,34,1
180,51,34,1
180,52,34,1
180,53,34,1
180,54,34,1
180,55,34,1
180,56,34,1
180,57,34,1
180,58,34,1
180,59,34,1
180,60,34,0
180,61,34,1
180,62,34,1
180,63,34,1
180,64,34,1
180,65,34,1
180,66,34,1
180,67,34,1
180,68,34,1
180,69,36,1
180,70,36,0
180,71,36,0
180,72,36,0
180,73,36,0
180,74,36,0
180,75,41,0
180,76,41,1
180,77,41,1
180,78,41,0
180,79,41,0
180,80,41,0
180,81,41,0
180,82,41,1
180,83,41,1
180,84,41,1
180,85,36,0
180,86,36,0
180,87,36,0
180,88,36,0
180,89,36,0
180,90,36,1
180,91,36,0
180,92,36,0
181,0,37,0
181,1,37,0
181,2,37,0
181,3,37,0
181,4,37,1
181,5,37,1
181,6,37,1
181,7,37,1
181,8,30,1
181,9,30,1
181,10,30,1
181,11,30,1
181,12,30,1
181,13,30,1
181,14,37,0
181,15,37,0
181,16,37,0
181,17,37,0
181,18,37,1
181,19,37,1
181,20,37,1
181,21,12,1
181,22,35,1
181,23,12,1
181,24,13,1
181,25,41,1
181,26,12,1
181,27,35,1
181,28,34,1
181,29,34,1
181,30,34,1
181,31,34,0
181,32,34,1
181,33,34,1
181,34,34,1
181,35,34,1
181,36,34,1
181,37,34,1
181,38,34,1
181,39,34,1
181,40,34,1
181,41,34,0
181,42,34,1
181,43,34,1
181,44,34,1
181,45,34,0
181,46,34,1
181,47,34,1
181,48,34,1
181,49,34,1
181,50,36,1
181,51,36,0
181,52,36,0
181,53,36,0
181,54,36,0
181,55,36,0
181,56,36,0
182,0,37,1
182,1,37,0
182,2,37,0
182,3,37,0
182,4,37,0
182,5,37,1
182,6,37,1
182,7,37,0
182,8,37,0
182,9,37,0
182,10,30,0
182,11,30,0
182,12,30,0
182,13,30,0
182,14,30,0
182,15,30,1
182,16,30,1
182,17,30,0
182,18,30,1
182,19,30,1
182,20,37,1
182,21,37,1
182,22,37,0
182,23,37,1
182,24,37,0
182,25,37,0
182,26,37,1
182,27,37,1
182,28,30,1
182,29,37,0
182,30,37,1
182,31,37,1
182,32,37,1
182,33,30,0
182,34,30,1
182,35,30,0
182,36,12,1
182,37,35,1
182,38,12,1
182,39,35,1
182,40,12,0
182,41,35,0
182,42,12,1
182,43,35,1
182,44,12,1
182,45,35,1
182,46,12,1
182,47,35,1
182,48,34,1
182,49,34,1
182,50,34,1
182,51,34,0
182,52,34,0
182,53,34,1
182,54,34,0
182,55,34,0
182,56,34,0
182,57,34,0
182,58,34,0
182,59,34,0
182,60,34,0
182,61,34,1
182,62,34,0
182,63,34,1
182,64,34,0
182,65,34,0
182,66,34,0
182,67,34,0
182,68,34,0
182,69,34,0
182,70,34,1
182,71,34,1
182,72,34,1
182,73,34,1
182,74,34,1
182,75,34,0
182,76,34,1
182,77,34,1
182,78,34,1
182,79,34,1
182,80,34,1
182,81,34,1
182,82,34,1
182,83,34,1
182,84,34,1
182,85,34,1
182,86,34,0
182,87,34,1
182,88,34,1
182,89,34,1
182,90,34,1
182,91,34,1
182,92,37,0
182,93,37,1
182,94,37,1
182,95,37,1
182,96,30,1
182,97,36,0
182,98,36,0
182,99,36,0
182,100,36,0
182,101,36,0
182,102,41,0
182,103,41,0
182,104,41,0
182,105,41,1
182,106,41,0
182,107,41,0
182,108,41,1
182,109,41,1
182,110,41,1
182,111,36,1
182,112,34,0
182,113,34,1
182,114,36,0
182,115,36,0
182,116,36,0
182,117,36,0
182,118,36,0
182,119,36,1
182,120,36,1
182,121,36,1
183,0,37,1
183,1,37,1
183,2,37,1
183,3,37,1
183,4,37,1
183,5,37,1
183,6,30,0
183,7,30,1
183,8,30,1
183,9,30,0
183,10,30,1
183,11,30,1
183,12,30,0
183,13,30,1
183,14,30,0
183,15,30,1
183,16,30,1
183,17,30,1
183,18,30,1
183,19,30,0
183,20,30,1
183,21,30,0
183,22,30,1
183,23,30,1
183,24,30,1
183,25,12,0
183,26,35,0
183,27,12,1
183,28,35,1
183,29,12,1
183,30,35,1
183,31,12,0
183,32,13,0
183,33,41,0
183,34,12,1
183,35,35,1
183,36,12,1
183,37,13,1
183,38,41,1
183,39,12,1
183,40,13,1
183,41,41,1
183,42,12,1
183,43,13,1
183,44,41,1
183,45,34,1
183,46,34,1
183,47,34,1
183,48,34,0
183,49,34,0
183,50,34,0
183,51,34,0
183,52,34,1
183,53,34,0
183,54,34,0
183,55,34,0
183,56,34,0
183,57,34,1
183,58,34,1
183,59,34,0
183,60,34,1
183,61,34,1
183,62,34,1
183,63,34,0
183,64,34,0
183,65,34,1
183,66,34,1
183,67,34,1
183,68,34,1
183,69,34,1
183,70,34,0
183,71,34,1
183,72,34,1
183,73,34,1
183,74,34,1
183,75,34,1
183,76,34,0
183,77,34,0
183,78,34,1
183,79,34,0
183,80,34,0
183,81,34,0
183,82,34,1
183,83,34,0
183,84,34,0
183,85,34,0
183,86,34,0
183,87,34,1
183,88,34,0
183,89,34,1
183,90,34,1
183,91,34,1
183,92,34,0
183,93,34,0
183,94,34,1
183,95,34,1
183,96,36,1
183,97,36,0
183,98,36,0
183,99,41,0
183,100,41,0
183,101,41,0
183,102,41,1
183,103,41,0
183,104,41,0
183,105,41,0
183,106,41,1
183,107,41,1
183,108,41,1
183,109,34,0
183,110,34,1
183,111,34,1
183,112,34,1
183,113,34,1
183,114,34,1
183,115,34,1
183,116,34,1
184,0,37,1
184,1,37,1
184,2,37,1
184,3,30,0
184,4,30,0
184,5,37,1
184,6,37,1
184,7,37,1
184,8,30,1
184,9,30,1
184,10,30,1
184,11,30,1
184,12,30,1
185,0,37,1
185,1,37,1
185,2,37,1
185,3,37,1
185,4,37,1
185,5,37,1
185,6,30,0
185,7,30,0
185,8,30,1
185,9,30,1
185,10,30,1
185,11,30,1
185,12,30,1
185,13,30,1
185,14,12,0
185,15,13,0
185,16,41,0
185,17,12,1
185,18,35,1
185,19,12,1
185,20,13,1
185,21,41,1
185,22,12,1
185,23,13,1
185,24,41,1
185,25,12,1
185,26,13,1
185,27,41,1
185,28,34,1
185,29,34,0
185,30,34,1
185,31,34,1
185,32,34,1
185,33,34,0
185,34,34,1
185,35,34,0
185,36,34,1
185,37,34,0
185,38,34,0
185,39,34,0
185,40,34,0
185,41,34,1
185,42,34,0
185,43,34,0
185,44,34,0
185,45,34,0
185,46,34,0
185,47,34,0
185,48,34,1
185,49,34,1
185,50,34,1
185,51,34,1
185,52,34,0
185,53,34,1
185,54,34,1
185,55,34,1
185,56,34,1
185,57,34,1
185,58,34,0
185,59,34,0
185,60,34,0
185,61,34,0
185,62,34,0
185,63,34,1
185,64,34,0
185,65,34,0
185,66,34,0
185,67,34,1
185,68,34,1
185,69,34,1
185,70,34,0
185,71,34,1
185,72,34,1
185,73,34,1
185,74,34,1
185,75,34,0
185,76,34,0
185,77,34,0
185,78,34,1
185,79,34,1
185,80,34,1
185,81,34,0
185,82,34,0
185,83,34,0
185,84,34,0
185,85,34,0
185,86,34,1
185,87,34,1
185,88,34,1
185,89,34,0
185,90,34,0
185,91,34,0
185,92,34,0
185,93,34,0
185,94,34,0
185,95,34,0
185,96,34,1
185,97,34,0
185,98,34,1
185,99,34,1
185,100,34,0
185,101,34,1
185,102,34,1
185,103,34,0
185,104,34,0
185,105,34,0
185,106,34,0
185,107,34,0
185,108,34,1
185,109,34,1
185,110,34,0
185,111,34,1
185,112,34,1
185,113,36,0
185,114,34,0
185,115,34,0
185,116,34,0
185,117,34,0
185,118,34,1
185,119,34,0
185,120,34,0
185,121,34,0
185,122,34,1
185,123,34,1
185,124,34,1
185,125,34,1
185,126,34,1
185,127,34,1
185,128,34,1
185,129,36,0
185,130,34,0
185,131,34,0
185,132,34,0
185,133,34,0
185,134,34,0
185,135,34,1
185,136,34,1
185,137,34,0
185,138,34,0
185,139,34,0
185,140,34,1
185,141,34,0
185,142,34,0
185,143,34,0
185,144,34,1
185,145,34,1
185,146,34,0
185,147,34,1
186,0,37,1
186,1,37,1
186,2,37,1
186,3,37,1
186,4,37,1
186,5,37,1
186,6,30,0
186,7,30,0
186,8,30,0
186,9,12,0
186,10,13,0
186,11,41,0
186,12,12,0
186,13,35,0
186,14,12,0
186,15,13,0
186,16,41,0
186,17,12,1
186,18,35,1
186,19,12,0
186,20,35,0
186,21,12,0
186,22,13,0
186,23,41,0
186,24,12,0
186,25,35,0
186,26,12,1
186,27,35,1
186,28,30,0
186,29,30,0
186,30,30,1
186,31,30,1
186,32,30,1
186,33,12,0
186,34,13,0
186,35,41,0
186,36,12,0
186,37,35,0
186,38,12,1
186,39,35,1
186,40,12,0
186,41,35,0
186,42,12,0
186,43,13,0
186,44,41,0
186,45,12,0
186,46,35,0
186,47,12,0
186,48,13,0
186,49,41,0
186,50,12,0
186,51,13,0
186,52,41,0
186,53,34,1
186,54,34,0
186,55,34,1
186,56,34,0
186,57,34,0
186,58,34,1
186,59,34,1
186,60,34,0
186,61,34,0
186,62,34,0
186,63,34,0
186,64,34,1
186,65,34,1
186,66,34,0
186,67,34,0
186,68,34,0
186,69,34,0
186,70,34,0
186,71,34,0
186,72,34,0
186,73,34,0
186,74,34,0
186,75,34,1
186,76,34,1
186,77,34,1
186,78,34,1
186,79,34,0
186,80,34,1
186,81,34,0
186,82,34,1
186,83,34,0
186,84,34,1
186,85,34,1
186,86,34,1
186,87,12,0
186,88,13,0
186,89,41,0
186,90,12,0
186,91,13,0
186,92,41,0
186,93,12,0
186,94,13,0
186,95,41,0
186,96,12,0
186,97,13,0
186,98,41,0
186,99,12,0
186,100,13,0
186,101,41,0
186,102,12,0
186,103,13,0
186,104,41,0
186,105,12,0
186,106,35,0
186,107,12,0
186,108,35,0
186,109,34,0
186,110,34,1
186,111,34,1
186,112,34,1
186,113,34,0
186,114,34,0
186,115,34,0
186,116,34,0
186,117,34,0
186,118,34,0
186,119,34,0
186,120,34,1
186,121,34,0
186,122,34,0
186,123,34,0
186,124,34,0
186,125,34,1
186,126,34,1
186,127,34,1
186,128,34,1
186,129,34,1
186,130,34,1
186,131,34,1
186,132,30,1
186,133,30,0
186,134,30,0
186,135,30,0
186,136,30,1
186,137,34,0
186,138,34,0
186,139,34,0
186,140,34,0
186,141,34,0
186,142,34,0
186,143,34,0
186,144,34,0
186,145,34,1
186,146,34,0
186,147,34,0
186,148,34,0
186,149,34,0
186,150,36,0
186,151,36,1
186,152,36,1
186,153,36,1
186,154,36,0
186,155,36,0
186,156,36,0
186,157,36,0
186,158,36,0
186,159,36,0
186,160,36,0
186,161,36,0
186,162,36,0
186,163,36,0
186,164,36,0
186,165,36,0
186,166,41,0
186,167,41,0
186,168,41,0
186,169,41,0
186,170,41,0
186,171,41,1
186,172,41,0
186,173,41,1
186,174,34,0
186,175,34,0
186,176,34,1
186,177,34,1
186,178,34,0
186,179,34,0
187,0,37,0
187,1,37,1
187,2,37,1
187,3,37,0
187,4,37,1
187,5,37,1
187,6,37,1
187,7,37,1
187,8,30,0
187,9,30,1
187,10,30,1
187,11,30,1
187,12,30,1
187,13,30,1
187,14,30,0
187,15,30,1
187,16,30,1
187,17,37,1
187,18,37,1
187,19,30,1
187,20,12,1
187,21,13,1
187,22,41,1
187,23,12,1
187,24,13,1
187,25,41,1
187,26,12,0
187,27,13,0
187,28,41,0
187,29,12,1
187,30,13,1
187,31,41,1
187,32,12,1
187,33,35,1
187,34,12,1
187,35,35,1
187,36,34,0
187,37,34,0
187,38,34,1
187,39,34,0
187,40,34,0
187,41,34,0
187,42,34,0
187,43,34,0
187,44,34,0
187,45,34,1
187,46,34,0
187,47,34,0
187,48,34,1
187,49,34,1
187,50,34,0
187,51,34,1
187,52,34,1
187,53,34,1
187,54,34,0
187,55,34,0
187,56,34,0
187,57,34,1
187,58,34,0
187,59,34,1
187,60,34,0
187,61,34,1
187,62,34,1
187,63,34,1
187,64,34,0
187,65,34,1
187,66,34,1
187,67,34,1
187,68,34,0
187,69,34,1
187,70,34,1
187,71,34,1
187,72,34,1
187,73,34,1
187,74,34,0
187,75,34,1
187,76,34,1
187,77,34,1
187,78,34,0
187,79,34,1
187,80,34,0
187,81,34,0
187,82,34,1
187,83,34,1
187,84,34,0
187,85,34,1
187,86,34,0
187,87,34,1
187,88,34,1
187,89,34,1
187,90,34,1
187,91,34,1
187,92,34,0
187,93,34,0
187,94,34,1
187,95,34,1
187,96,34,1
187,97,34,1
187,98,34,1
187,99,34,1
187,100,34,1
187,101,36,0
187,102,36,0
187,103,36,1
187,104,36,1
187,105,36,1
188,0,37,1
188,1,37,1
188,2,37,0
188,3,37,1
188,4,37,1
188,5,37,1
188,6,37,1
188,7,37,0
188,8,37,1
188,9,37,1
188,10,30,0
188,11,30,0
188,12,37,1
188,13,37,0
188,14,37,1
188,15,37,1
188,16,37,1
188,17,30,1
188,18,30,1
188,19,30,1
188,20,30,0
188,21,30,1
188,22,30,1
188,23,30,0
188,24,30,1
188,25,30,1
188,26,30,1
188,27,12,0
188,28,13,0
188,29,41,0
188,30,12,0
188,31,35,0
188,32,12,0
188,33,13,0
188,34,41,0
188,35,12,0
188,36,13,0
188,37,41,0
188,38,12,1
188,39,13,1
188,40,41,1
188,41,12,0
188,42,35,0
188,43,12,0
188,44,13,0
188,45,41,0
188,46,12,0
188,47,35,0
188,48,12,0
188,49,35,0
188,50,12,0
188,51,35,0
188,52,12,0
188,53,35,0
188,54,12,0
188,55,35,0
188,56,12,0
188,57,13,0
188,58,41,0
188,59,12,0
188,60,35,0
188,61,12,0
188,62,13,0
188,63,41,0
188,64,12,0
188,65,35,0
188,66,12,0
188,67,13,0
188,68,41,0
188,69,12,0
188,70,35,0
188,71,12,0
188,72,35,0
188,73,12,0
188,74,35,0
188,75,12,0
188,76,35,0
188,77,12,0
188,78,13,0
188,79,41,0
188,80,12,0
188,81,13,0
188,82,41,0
188,83,12,0
188,84,35,0
188,85,12,0
188,86,13,0
188,87,41,0
188,88,12,1
188,89,35,1
188,90,12,0
188,91,13,0
188,92,41,0
188,93,12,1
188,94,35,1
188,95,12,0
188,96,13,0
188,97,41,0
189,0,37,1
189,1,37,1
189,2,37,1
189,3,37,1
189,4,37,1
189,5,37,1
189,6,30,1
189,7,30,0
189,8,30,1
189,9,30,1
189,10,30,1
189,11,30,1
189,12,30,1
189,13,30,1
189,14,34,0
189,15,34,0
189,16,34,0
189,17,34,0
189,18,34,0
189,19,34,1
189,20,34,1
189,21,60,1
190,0,37,0
190,1,37,0
190,2,37,0
190,3,37,0
190,4,37,0
190,5,30,0
190,6,30,1
190,7,30,0
190,8,37,1
190,9,37,1
190,10,37,1
190,11,37,0
190,12,12,0
190,13,35,0
190,14,30,1
190,15,30,0
190,16,30,0
190,17,30,0
190,18,30,1
190,19,12,0
190,20,13,0
190,21,41,0
190,22,12,0
190,23,13,0
190,24,41,0
190,25,12,0
190,26,13,0
190,27,41,0
190,28,12,0
190,29,35,0
190,30,12,1
190,31,35,1
190,32,12,0
190,33,13,0
190,34,41,0
190,35,12,0
190,36,35,0
190,37,34,0
190,38,34,0
190,39,34,1
190,40,34,0
190,41,34,1
190,42,34,1
190,43,34,1
190,44,34,0
190,45,34,1
190,46,34,1
190,47,34,0
190,48,34,1
190,49,34,1
190,50,34,1
190,51,34,0
190,52,34,1
190,53,34,0
190,54,34,1
190,55,34,0
190,56,34,1
190,57,34,0
190,58,34,1
190,59,34,0
190,60,34,1
190,61,34,1
190,62,34,1
190,63,34,1
190,64,34,1
190,65,34,1
190,66,34,1
190,67,34,1
190,68,12,0
190,69,35,0
190,70,12,1
190,71,35,1
190,72,12,0
190,73,13,0
190,74,41,0
190,75,12,1
190,76,35,1
190,77,12,1
190,78,35,1
190,79,12,0
190,80,13,0
190,81,41,0
190,82,12,1
190,83,35,1
190,84,12,1
190,85,13,1
190,86,41,1
190,87,30,1
190,88,30,1
190,89,30,1
190,90,37,1
190,91,37,1
190,92,37,0
190,93,37,1
190,94,37,1
190,95,37,1
190,96,34,0
190,97,34,1
190,98,34,1
190,99,34,1
190,100,34,1
190,101,34,1
190,102,12,0
190,103,35,0
190,104,12,0
190,105,35,0
190,106,12,0
190,107,13,0
190,108,41,0
190,109,12,1
190,110,35,1
190,111,12,1
190,112,35,1
190,113,12,1
190,114,35,1
190,115,34,0
190,116,34,0
190,117,34,1
190,118,34,1
190,119,34,1
190,120,34,1
190,121,34,1
190,122,34,1
190,123,30,1
190,124,30,1
190,125,34,0
190,126,34,1
190,127,34,1
190,128,34,1
190,129,34,1
190,130,34,1
190,131,36,0
190,132,41,0
190,133,41,0
190,134,41,0
190,135,41,0
190,136,41,1
190,137,41,1
190,138,41,1
190,139,36,0
190,140,36,1
190,141,36,1
190,142,36,1
190,143,36,0
191,0,37,0
191,1,37,1
191,2,37,1
191,3,37,1
191,4,37,1
191,5,37,1
191,6,37,1
191,7,30,0
191,8,30,1
191,9,30,1
191,10,30,1
191,11,30,0
191,12,30,0
191,13,30,1
191,14,30,0
191,15,12,0
191,16,35,0
191,17,12,0
191,18,35,0
191,19,12,0
191,20,13,0
191,21,41,0
191,22,12,0
191,23,13,0
191,24,41,0
191,25,12,0
191,26,13,0
191,27,41,0
191,28,12,0
191,29,35,0
191,30,12,0
191,31,13,0
191,32,41,0
191,33,12,0
191,34,35,0
191,35,12,0
191,36,13,0
191,37,41,0
191,38,12,0
191,39,35,0
191,40,12,0
191,41,35,0
191,42,12,0
191,43,35,0
191,44,12,0
191,45,35,0
191,46,12,0
191,47,13,0
191,48,41,0
191,49,12,0
191,50,13,0
191,51,41,0
191,52,12,0
191,53,13,0
191,54,41,0
191,55,12,0
191,56,35,0
191,57,12,0
191,58,35,0
191,59,12,0
191,60,13,0
191,61,41,0
191,62,12,0
191,63,35,0
191,64,12,0
191,65,35,0
191,66,12,0
191,67,13,0
191,68,41,0
191,69,12,0
191,70,13,0
191,71,41,0
191,72,12,0
191,73,35,0
191,74,12,0
191,75,13,0
191,76,41,0
191,77,12,0
191,78,13,0
191,79,41,0
191,80,12,0
191,81,35,0
191,82,12,0
191,83,13,0
191,84,41,0
191,85,12,0
191,86,13,0
191,87,41,0
191,88,12,0
191,89,13,0
191,90,41,0
191,91,12,0
191,92,35,0
191,93,12,0
191,94,35,0
191,95,12,1
191,96,35,1
191,97,12,0
191,98,35,0
191,99,12,1
191,100,35,1
191,101,12,1
191,102,13,1
191,103,41,1
191,104,12,1
191,105,35,1
191,106,34,0
191,107,34,0
191,108,34,1
191,109,34,1
191,110,34,0
191,111,34,1
191,112,34,1
191,113,34,0
191,114,34,1
191,115,34,1
191,116,34,1
191,117,34,1
191,118,34,1
191,119,34,0
191,120,34,0
191,121,34,0
191,122,34,0
191,123,34,0
191,124,34,0
191,125,34,0
191,126,34,0
191,127,34,0
191,128,34,0
191,129,34,0
191,130,34,0
191,131,34,0
191,132,34,0
191,133,34,0
191,134,34,0
191,135,30,1
191,136,12,0
191,137,35,0
191,138,12,0
191,139,13,0
191,140,41,0
191,141,12,0
191,142,13,0
191,143,41,0
191,144,12,0
191,145,35,0
191,146,12,0
191,147,13,0
191,148,41,0
191,149,12,0
191,150,13,0
191,151,41,0
191,152,34,0
191,153,34,1
191,154,34,0
191,155,34,1
191,156,34,1
191,157,34,0
191,158,34,0
191,159,34,1
191,160,34,0
191,161,34,0
191,162,34,0
191,163,34,0
191,164,34,0
191,165,34,0
191,166,34,1
191,167,34,1
191,168,34,0
191,169,34,1
191,170,34,0
191,171,34,0
191,172,34,0
191,173,34,1
191,174,12,0
191,175,35,0
191,176,12,0
191,177,13,0
191,178,41,0
191,179,12,0
191,180,13,0
191,181,41,0
191,182,12,0
191,183,35,0
192,0,37,1
192,1,37,1
192,2,37,1
192,3,37,1
192,4,37,1
192,5,37,1
192,6,30,0
192,7,30,0
192,8,30,0
192,9,30,1
192,10,30,1
192,11,30,0
192,12,30,1
192,13,30,1
192,14,30,0
192,15,30,1
192,16,30,0
192,17,12,1
192,18,35,1
192,19,12,0
192,20,35,0
192,21,12,0
192,22,35,0
192,23,12,1
192,24,35,1
192,25,12,1
192,26,35,1
192,27,12,1
192,28,35,1
192,29,12,1
192,30,35,1
192,31,30,1
192,32,30,1
193,0,37,1
193,1,37,0
193,2,37,1
193,3,37,1
193,4,37,1
193,5,37,1
193,6,37,0
193,7,37,1
193,8,37,1
193,9,37,1
193,10,30,1
193,11,30,1
193,12,30,1
193,13,30,1
193,14,30,0
193,15,30,1
193,16,30,1
193,17,30,1
193,18,12,0
193,19,35,0
193,20,12,0
193,21,35,0
193,22,12,0
193,23,35,0
193,24,12,0
193,25,35,0
193,26,12,0
193,27,13,0
193,28,41,0
193,29,12,1
193,30,13,1
193,31,41,1
193,32,12,1
193,33,13,1
193,34,41,1
193,35,12,0
193,36,35,0
193,37,12,0
193,38,13,0
193,39,41,0
193,40,12,0
193,41,35,0
193,42,12,0
193,43,35,0
193,44,12,0
193,45,13,0
193,46,41,0
193,47,12,1
193,48,35,1
193,49,34,1
193,50,34,1
193,51,34,1
193,52,34,0
193,53,34,0
193,54,34,1
193,55,34,0
193,56,34,0
193,57,34,1
193,58,34,1
193,59,34,0
193,60,34,0
193,61,34,0
193,62,34,1
193,63,34,1
193,64,34,1
193,65,34,1
193,66,34,0
193,67,34,1
193,68,34,1
193,69,34,1
193,70,34,1
193,71,34,1
193,72,34,1
193,73,34,1
193,74,34,1
193,75,34,0
193,76,34,0
193,77,34,0
193,78,34,0
193,79,36,1
193,80,36,0
193,81,36,0
193,82,36,0
193,83,36,1
193,84,36,0
193,85,36,1
193,86,36,1
193,87,36,1
193,88,41,0
193,89,41,0
193,90,41,1
193,91,41,1
193,92,41,1
194,0,37,0
194,1,37,1
194,2,37,1
194,3,37,1
194,4,30,1
194,5,30,1
194,6,30,1
194,7,30,0
194,8,30,0
194,9,30,1
194,10,30,1
194,11,30,0
194,12,30,1
194,13,30,1
194,14,30,0
194,15,30,0
194,16,30,0
194,17,30,1
194,18,30,0
194,19,30,1
194,20,37,1
194,21,37,1
194,22,30,0
194,23,30,0
194,24,30,1
194,25,30,0
194,26,30,0
194,27,30,0
194,28,30,0
194,29,30,1
194,30,12,0
194,31,35,0
194,32,12,0
194,33,13,0
194,34,41,0
194,35,12,0
194,36,13,0
194,37,41,0
194,38,12,0
194,39,13,0
194,40,41,0
194,41,12,1
194,42,13,1
194,43,41,1
194,44,12,1
194,45,13,1
194,46,41,1
194,47,12,0
194,48,13,0
194,49,41,0
194,50,12,0
194,51,35,0
194,52,12,0
194,53,35,0
194,54,12,0
194,55,35,0
194,56,12,0
194,57,13,0
194,58,41,0
194,59,12,0
194,60,13,0
194,61,41,0
194,62,12,0
194,63,35,0
194,64,12,0
194,65,35,0
194,66,12,0
194,67,13,0
194,68,41,0
194,69,30,0
194,70,30,0
194,71,30,1
194,72,30,0
194,73,30,0
194,74,30,1
194,75,30,1
194,76,30,1
194,77,34,1
194,78,34,0
194,79,34,0
194,80,34,0
194,81,34,0
194,82,34,1
194,83,34,0
194,84,34,1
194,85,34,0
194,86,34,0
194,87,34,0
194,88,34,0
194,89,34,0
194,90,34,1
194,91,34,1
194,92,34,0
194,93,34,1
194,94,34,1
194,95,34,1
194,96,34,0
194,97,34,0
194,98,12,0
194,99,13,0
194,100,41,0
194,101,12,0
194,102,35,0
194,103,12,0
194,104,13,0
194,105,41,0
194,106,12,0
194,107,13,0
194,108,41,0
194,109,12,0
194,110,35,0
194,111,12,0
194,112,13,0
194,113,41,0
194,114,12,0
194,115,35,0
194,116,12,0
194,117,13,0
194,118,41,0
194,119,36,0
194,120,12,0
194,121,13,0
194,122,41,0
194,123,12,0
194,124,35,0
194,125,12,0
194,126,35,0
194,127,12,0
194,128,13,0
194,129,41,0
194,130,12,0
194,131,13,0
194,132,41,0
194,133,12,0
194,134,35,0
194,135,12,0
194,136,13,0
194,137,41,0
194,138,12,0
194,139,13,0
194,140,41,0
194,141,34,0
194,142,34,0
194,143,34,0
194,144,34,0
194,145,34,0
195,0,37,1
195,1,37,1
195,2,37,1
195,3,37,1
195,4,37,1
195,5,37,1
195,6,30,1
195,7,30,1
195,8,30,1
195,9,30,1
195,10,30,1
195,11,30,1
195,12,12,1
195,13,13,1
195,14,41,1
195,15,12,1
195,16,13,1
195,17,41,1
195,18,12,1
195,19,13,1
195,20,41,1
195,21,34,1
195,22,34,0
195,23,34,1
195,24,34,0
195,25,34,0
195,26,34,1
195,27,34,1
195,28,34,1
195,29,34,0
195,30,34,1
195,31,34,1
195,32,34,1
195,33,34,0
195,34,34,1
195,35,34,1
195,36,34,1
195,37,34,0
195,38,34,1
195,39,34,0
195,40,34,1
195,41,34,0
195,42,34,1
195,43,34,0
195,44,34,1
195,45,34,1
195,46,34,1
195,47,34,1
195,48,34,1
195,49,34,1
195,50,34,1
195,51,34,1
195,52,34,0
195,53,34,0
195,54,34,0
195,55,34,1
195,56,34,0
195,57,34,0
195,58,34,1
195,59,34,1
195,60,36,0
195,61,36,0
195,62,36,0
195,63,36,0
195,64,36,1
195,65,36,0
195,66,36,0
195,67,36,0
195,68,36,0
195,69,36,0
195,70,36,0
195,71,36,0
195,72,41,0
195,73,41,0
195,74,41,0
195,75,41,0
195,76,41,0
195,77,41,0
195,78,41,0
195,79,41,0
195,80,41,0
195,81,41,0
195,82,34,0
195,83,34,0
195,84,34,0
195,85,34,0
195,86,34,0
195,87,34,1
195,88,34,0
195,89,34,0
195,90,34,0
195,91,34,0
195,92,34,0
195,93,34,0
195,94,34,1
195,95,34,1
195,96,34,0
195,97,34,0
195,98,34,0
195,99,34,1
195,100,36,0
195,101,36,0
195,102,36,0
195,103,36,0
195,104,36,0
195,105,36,0
195,106,41,0
195,107,41,0
195,108,41,0
195,109,41,0
195,110,41,0
195,111,41,0
195,112,41,0
195,113,41,0
195,114,36,0
195,115,36,0
195,116,36,0
195,117,36,0
195,118,36,1
195,119,36,1
195,120,36,0
195,121,36,0
195,122,34,0
195,123,34,1
195,124,34,0
195,125,34,1
195,126,34,0
195,127,34,0
195,128,34,0
195,129,34,0
195,130,34,0
195,131,34,0
195,132,34,0
195,133,34,1
195,134,34,1
195,135,36,0
195,136,36,0
195,137,36,0
195,138,36,0
195,139,36,1
195,140,36,1
195,141,36,0
195,142,36,0
195,143,36,0
195,144,36,0
195,145,36,0
195,146,36,0
195,147,36,1
195,148,36,0
195,149,41,0
195,150,41,0
195,151,41,0
195,152,41,0
195,153,41,0
195,154,41,0
195,155,41,0
195,156,41,0
195,157,34,0
195,158,34,0
195,159,34,1
195,160,34,1
195,161,34,1
195,162,34,1
195,163,34,1
195,164,34,1
195,165,36,0
195,166,36,1
195,167,36,0
195,168,36,0
195,169,41,0
195,170,41,0
196,0,37,0
196,1,37,1
196,2,37,1
196,3,37,1
196,4,37,1
196,5,37,1
196,6,37,1
196,7,30,1
196,8,30,1
196,9,30,1
196,10,30,0
196,11,30,0
196,12,30,0
196,13,30,0
196,14,30,1
196,15,30,1
196,16,30,0
196,17,30,0
197,0,22,1
197,1,22,1
197,2,22,1
197,3,20,1
197,4,20,0
197,5,20,1
197,6,20,1
197,7,20,1
197,8,20,1
197,9,21,1
197,10,21,1
197,11,21,1
197,12,21,1
197,13,18,0
197,14,18,1
197,15,18,1
197,16,18,1
197,17,33,1
197,18,33,1
197,19,37,1
197,20,37,1
197,21,37,1
197,22,30,1
197,23,30,1
197,24,37,1
197,25,30,1
197,26,69,0
197,27,69,1
197,28,69,0
197,29,69,1
197,30,69,1
197,31,69,1
197,32,69,0
197,33,69,1
197,34,69,1
197,35,69,0
197,36,69,0
197,37,69,1
197,38,69,1
197,39,24,1
197,40,24,1
197,41,24,1
197,42,69,1
197,43,19,1
197,44,19,1
197,45,60,1
197,46,27,1
197,47,27,1
197,48,59,0
197,49,59,1
197,50,59,1
197,51,59,1
197,52,34,1
197,53,34,1
197,54,34,1
197,55,41,1
197,56,41,0
197,57,41,0
197,58,41,1
197,59,41,0
197,60,41,0
197,61,41,1
197,62,35,0
197,63,35,0
197,64,35,1
197,65,35,1
197,66,35,1
197,67,21,1
197,68,14,1
197,69,14,1
197,70,36,0
197,71,36,0
197,72,36,0
197,73,36,1
197,74,36,1
197,75,41,0
197,76,36,0
197,77,26,1
197,78,26,1
197,79,26,1
197,80,26,0
197,81,26,1
197,82,26,1
197,83,26,0
197,84,26,1
197,85,26,1
197,86,26,1
197,87,26,1
197,88,70,0
197,89,70,1
197,90,70,0
197,91,70,1
197,92,70,1
197,93,70,1
197,94,70,0
197,95,70,1
197,96,70,1
197,97,70,1
197,98,70,0
197,99,70,1
197,100,70,1
197,101,70,1
197,102,70,1
197,103,70,1
197,104,70,1
197,105,70,1
197,106,26,0
197,107,26,1
197,108,26,1
197,109,26,1
197,110,26,0
197,111,26,0
197,112,26,0
197,113,26,0
197,114,26,0
197,115,26,1
197,116,26,0
197,117,26,1
197,118,26,1
197,119,26,1
197,120,26,1
197,121,26,1
197,122,26,0
197,123,26,1
197,124,26,1
197,125,26,1
197,126,26,1
197,127,26,1
197,128,26,1
197,129,41,1
197,130,41,1
197,131,41,1
197,132,36,0
197,133,36,0
197,134,36,0
197,135,36,0
197,136,36,0
197,137,36,0
197,138,36,0
197,139,70,0
197,140,70,1
197,141,70,0
197,142,70,1
197,143,70,0
197,144,70,1
197,145,70,1
197,146,70,1
197,147,70,1
197,148,70,1
197,149,70,1
197,150,26,0
197,151,26,0
197,152,26,0
197,153,26,1
197,154,26,0
197,155,36,1
197,156,36,1
197,157,36,0
197,158,36,1
197,159,36,1
197,160,36,1
197,161,26,1
197,162,26,0
197,163,26,1
197,164,26,1
197,165,26,1
197,166,26,1
197,167,26,1
197,168,26,0
197,169,26,1
197,170,26,1
197,171,26,1
197,172,26,1
197,173,26,1
197,174,26,1
197,175,26,0
197,176,26,1
197,177,26,1
197,178,26,1
197,179,26,0
197,180,26,1
197,181,26,1
197,182,26,1
197,183,26,0
197,184,26,1
197,185,26,1
197,186,26,1
197,187,26,1
197,188,26,1
197,189,26,1
197,190,26,1
197,191,26,1
197,192,26,1
197,193,26,1
197,194,26,1
197,195,26,1
197,196,70,1
197,197,70,1
197,198,70,1
197,199,58,1
197,200,58,0
197,201,58,0
197,202,58,0
197,203,58,0
197,204,58,0
197,205,26,0
197,206,26,1
197,207,26,1
197,208,26,1
197,209,42,0
197,210,42,1
197,211,42,1
197,212,42,1
197,213,25,0
197,214,42,0
197,215,25,0
197,216,42,0
197,217,25,0
197,218,42,0
197,219,25,0
197,220,42,0
197,221,25,0
197,222,42,0
197,223,25,0
197,224,42,0
197,225,25,0
197,226,42,0
197,227,25,0
197,228,42,0
197,229,25,0
197,230,42,0
197,231,25,0
197,232,42,0
197,233,25,0
197,234,42,0
197,235,25,0
197,236,42,0
197,237,25,0
197,238,42,0
197,239,25,0
197,240,42,0
197,241,25,0
197,242,42,0
197,243,25,0
197,244,42,0
197,245,25,0
197,246,42,0
197,247,25,0
197,248,42,0
197,249,25,0
197,250,42,0
197,251,25,0
197,252,42,0
197,253,25,0
197,254,42,0
197,255,25,0
197,256,42,0
197,257,42,1
197,258,43,1
197,259,26,0
197,260,26,1
197,261,26,1
197,262,26,1
197,263,58,0
197,264,58,1
197,265,58,0
197,266,58,1
197,267,58,1
197,268,58,1
197,269,42,1
197,270,43,1
197,271,42,1
197,272,43,1
197,273,72,0
197,274,43,0
197,275,68,1
197,276,68,1
197,277,1,0
197,278,1,1
197,279,1,1
197,280,1,1
197,281,1,0
197,282,1,0
197,283,1,0
197,284,1,0
197,285,1,0
197,286,1,1
197,287,1,1
197,288,1,0
197,289,1,0
197,290,81,1
197,291,81,1
197,292,1,0
197,293,81,1
197,294,82,1
197,295,1,1
197,296,2,0
197,297,2,0
197,298,1,0
197,299,1,1
197,300,1,1
197,301,1,0
197,302,1,0
197,303,1,1
197,304,31,1
197,305,31,0
197,306,31,0
197,307,31,1
197,308,31,1
197,309,31,1
197,310,31,1
197,311,57,1
197,312,28,1
197,313,28,1
197,314,28,0
197,315,28,1
197,316,28,0
197,317,28,0
197,318,28,1
197,319,28,1
197,320,28,1
197,321,80,0
197,322,80,1
197,323,80,0
197,324,18,0
197,325,80,0
197,326,18,0
197,327,25,1
197,328,42,1
197,329,25,0
197,330,42,0
197,331,25,0
197,332,42,0
197,333,25,0
197,334,42,0
197,335,25,0
197,336,42,0
197,337,25,1
197,338,42,1
197,339,25,1
197,340,42,1
197,341,25,1
197,342,42,1
197,343,25,1
197,344,42,1
197,345,72,0
197,346,72,1
197,347,72,1
197,348,72,1
197,349,43,1
197,350,43,1
197,351,43,1
197,352,43,1
197,353,43,1
197,354,80,0
197,355,18,0
197,356,66,0
197,357,66,0
197,358,66,0
197,359,66,1
197,360,1,1
197,361,1,1
197,362,1,0
197,363,1,1
197,364,1,1
197,365,1,0
197,366,1,0
197,367,1,1
197,368,1,1
197,369,1,1
197,370,1,0
197,371,1,1
197,372,1,1
197,373,1,1
197,374,25,1
197,375,42,1
197,376,2,0
197,377,2,0
197,378,2,0
197,379,80,0
197,380,18,0
197,381,80,0
197,382,80,1
197,383,28,0
197,384,28,0
197,385,28,0
197,386,28,1
197,387,28,1
197,388,28,1
197,389,84,0
197,390,28,0
197,391,84,0
197,392,28,0
197,393,84,1
197,394,28,1
197,395,84,1
197,396,28,1
197,397,64,1
197,398,85,0
197,399,85,0
197,400,64,1
197,401,85,0
197,402,64,0
197,403,64,1
197,404,85,0
197,405,39,1
197,406,86,0
197,407,2,0
197,408,2,0
197,409,2,0
197,410,2,0
197,411,2,0
197,412,2,0
197,413,2,1
197,414,2,0
197,415,85,0
197,416,18,1
197,417,18,0
197,418,18,1
197,419,18,1
197,420,18,1
197,421,18,1
197,422,18,1
197,423,24,1
197,424,24,1
197,425,24,1
197,426,24,0
197,427,24,1
197,428,24,1
197,429,24,1
197,430,24,1
197,431,24,1
197,432,74,1
197,433,74,1
197,434,74,1
197,435,74,1
197,436,74,1
197,437,60,1
197,438,60,1
197,439,60,1
197,440,60,1
197,441,60,0
197,442,60,1
197,443,60,1
197,444,60,0
197,445,60,1
197,446,60,1
197,447,19,1
197,448,19,1
197,449,19,1
197,450,19,1
197,451,19,1
197,452,14,0
197,453,14,1
197,454,14,0
197,455,14,0
197,456,14,0
197,457,14,1
197,458,14,1
197,459,14,0
197,460,14,1
197,461,14,0
197,462,35,1
197,463,35,1
197,464,41,1
197,465,35,1
197,466,12,0
197,467,35,0
197,468,41,0
197,469,12,1
197,470,35,1
197,471,35,1
197,472,12,1
197,473,35,1
197,474,41,1
197,475,41,0
197,476,23,1
197,477,23,1
197,478,23,0
197,479,23,1
197,480,23,1
197,481,23,1
197,482,23,1
197,483,23,1
197,484,23,0
197,485,23,1
197,486,23,1
197,487,23,1
197,488,23,1
197,489,23,1
197,490,16,0
197,491,16,1
197,492,16,1
197,493,4,1
197,494,16,1
197,495,3,0
197,496,17,1
197,497,17,1
197,498,17,1
197,499,17,1
197,500,17,1
197,501,6,1
197,502,7,1
197,503,6,1
197,504,7,1
197,505,6,0
197,506,8,0
197,507,6,1
197,508,8,1
197,509,6,1
197,510,7,1
197,511,6,1
197,512,9,1
197,513,6,1
197,514,5,1
197,515,6,1
197,516,5,1
197,517,32,0
197,518,5,0
197,519,32,0
197,520,5,0
197,521,32,0
197,522,9,0
197,523,32,0
197,524,5,0
197,525,32,1
197,526,9,1
197,527,32,1
197,528,5,1
197,529,32,0
197,530,9,0
197,531,32,1
197,532,9,1
197,533,32,1
197,534,5,1
197,535,32,1
197,536,5,1
197,537,60,1
197,538,60,1
197,539,60,1
197,540,23,1
197,541,23,1
197,542,23,1
197,543,41,0
197,544,41,1
197,545,41,1
197,546,41,1
197,547,41,1
197,548,41,1
197,549,34,1
197,550,34,1
197,551,34,1
197,552,34,1
197,553,34,1
197,554,12,0
197,555,35,0
197,556,12,1
197,557,35,1
197,558,35,1
197,559,41,1
197,560,12,0
197,561,35,0
197,562,35,1
197,563,41,1
197,564,35,0
197,565,12,0
197,566,35,0
197,567,41,1
197,568,35,1
197,569,14,0
197,570,14,0
197,571,14,0
197,572,14,0
197,573,14,1
197,574,14,0
197,575,14,0
197,576,14,0
197,577,14,1
197,578,14,1
197,579,14,1
197,580,12,1
197,581,35,1
197,582,12,1
197,583,35,1
197,584,41,1
197,585,32,1
197,586,5,1
197,587,32,1
197,588,5,1
198,0,22,1
198,1,20,1
198,2,20,1
198,3,20,1
198,4,21,1
198,5,21,0
198,6,21,0
198,7,21,1
198,8,21,1
198,9,21,0
198,10,21,1
198,11,21,1
198,12,21,1
198,13,21,1
198,14,21,1
198,15,18,1
198,16,33,1
198,17,33,1
198,18,37,0
198,19,37,0
198,20,37,1
198,21,37,1
198,22,37,1
198,23,37,1
198,24,37,0
198,25,37,1
198,26,37,0
198,27,37,0
198,28,37,0
198,29,30,1
198,30,30,1
198,31,69,0
198,32,69,1
198,33,69,0
198,34,69,1
198,35,69,1
198,36,69,1
198,37,69,1
198,38,69,0
198,39,69,0
198,40,69,1
198,41,69,1
198,42,69,1
198,43,24,0
198,44,24,0
198,45,24,0
198,46,24,1
198,47,24,1
198,48,24,1
198,49,37,1
198,50,37,0
198,51,37,0
198,52,37,0
198,53,37,1
198,54,19,0
198,55,19,1
198,56,24,1
198,57,60,0
198,58,60,1
198,59,60,0
198,60,27,1
198,61,40,0
198,62,40,1
198,63,27,1
198,64,40,1
198,65,59,1
198,66,34,0
198,67,34,0
198,68,34,1
198,69,34,1
198,70,34,1
198,71,34,0
198,72,34,0
198,73,34,1
198,74,34,0
198,75,34,1
198,76,34,1
198,77,34,1
198,78,34,1
198,79,26,1
198,80,26,1
198,81,26,1
198,82,26,1
198,83,26,1
198,84,70,1
198,85,70,1
198,86,70,1
198,87,70,1
198,88,70,1
198,89,26,1
198,90,37,0
198,91,37,0
198,92,41,0
198,93,24,1
198,94,24,1
198,95,60,1
198,96,60,1
198,97,60,1
198,98,41,0
198,99,41,1
198,100,41,1
198,101,41,1
198,102,35,1
198,103,21,0
198,104,21,1
198,105,21,1
198,106,21,1
198,107,14,0
198,108,37,1
198,109,37,0
198,110,37,1
198,111,37,1
198,112,37,1
198,113,14,0
198,114,14,1
198,115,14,1
198,116,14,1
198,117,14,1
198,118,37,1
198,119,30,1
198,120,28,1
198,121,28,1
198,122,28,0
198,123,28,1
198,124,28,1
198,125,28,1
198,126,28,1
198,127,28,0
198,128,28,1
198,129,28,1
198,130,28,1
198,131,57,1
198,132,80,1
198,133,26,1
198,134,26,1
198,135,31,1
198,136,31,1
198,137,84,0
198,138,28,0
198,139,84,1
198,140,28,1
198,141,84,0
198,142,28,0
198,143,84,1
198,144,28,1
198,145,84,1
198,146,28,1
198,147,84,1
198,148,28,1
198,149,64,0
198,150,26,0
198,151,26,1
198,152,26,1
198,153,26,1
198,154,26,0
198,155,26,1
198,156,70,0
198,157,26,1
198,158,10,0
198,159,10,1
198,160,10,1
198,161,10,1
198,162,10,1
198,163,10,1
198,164,10,1
198,165,75,0
198,166,75,1
198,167,75,0
198,168,75,0
198,169,75,1
198,170,75,1
198,171,75,1
198,172,39,0
198,173,86,1
198,174,86,1
198,175,87,1
198,176,86,1
198,177,39,1
198,178,64,1
198,179,64,1
198,180,64,0
198,181,64,1
198,182,64,1
198,183,64,1
198,184,31,1
198,185,31,1
198,186,26,1
198,187,26,1
198,188,26,1
198,189,26,0
198,190,26,1
198,191,26,1
198,192,26,1
198,193,26,1
198,194,26,1
198,195,26,1
198,196,26,1
198,197,26,0
198,198,26,1
198,199,26,1
198,200,26,1
198,201,26,1
198,202,26,1
198,203,26,1
198,204,26,1
198,205,26,0
198,206,26,1
198,207,26,1
198,208,26,1
198,209,26,1
198,210,26,1
198,211,70,1
198,212,70,1
198,213,70,0
198,214,70,1
198,215,70,1
198,216,70,1
198,217,70,1
198,218,70,1
198,219,70,1
198,220,70,1
198,221,58,1
198,222,58,0
198,223,58,0
198,224,42,1
198,225,42,1
198,226,43,1
198,227,26,1
198,228,72,1
198,229,43,0
198,230,68,1
198,231,68,0
198,232,68,0
198,233,68,1
198,234,68,1
198,235,68,1
198,236,1,0
198,237,4,1
198,238,7,1
198,239,4,1
198,240,7,1
198,241,4,1
198,242,9,1
198,243,4,1
198,244,9,1
198,245,10,1
198,246,35,1
198,247,6,1
198,248,8,1
198,249,37,1
198,250,30,1
198,251,37,1
198,252,30,1
198,253,36,1
198,254,26,1
198,255,26,1
198,256,26,1
198,257,26,1
198,258,14,0
198,259,14,0
198,260,14,1
198,261,14,1
198,262,14,1
198,263,14,1
198,264,14,1
198,265,41,0
198,266,41,0
198,267,35,0
198,268,35,1
198,269,12,1
198,270,35,1
198,271,35,1
198,272,35,1
198,273,41,0
198,274,41,0
198,275,12,1
198,276,35,1
198,277,41,0
198,278,41,0
198,279,41,1
198,280,41,1
198,281,41,1
198,282,41,1
198,283,41,1
198,284,34,1
198,285,34,0
198,286,34,1
198,287,34,1
198,288,34,1
198,289,34,1
198,290,34,1
198,291,18,1
198,292,18,1
198,293,18,1
198,294,18,0
198,295,18,1
198,296,18,1
198,297,18,1
198,298,18,0
198,299,18,0
198,300,18,1
198,301,11,1
198,302,11,1
198,303,11,1
198,304,16,1
198,305,16,1
198,306,16,0
198,307,16,1
198,308,16,1
198,309,16,1
198,310,4,1
198,311,15,1
198,312,4,1
198,313,16,1
198,314,3,1
198,315,12,1
198,316,35,1
198,317,12,1
198,318,35,1
198,319,12,0
198,320,13,0
198,321,14,0
198,322,12,1
198,323,35,1
198,324,32,1
198,325,5,1
198,326,32,1
198,327,5,1
198,328,25,1
198,329,42,1
198,330,25,1
198,331,42,1
198,332,25,1
198,333,42,1
198,334,25,1
198,335,42,1
198,336,25,1
198,337,42,1
198,338,25,1
198,339,42,1
198,340,29,0
198,341,29,1
198,342,29,1
198,343,29,1
198,344,3,1
198,345,3,1
198,346,25,0
198,347,42,0
198,348,25,1
198,349,42,1
198,350,25,0
198,351,42,0
198,352,25,0
198,353,42,0
198,354,25,0
198,355,42,0
198,356,5,0
198,357,9,1
198,358,9,1
198,359,5,0
198,360,9,1
198,361,8,1
198,362,5,1
198,363,12,0
198,364,13,0
198,365,26,1
198,366,26,1
198,367,72,0
198,368,4,1
198,369,22,1
198,370,25,1
198,371,42,1
198,372,25,1
198,373,42,1
198,374,25,1
198,375,42,1
198,376,25,1
198,377,42,1
198,378,25,1
198,379,42,1
198,380,80,0
198,381,80,1
198,382,18,1
198,383,4,1
198,384,5,1
198,385,4,1
198,386,5,1
198,387,11,1
198,388,6,1
198,389,9,1
198,390,6,1
198,391,8,1
198,392,17,1
198,393,17,1
198,394,6,1
198,395,9,1
198,396,6,1
198,397,7,1
198,398,10,1
198,399,35,1
198,400,10,1
198,401,35,1
198,402,10,1
198,403,35,1
198,404,10,1
198,405,35,1
198,406,80,1
198,407,18,1
198,408,80,1
198,409,18,1
198,410,31,1
198,411,2,0
198,412,2,1
198,413,43,1
198,414,43,1
198,415,43,1
198,416,43,1
198,417,43,1
198,418,18,1
198,419,18,1
198,420,18,1
198,421,18,1
198,422,24,0
198,423,19,0
198,424,58,0
198,425,72,1
198,426,81,1
198,427,29,0
198,428,3,0
198,429,29,0
198,430,3,0
198,431,16,1
198,432,29,0
198,433,3,0
198,434,49,1
198,435,52,1
198,436,48,1
198,437,1,1
198,438,2,0
198,439,66,0
198,440,66,0
198,441,17,1
198,442,17,1
198,443,17,1
198,444,17,1
198,445,17,1
198,446,6,1
198,447,9,1
198,448,6,0
198,449,8,0
198,450,6,0
198,451,9,0
198,452,50,0
198,453,50,0
198,454,50,1
198,455,51,1
198,456,51,1
198,457,50,0
198,458,50,1
198,459,96,0
198,460,50,1
198,461,50,0
198,462,50,1
198,463,50,1
198,464,57,0
198,465,57,0
198,466,49,1
198,467,93,0
198,468,28,0
198,469,53,0
198,470,54,0
198,471,50,1
198,472,50,1
198,473,50,1
198,474,50,0
198,475,76,0
198,476,50,1
198,477,50,1
198,478,50,1
198,479,50,0
198,480,50,1
198,481,50,0
198,482,50,1
198,483,50,1
198,484,50,0
198,485,50,1
198,486,53,0
198,487,50,0
198,488,50,1
198,489,58,0
198,490,58,1
198,491,93,1
198,492,28,0
198,493,28,0
198,494,28,1
198,495,28,1
198,496,28,1
198,497,28,1
198,498,28,1
198,499,12,0
198,500,13,0
198,501,14,0
198,502,12,1
198,503,13,1
198,504,14,1
198,505,12,1
198,506,13,1
198,507,14,1
198,508,12,1
198,509,13,1
198,510,14,1
198,511,50,1
198,512,25,1
198,513,42,1
198,514,25,1
198,515,42,1
198,516,25,1
198,517,42,1
198,518,25,1
198,519,42,1
198,520,25,1
198,521,42,1
198,522,66,0
198,523,66,0
198,524,1,1
198,525,1,1
198,526,1,1
198,527,1,1
198,528,1,1
198,529,1,1
198,530,1,1
198,531,2,1
198,532,2,1
198,533,29,0
198,534,3,0
198,535,29,1
198,536,3,1
198,537,29,0
198,538,3,0
198,539,29,1
198,540,3,1
198,541,29,1
198,542,3,1
198,543,29,1
198,544,3,1
198,545,29,0
198,546,3,0
198,547,29,1
198,548,3,1
198,549,29,1
198,550,3,1
198,551,29,1
198,552,3,1
198,553,53,1
198,554,50,0
198,555,50,1
198,556,50,1
198,557,57,1
198,558,57,1
198,559,50,1
198,560,50,1
198,561,50,1
198,562,11,0
198,563,11,1
198,564,11,1
198,565,11,1
198,566,32,1
198,567,9,1
198,568,32,0
198,569,5,0
198,570,32,1
198,571,5,1
198,572,32,1
198,573,5,1
198,574,32,1
198,575,5,1
199,0,18,1
199,1,24,1
199,2,22,1
199,3,34,0
199,4,34,0
199,5,34,0
199,6,34,0
199,7,34,1
199,8,34,0
199,9,21,0
199,10,21,1
199,11,59,1
199,12,22,1
199,13,23,1
199,14,21,1
199,15,37,0
199,16,30,0
199,17,37,1
199,18,37,1
199,19,30,1
199,20,30,0
199,21,30,0
199,22,30,0
199,23,30,1
199,24,30,1
199,25,33,1
199,26,33,1
199,27,19,1
199,28,27,0
199,29,27,0
199,30,27,0
199,31,40,0
199,32,40,0
199,33,44,0
199,34,35,0
199,35,14,0
199,36,14,0
199,37,14,1
199,38,14,1
199,39,14,1
199,40,14,1
199,41,61,1
199,42,44,1
199,43,36,0
199,44,20,0
199,45,20,0
199,46,20,1
199,47,20,1
199,48,20,1
199,49,34,0
199,50,41,0
199,51,32,1
199,52,5,1
199,53,32,1
199,54,5,1
199,55,9,1
199,56,4,0
199,57,5,0
199,58,17,1
199,59,6,1
199,60,7,1
199,61,6,1
199,62,7,1
199,63,16,0
199,64,16,0
199,65,16,1
199,66,4,0
199,67,16,0
199,68,16,1
199,69,4,1
199,70,16,1
199,71,16,1
199,72,29,0
199,73,3,0
199,74,29,1
199,75,3,1
199,76,3,0
200,0,18,1
200,1,24,1
200,2,22,1
200,3,34,1
200,4,21,1
200,5,21,1
200,6,59,0
200,7,59,1
200,8,59,1
200,9,59,1
200,10,41,0
200,11,41,0
200,12,41,1
200,13,41,1
200,14,41,1
200,15,25,1
200,16,23,1
200,17,21,1
200,18,37,1
200,19,30,1
200,20,37,1
200,21,37,0
200,22,37,1
200,23,37,1
200,24,37,1
200,25,30,1
200,26,30,1
200,27,33,1
200,28,33,1
200,29,19,1
200,30,27,0
200,31,27,0
200,32,27,0
200,33,27,0
200,34,27,1
200,35,27,1
200,36,27,0
200,37,27,1
200,38,27,0
200,39,27,1
200,40,27,0
200,41,40,0
200,42,40,1
200,43,40,1
200,44,40,1
200,45,40,1
200,46,44,1
200,47,35,1
200,48,14,1
200,49,14,1
200,50,61,1
200,51,44,1
200,52,33,1
200,53,62,1
200,54,44,1
200,55,36,1
200,56,20,1
200,57,27,0
200,58,27,1
200,59,27,0
200,60,27,0
200,61,27,1
200,62,27,1
200,63,27,1
200,64,32,1
200,65,9,1
200,66,32,1
200,67,5,1
200,68,9,1
200,69,4,1
200,70,5,1
200,71,4,1
200,72,5,1
200,73,17,1
200,74,6,1
200,75,7,1
200,76,6,0
200,77,8,0
200,78,6,1
200,79,7,1
200,80,6,1
200,81,7,1
200,82,6,1
200,83,9,1
200,84,4,1
200,85,16,1
200,86,16,1
200,87,4,1
200,88,16,1
200,89,3,1
200,90,30,1
200,91,30,1
200,92,30,1
200,93,37,1
200,94,30,1
200,95,37,1
200,96,30,1
200,97,37,1
200,98,30,1
200,99,26,0
200,100,26,1
200,101,26,1
200,102,26,0
200,103,26,0
200,104,26,1
200,105,26,1
200,106,26,1
200,107,26,1
200,108,26,1
201,0,18,1
201,1,24,1
201,2,22,1
201,3,21,0
201,4,21,1
201,5,21,1
201,6,21,1
201,7,21,1
201,8,59,1
201,9,25,1
201,10,23,1
201,11,21,1
201,12,37,0
201,13,30,0
201,14,37,0
201,15,30,0
201,16,37,1
201,17,30,1
201,18,37,1
201,19,30,1
201,20,4,1
201,21,16,1
201,22,16,0
201,23,16,1
201,24,16,1
201,25,16,1
201,26,3,0
201,27,3,1
201,28,3,0
201,29,29,1
201,30,3,1
201,31,3,1
201,32,29,1
201,33,3,1
202,0,18,0
202,1,18,1
202,2,18,0
202,3,18,1
202,4,24,1
202,5,22,1
202,6,34,1
202,7,21,0
202,8,21,1
202,9,21,1
202,10,21,1
202,11,21,1
202,12,59,0
202,13,59,1
202,14,59,1
202,15,59,0
202,16,59,1
202,17,41,1
202,18,41,1
202,19,41,1
202,20,22,1
202,21,23,1
202,22,21,1
202,23,37,0
202,24,30,0
202,25,37,1
202,26,30,1
202,27,37,0
202,28,30,0
202,29,37,1
202,30,30,1
202,31,37,1
202,32,30,1
202,33,37,1
202,34,37,1
202,35,30,1
202,36,30,1
202,37,33,1
202,38,33,1
202,39,19,1
202,40,27,0
202,41,27,0
202,42,27,0
202,43,27,0
202,44,27,1
202,45,27,0
202,46,27,1
202,47,40,0
202,48,40,0
202,49,40,1
202,50,40,0
202,51,40,0
202,52,40,0
202,53,40,1
202,54,40,1
202,55,40,1
202,56,40,1
202,57,40,1
202,58,40,0
202,59,40,1
202,60,40,0
202,61,40,0
202,62,40,0
202,63,44,0
202,64,44,1
202,65,44,1
202,66,44,1
202,67,35,0
202,68,35,1
202,69,35,1
202,70,35,1
202,71,14,0
202,72,14,0
202,73,14,0
202,74,14,1
202,75,14,0
202,76,14,0
202,77,14,1
202,78,14,1
202,79,14,0
202,80,14,1
202,81,61,0
202,82,44,0
202,83,61,0
202,84,44,0
202,85,61,1
202,86,44,1
202,87,61,1
202,88,44,1
202,89,61,0
202,90,44,0
202,91,61,1
202,92,44,1
202,93,61,0
202,94,44,0
202,95,33,0
202,96,62,0
202,97,44,0
202,98,33,1
202,99,62,1
202,100,44,1
202,101,33,1
202,102,62,1
202,103,44,1
202,104,33,1
202,105,62,1
202,106,44,1
202,107,36,0
202,108,36,0
202,109,36,1
202,110,36,0
202,111,36,1
202,112,20,1
202,113,59,1
202,114,59,1
202,115,37,0
202,116,30,0
202,117,37,0
202,118,30,0
202,119,37,1
202,120,30,1
202,121,37,0
202,122,30,0
202,123,37,1
202,124,30,1
202,125,37,1
202,126,30,1
202,127,32,1
202,128,5,1
202,129,32,1
202,130,5,1
202,131,8,1
202,132,4,0
202,133,5,0
202,134,4,1
202,135,5,1
202,136,4,0
202,137,16,0
202,138,4,1
202,139,16,1
202,140,29,1
202,141,3,1
202,142,3,0
203,0,18,0
203,1,18,1
203,2,18,1
203,3,18,1
203,4,24,0
203,5,24,1
203,6,24,0
203,7,24,1
203,8,24,1
203,9,22,1
203,10,34,0
203,11,34,0
203,12,34,0
203,13,34,0
203,14,34,0
203,15,21,0
203,16,21,0
203,17,21,1
203,18,21,1
203,19,21,1
203,20,21,1
203,21,59,0
203,22,59,1
203,23,59,1
203,24,59,1
203,25,41,1
203,26,22,1
203,27,23,1
203,28,21,1
203,29,37,1
203,30,30,1
203,31,37,1
203,32,37,1
203,33,30,0
203,34,30,1
203,35,30,1
203,36,30,0
203,37,30,0
203,38,30,1
203,39,33,1
203,40,33,1
203,41,19,0
203,42,19,0
203,43,19,1
203,44,19,1
203,45,19,1
203,46,27,0
203,47,27,1
203,48,27,1
203,49,27,0
203,50,27,0
203,51,27,1
203,52,27,1
203,53,40,0
203,54,40,1
203,55,40,1
203,56,40,0
203,57,40,1
203,58,40,0
203,59,40,1
203,60,40,1
203,61,40,0
203,62,40,0
203,63,40,1
203,64,40,1
203,65,40,1
203,66,40,1
203,67,44,1
203,68,35,0
203,69,35,1
203,70,35,1
203,71,35,1
203,72,14,0
203,73,14,0
203,74,14,1
203,75,14,1
203,76,14,0
203,77,14,0
203,78,14,1
203,79,14,1
203,80,14,1
203,81,61,1
203,82,44,1
203,83,33,1
203,84,62,1
203,85,44,1
203,86,36,0
203,87,36,0
203,88,36,0
203,89,36,0
203,90,20,1
203,91,24,1
203,92,22,1
203,93,22,1
203,94,34,0
203,95,34,1
203,96,34,1
203,97,34,0
203,98,34,0
203,99,34,1
203,100,34,1
203,101,34,1
203,102,30,0
203,103,30,1
203,104,30,1
203,105,30,1
203,106,32,1
203,107,5,1
203,108,32,1
203,109,5,1
203,110,8,1
203,111,4,1
203,112,5,1
203,113,4,0
203,114,5,0
203,115,6,0
203,116,8,0
203,117,16,1
203,118,16,1
203,119,29,1
203,120,3,1
203,121,29,0
203,122,3,0
203,123,3,0
203,124,3,0
203,125,3,1
203,126,30,1
203,127,30,1
203,128,30,1
203,129,37,0
203,130,30,0
203,131,37,1
203,132,30,1
203,133,37,1
203,134,30,1
203,135,37,1
203,136,30,1
203,137,26,1
203,138,26,1
203,139,26,0
203,140,26,0
203,141,26,1
203,142,26,0
203,143,26,0
203,144,26,1
203,145,26,1
203,146,26,1
203,147,26,1
203,148,26,1
203,149,26,1
203,150,4,1
203,151,16,1
203,152,3,1
203,153,3,0
203,154,29,0
203,155,29,1
203,156,29,1
203,157,29,1
203,158,3,1
203,159,3,0
203,160,3,0
203,161,3,0
203,162,91,1
203,163,91,0
203,164,91,0
203,165,91,1
203,166,91,0
203,167,91,1
203,168,91,0
203,169,91,0
203,170,91,1
203,171,91,1
203,172,91,1
203,173,91,0
203,174,91,0
203,175,91,1
203,176,91,1
203,177,91,1
203,178,91,0
203,179,91,0
203,180,91,1
203,181,91,1
203,182,91,0
204,0,22,1
204,1,20,1
204,2,20,1
204,3,20,1
204,4,21,1
204,5,20,1
204,6,21,1
204,7,21,1
204,8,18,1
204,9,33,0
204,10,33,1
204,11,33,0
204,12,33,1
204,13,33,1
204,14,33,1
204,15,37,1
204,16,37,1
204,17,33,0
204,18,33,1
204,19,33,1
204,20,33,1
204,21,37,1
204,22,30,1
204,23,30,1
204,24,37,0
204,25,30,0
204,26,37,1
204,27,30,1
204,28,37,0
204,29,30,0
204,30,37,1
204,31,30,1
204,32,37,1
204,33,30,1
204,34,37,1
204,35,30,1
204,36,69,1
204,37,69,1
204,38,69,1
204,39,69,1
204,40,24,1
204,41,24,1
204,42,24,1
204,43,19,1
204,44,19,1
204,45,60,1
204,46,27,1
204,47,27,0
204,48,40,1
204,49,27,1
204,50,27,1
204,51,59,1
204,52,34,1
204,53,34,1
204,54,41,1
204,55,41,1
204,56,41,1
204,57,35,1
204,58,21,1
204,59,14,0
204,60,14,0
204,61,14,1
204,62,14,1
204,63,14,1
204,64,14,1
204,65,26,0
204,66,26,1
204,67,26,1
204,68,26,0
204,69,26,1
204,70,55,0
204,71,26,1
204,72,26,1
204,73,26,1
204,74,26,0
204,75,26,0
204,76,26,0
204,77,26,0
204,78,26,0
204,79,26,1
204,80,26,0
204,81,26,0
204,82,26,0
204,83,26,0
204,84,26,0
204,85,26,0
204,86,26,0
204,87,26,0
204,88,26,1
204,89,26,1
204,90,26,0
204,91,26,0
204,92,70,1
204,93,70,1
204,94,70,1
204,95,70,1
204,96,70,1
204,97,26,1
204,98,26,1
204,99,26,1
204,100,26,1
204,101,26,1
204,102,26,1
204,103,36,0
204,104,36,0
204,105,36,0
204,106,36,0
204,107,36,0
204,108,26,1
204,109,26,1
204,110,26,1
204,111,26,1
204,112,26,1
204,113,26,1
204,114,26,1
204,115,26,1
204,116,26,0
204,117,26,1
204,118,26,1
204,119,26,1
204,120,26,1
204,121,26,0
204,122,26,0
204,123,26,1
204,124,36,0
204,125,36,1
204,126,36,1
204,127,36,1
204,128,26,1
204,129,26,1
204,130,26,1
204,131,26,0
204,132,26,1
204,133,26,1
204,134,26,1
204,135,26,1
204,136,26,0
204,137,26,1
204,138,26,1
204,139,26,0
204,140,26,1
204,141,26,0
204,142,26,1
204,143,26,0
204,144,26,0
204,145,26,1
204,146,26,1
204,147,26,0
204,148,26,0
204,149,26,0
204,150,70,0
204,151,70,1
204,152,70,1
204,153,70,1
204,154,70,0
204,155,70,1
204,156,70,1
204,157,70,1
204,158,70,0
204,159,70,1
204,160,70,1
204,161,70,1
204,162,70,1
204,163,70,0
204,164,70,1
204,165,70,1
204,166,70,1
204,167,70,1
204,168,70,1
204,169,70,1
204,170,70,1
204,171,70,0
204,172,70,0
204,173,70,1
204,174,70,0
204,175,70,1
204,176,26,1
204,177,26,0
204,178,26,1
204,179,26,0
204,180,26,1
204,181,58,1
204,182,58,1
204,183,26,1
204,184,26,1
204,185,70,1
204,186,70,1
204,187,70,1
204,188,70,1
204,189,70,1
204,190,34,1
204,191,26,1
204,192,42,1
204,193,25,1
204,194,42,1
204,195,25,0
204,196,42,0
204,197,25,1
204,198,42,1
204,199,25,0
204,200,42,0
204,201,25,0
204,202,42,0
204,203,25,0
204,204,42,0
204,205,25,0
204,206,42,0
204,207,25,0
204,208,42,0
204,209,25,0
204,210,42,0
204,211,25,0
204,212,42,0
204,213,25,1
204,214,42,1
204,215,42,1
204,216,43,1
204,217,25,1
204,218,42,1
204,219,25,1
204,220,42,1
204,221,25,1
204,222,42,1
204,223,25,1
204,224,42,1
204,225,26,1
204,226,26,1
204,227,26,1
204,228,26,0
204,229,26,1
204,230,26,1
204,231,26,1
204,232,26,0
204,233,26,1
204,234,72,1
204,235,43,0
204,236,43,1
204,237,43,1
204,238,43,1
204,239,43,1
204,240,43,1
204,241,66,1
204,242,68,1
204,243,68,1
204,244,1,1
204,245,2,1
204,246,82,0
204,247,83,1
204,248,1,1
204,249,81,1
204,250,31,1
204,251,31,1
204,252,31,1
204,253,80,1
204,254,18,1
204,255,57,1
204,256,28,1
204,257,28,1
204,258,28,1
204,259,28,1
204,260,28,1
204,261,26,1
204,262,26,1
204,263,26,1
204,264,26,1
204,265,26,0
204,266,26,1
204,267,26,1
204,268,26,1
204,269,26,1
204,270,26,0
204,271,26,0
204,272,26,0
204,273,26,1
204,274,26,1
204,275,26,0
204,276,26,1
204,277,26,1
204,278,26,1
204,279,26,1
204,280,84,0
204,281,28,0
204,282,84,0
204,283,28,0
204,284,84,0
204,285,28,0
204,286,84,1
204,287,28,1
204,288,84,0
204,289,28,0
204,290,64,0
204,291,85,0
204,292,64,1
204,293,85,1
204,294,64,1
204,295,26,1
204,296,84,1
204,297,28,1
204,298,84,1
204,299,28,1
204,300,84,1
204,301,28,1
204,302,39,1
204,303,86,0
204,304,86,1
204,305,86,0
204,306,86,1
204,307,86,1
204,308,86,0
204,309,86,1
204,310,86,0
204,311,39,1
204,312,39,1
204,313,86,1
204,314,75,1
204,315,26,1
204,316,26,1
204,317,26,1
204,318,86,1
204,319,86,1
204,320,10,1
204,321,10,0
204,322,10,0
204,323,10,1
204,324,10,1
204,325,10,1
204,326,10,0
204,327,10,1
204,328,10,1
204,329,10,1
204,330,10,0
204,331,35,0
204,332,10,1
204,333,35,1
204,334,10,0
204,335,35,0
204,336,10,1
204,337,35,1
204,338,10,1
204,339,35,1
204,340,10,1
204,341,35,1
204,342,10,1
204,343,35,1
204,344,10,1
204,345,35,1
204,346,6,1
204,347,8,1
204,348,6,1
204,349,9,1
204,350,6,1
204,351,7,1
204,352,17,1
204,353,17,1
204,354,11,0
204,355,11,1
204,356,11,0
204,357,11,1
204,358,11,1
204,359,11,0
204,360,11,1
204,361,11,1
204,362,11,1
204,363,4,1
204,364,9,1
204,365,4,1
204,366,9,1
204,367,4,0
204,368,5,0
204,369,4,1
204,370,5,1
204,371,4,1
204,372,5,1
204,373,4,0
204,374,5,0
204,375,4,1
204,376,5,1
204,377,4,1
204,378,7,1
204,379,4,1
204,380,7,1
204,381,4,1
204,382,5,1
204,383,9,1
204,384,4,1
204,385,5,1
204,386,5,1
204,387,4,0
204,388,22,0
204,389,4,0
204,390,22,0
204,391,4,1
204,392,22,1
204,393,4,0
204,394,22,0
204,395,4,0
204,396,22,0
204,397,4,0
204,398,22,0
204,399,25,1
204,400,42,1
204,401,25,1
204,402,42,1
204,403,25,1
204,404,42,1
204,405,25,1
204,406,42,1
204,407,25,1
204,408,42,1
204,409,3,0
204,410,3,0
204,411,18,1
204,412,18,1
204,413,18,1
204,414,18,1
204,415,18,1
204,416,24,1
204,417,24,1
204,418,24,1
204,419,24,1
204,420,24,1
204,421,74,1
204,422,74,1
204,423,74,1
204,424,74,0
204,425,74,1
204,426,74,1
204,427,74,1
204,428,74,1
204,429,74,1
204,430,60,0
204,431,19,1
204,432,19,0
204,433,25,1
204,434,42,1
204,435,25,1
204,436,42,1
204,437,25,1
204,438,42,1
204,439,25,1
204,440,42,1
204,441,4,1
204,442,22,1
204,443,12,1
204,444,13,1
204,445,14,1
204,446,12,0
204,447,13,0
204,448,14,0
204,449,12,0
204,450,13,0
204,451,14,0
204,452,12,0
204,453,35,0
204,454,12,1
204,455,35,1
204,456,12,0
204,457,35,0
204,458,12,1
204,459,35,1
204,460,12,1
204,461,35,1
204,462,12,0
204,463,13,0
204,464,41,0
204,465,12,1
204,466,35,1
204,467,12,1
204,468,13,1
204,469,41,1
204,470,12,1
204,471,35,1
204,472,32,0
204,473,5,0
204,474,32,0
204,475,9,0
204,476,32,0
204,477,5,0
204,478,32,0
204,479,5,0
204,480,32,0
204,481,9,0
204,482,12,1
204,483,13,1
204,484,12,1
204,485,13,1
204,486,14,1
204,487,29,1
204,488,3,1
204,489,3,1
204,490,3,1
204,491,4,0
204,492,22,0
204,493,4,1
204,494,22,1
204,495,25,1
204,496,42,1
204,497,14,0
204,498,14,0
204,499,14,1
204,500,14,1
204,501,14,1
204,502,14,1
204,503,14,1
204,504,12,1
204,505,35,1
204,506,41,1
204,507,41,1
204,508,41,1
204,509,41,1
204,510,41,0
204,511,41,1
204,512,41,1
204,513,41,1
204,514,41,1
204,515,41,1
204,516,34,1
204,517,34,1
204,518,34,1
204,519,34,1
204,520,34,1
204,521,11,1
204,522,11,1
204,523,11,1
204,524,12,1
204,525,35,1
204,526,35,0
204,527,41,0
204,528,41,1
204,529,41,0
204,530,41,1
204,531,35,0
204,532,35,1
204,533,41,0
204,534,35,1
204,535,41,1
204,536,60,1
204,537,60,1
204,538,60,1
204,539,60,1
204,540,60,1
204,541,19,1
204,542,19,1
204,543,19,1
204,544,23,0
204,545,23,1
204,546,23,1
204,547,23,1
204,548,23,1
204,549,23,1
204,550,23,1
204,551,23,1
204,552,16,1
204,553,16,1
204,554,12,0
204,555,35,0
204,556,41,1
204,557,35,0
204,558,41,1
204,559,41,1
204,560,41,1
204,561,12,0
204,562,35,0
204,563,41,1
204,564,41,1
204,565,12,0
204,566,35,0
204,567,12,1
204,568,35,1
204,569,16,1
204,570,16,1
204,571,4,1
204,572,16,1
204,573,4,1
204,574,16,1
204,575,3,1
204,576,29,0
204,577,3,0
204,578,29,0
204,579,3,0
204,580,29,0
204,581,3,0
204,582,52,1
204,583,17,1
204,584,17,1
204,585,17,1
204,586,17,1
204,587,17,1
204,588,6,1
204,589,5,1
204,590,6,1
204,591,9,1
204,592,6,1
204,593,9,1
204,594,6,0
204,595,7,0
204,596,6,1
204,597,8,1
204,598,6,1
204,599,5,1
204,600,6,1
204,601,5,1
204,602,6,1
204,603,7,1
204,604,6,1
204,605,8,1
204,606,32,1
204,607,9,1
204,608,32,0
204,609,32,1
204,610,32,1
204,611,9,1
204,612,32,1
204,613,9,1
204,614,32,1
204,615,9,1
204,616,32,1
204,617,9,1
204,618,29,0
204,619,3,0
204,620,29,1
204,621,3,1
204,622,29,0
204,623,3,0
204,624,52,1
204,625,48,1
204,626,50,0
204,627,50,1
204,628,50,1
204,629,50,1
204,630,51,1
204,631,51,1
204,632,50,0
204,633,50,0
204,634,50,0
204,635,50,1
204,636,50,0
204,637,50,1
204,638,50,0
204,639,57,0
204,640,57,0
204,641,57,0
204,642,57,0
204,643,50,0
204,644,50,1
204,645,50,1
204,646,50,0
204,647,50,0
204,648,28,0
204,649,28,1
204,650,28,0
204,651,28,0
204,652,28,0
204,653,28,0
204,654,28,1
204,655,93,1
204,656,53,0
204,657,54,0
204,658,53,0
204,659,54,0
204,660,53,0
204,661,54,1
204,662,53,0
204,663,53,1
204,664,54,1
204,665,53,0
204,666,53,0
204,667,49,1
204,668,50,0
204,669,32,1
204,670,5,1
204,671,32,1
204,672,9,1
204,673,50,0
204,674,50,1
204,675,50,1
204,676,50,0
204,677,50,1
204,678,50,1
204,679,50,0
204,680,50,0
204,681,50,0
204,682,50,1
204,683,50,0
204,684,50,0
204,685,50,0
204,686,28,1
204,687,28,1
204,688,28,1
204,689,28,1
204,690,50,1
204,691,50,1
204,692,32,1
204,693,9,1
204,694,32,1
204,695,9,1
204,696,11,1
204,697,11,1
205,0,18,1
205,1,24,1
205,2,22,0
205,3,22,1
205,4,22,0
205,5,22,0
205,6,22,0
205,7,22,0
205,8,22,1
205,9,22,0
205,10,22,1
205,11,34,0
205,12,34,1
205,13,34,0
205,14,34,0
205,15,21,0
205,16,21,1
205,17,21,1
205,18,21,0
205,19,21,1
205,20,59,1
205,21,34,1
205,22,21,1
205,23,22,0
205,24,22,0
205,25,22,0
205,26,22,0
205,27,22,1
205,28,22,1
205,29,34,1
205,30,21,0
205,31,21,1
205,32,21,1
205,33,21,1
205,34,33,1
205,35,30,1
205,36,37,1
205,37,30,1
205,38,33,1
205,39,37,1
205,40,37,1
205,41,30,1
205,42,25,0
205,43,23,0
205,44,22,1
205,45,23,1
205,46,25,1
205,47,23,1
205,48,22,1
205,49,23,1
205,50,21,0
205,51,21,1
205,52,21,1
205,53,21,1
205,54,19,0
205,55,19,0
205,56,19,1
205,57,19,1
205,58,19,0
205,59,27,0
205,60,27,1
205,61,27,1
205,62,27,1
205,63,44,0
205,64,44,0
205,65,40,0
205,66,40,0
205,67,40,0
205,68,40,0
205,69,40,1
205,70,40,1
205,71,40,1
205,72,40,0
205,73,40,1
205,74,40,1
205,75,40,1
205,76,35,0
205,77,35,1
205,78,35,1
205,79,35,1
205,80,14,1
205,81,14,1
205,82,61,0
205,83,44,0
205,84,61,1
205,85,44,1
205,86,61,0
205,87,44,0
205,88,61,0
205,89,44,0
205,90,61,1
205,91,44,1
205,92,61,0
205,93,44,0
205,94,61,0
205,95,44,0
205,96,33,1
205,97,62,1
205,98,44,1
205,99,22,1
205,100,19,1
205,101,19,1
205,102,19,1
205,103,61,0
205,104,44,0
205,105,61,0
205,106,44,0
205,107,61,1
205,108,44,1
205,109,61,0
205,110,44,0
205,111,61,1
205,112,44,1
205,113,61,1
205,114,44,1
205,115,33,0
205,116,62,0
205,117,44,0
205,118,33,0
205,119,62,0
205,120,44,0
205,121,33,1
205,122,62,1
205,123,44,1
205,124,33,0
205,125,62,0
205,126,44,0
205,127,33,0
205,128,62,0
205,129,44,0
205,130,36,0
205,131,36,0
205,132,20,1
205,133,41,0
205,134,41,0
205,135,41,0
205,136,41,0
205,137,41,0
205,138,61,0
205,139,44,0
205,140,61,0
205,141,44,0
205,142,61,1
205,143,44,1
205,144,61,0
205,145,44,0
205,146,61,1
205,147,44,1
205,148,61,0
205,149,44,0
205,150,32,0
205,151,9,0
205,152,61,1
205,153,44,1
205,154,33,0
205,155,62,0
205,156,44,0
205,157,33,0
205,158,62,0
205,159,44,0
205,160,32,1
205,161,9,1
205,162,32,1
205,163,5,1
205,164,5,0
205,165,5,0
205,166,5,0
205,167,9,0
205,168,8,0
205,169,9,0
205,170,5,0
205,171,4,0
205,172,5,0
205,173,4,1
205,174,5,1
205,175,4,1
205,176,5,1
205,177,4,0
205,178,5,0
205,179,6,0
205,180,7,0
205,181,6,1
205,182,7,1
205,183,6,0
205,184,8,0
205,185,16,0
205,186,16,1
205,187,16,0
205,188,16,1
205,189,16,1
205,190,29,0
205,191,3,0
205,192,88,0
205,193,88,0
205,194,88,0
205,195,88,0
205,196,88,0
205,197,88,0
205,198,88,0
205,199,88,0
205,200,88,0
205,201,88,0
205,202,16,0
205,203,4,1
205,204,16,1
205,205,16,1
205,206,16,1
205,207,16,1
205,208,16,1
205,209,3,0
205,210,3,1
205,211,3,0
205,212,3,0
205,213,3,0
205,214,3,0
205,215,3,1
205,216,3,0
205,217,3,0
205,218,3,1
205,219,3,1
205,220,3,0
205,221,3,1
205,222,3,1
205,223,3,1
205,224,3,1
205,225,29,1
205,226,29,1
205,227,88,0
205,228,88,0
205,229,91,1
205,230,91,1
205,231,91,0
205,232,91,0
205,233,91,0
205,234,91,0
206,0,18,1
206,1,24,1
206,2,22,0
206,3,22,1
206,4,22,1
206,5,22,1
206,6,34,0
206,7,34,0
206,8,34,0
206,9,34,0
206,10,34,0
206,11,21,0
206,12,21,1
206,13,21,0
206,14,21,0
206,15,21,1
206,16,21,1
206,17,59,1
206,18,21,0
206,19,21,1
206,20,21,1
206,21,21,1
206,22,34,0
206,23,34,0
206,24,34,1
206,25,34,0
206,26,34,0
206,27,34,0
206,28,34,1
206,29,34,1
206,30,20,1
206,31,36,0
206,32,36,0
206,33,36,0
206,34,36,0
206,35,36,0
206,36,41,0
206,37,41,0
206,38,41,1
206,39,41,1
206,40,41,1
206,41,25,0
206,42,23,0
206,43,22,1
206,44,23,1
206,45,22,1
206,46,23,1
206,47,25,1
206,48,23,1
206,49,21,1
206,50,33,1
206,51,62,1
206,52,44,1
206,53,37,0
206,54,30,0
206,55,37,0
206,56,30,0
206,57,37,0
206,58,30,0
206,59,37,1
206,60,30,1
206,61,37,1
206,62,30,1
206,63,37,0
206,64,37,1
206,65,37,1
206,66,37,0
206,67,37,1
206,68,37,1
206,69,30,1
206,70,30,1
206,71,33,1
206,72,33,1
206,73,19,1
206,74,27,0
206,75,27,0
206,76,27,0
206,77,27,0
206,78,27,1
206,79,27,0
206,80,27,1
206,81,40,0
206,82,40,0
206,83,40,1
206,84,40,0
206,85,40,1
206,86,40,1
206,87,40,1
206,88,40,0
206,89,40,0
206,90,40,1
206,91,40,1
206,92,40,0
206,93,44,0
206,94,44,1
206,95,44,1
206,96,44,1
206,97,35,0
206,98,35,0
206,99,35,1
206,100,35,1
206,101,35,1
206,102,61,1
206,103,44,1
206,104,14,1
206,105,14,0
206,106,14,0
206,107,14,0
206,108,14,1
206,109,14,0
206,110,34,0
206,111,34,1
206,112,34,1
206,113,34,0
206,114,34,1
206,115,34,1
206,116,34,1
206,117,5,1
206,118,16,0
206,119,4,1
206,120,16,1
206,121,16,1
206,122,16,1
206,123,3,0
206,124,29,0
206,125,3,0
206,126,3,0
206,127,3,1
206,128,29,0
206,129,3,0
206,130,3,0
206,131,29,0
206,132,3,0
206,133,17,0
206,134,17,1
206,135,17,1
206,136,6,0
206,137,7,0
206,138,6,0
206,139,8,0
206,140,6,1
206,141,8,1
206,142,30,1
206,143,30,1
206,144,30,1
206,145,37,1
206,146,30,1
206,147,37,1
206,148,30,1
206,149,37,1
206,150,30,1
206,151,26,1
206,152,26,1
206,153,26,0
206,154,26,0
206,155,26,1
206,156,26,1
206,157,26,1
206,158,16,1
206,159,16,1
206,160,16,1
206,161,88,0
206,162,88,0
206,163,88,0
206,164,88,0
206,165,88,0
206,166,88,0
206,167,16,1
206,168,16,1
206,169,16,0
206,170,16,1
206,171,16,0
206,172,16,0
206,173,16,1
206,174,16,0
206,175,16,1
206,176,16,1
206,177,3,0
206,178,3,1
206,179,3,1
206,180,3,0
206,181,29,0
206,182,3,0
206,183,3,0
206,184,3,0
206,185,29,0
206,186,29,0
206,187,29,1
206,188,91,0
206,189,91,0
206,190,91,0
206,191,91,0
206,192,91,0
206,193,91,0
206,194,89,1
206,195,89,0
206,196,88,0
206,197,88,1
206,198,89,0
206,199,89,1
206,200,88,1
206,201,88,1
206,202,89,0
206,203,89,0
206,204,88,1
206,205,89,0
206,206,89,1
206,207,89,0
206,208,89,1
206,209,89,1
206,210,88,1
206,211,89,1
206,212,89,1
206,213,89,1
206,214,89,1
206,215,89,1
206,216,89,1
206,217,89,1
206,218,89,1
206,219,87,1
206,220,87,0
206,221,87,0
206,222,87,1
206,223,87,1
206,224,87,0
206,225,87,1
206,226,87,1
206,227,87,1
207,0,18,0
207,1,18,1
207,2,18,1
207,3,18,1
207,4,24,1
208,0,22,1
208,1,20,1
208,2,20,1
208,3,20,1
208,4,21,1
208,5,21,1
208,6,21,1
208,7,21,1
208,8,18,1
208,9,33,1
208,10,33,1
208,11,37,1
208,12,37,1
208,13,37,0
208,14,37,1
208,15,37,1
208,16,37,1
208,17,30,1
208,18,30,1
208,19,37,0
208,20,30,0
208,21,37,0
208,22,30,0
208,23,37,1
208,24,30,1
208,25,37,1
208,26,30,1
208,27,37,1
208,28,30,1
208,29,69,0
208,30,69,0
208,31,69,0
208,32,69,1
208,33,69,1
208,34,69,1
208,35,69,1
208,36,69,0
208,37,69,0
208,38,69,0
208,39,69,1
208,40,69,1
208,41,69,0
208,42,69,1
208,43,69,1
208,44,69,0
208,45,69,1
208,46,69,1
208,47,69,1
208,48,24,1
208,49,24,0
208,50,24,0
208,51,24,0
208,52,24,0
208,53,24,0
208,54,24,0
208,55,24,1
208,56,24,0
208,57,24,1
208,58,24,1
208,59,24,1
208,60,19,0
208,61,19,1
208,62,19,0
208,63,19,0
208,64,19,1
208,65,19,0
208,66,19,1
208,67,19,1
208,68,19,1
208,69,60,0
208,70,60,1
208,71,60,1
208,72,60,1
208,73,27,0
208,74,27,0
208,75,40,0
208,76,27,1
208,77,27,1
208,78,40,1
208,79,59,1
208,80,34,1
208,81,34,1
208,82,34,0
208,83,34,1
208,84,34,1
208,85,41,0
208,86,41,1
208,87,41,0
208,88,41,1
208,89,41,1
208,90,41,0
208,91,41,0
208,92,35,1
208,93,21,0
208,94,21,1
208,95,21,1
208,96,21,1
208,97,26,1
208,98,26,1
208,99,26,1
208,100,26,0
208,101,26,1
208,102,26,1
208,103,26,0
208,104,26,0
208,105,26,0
208,106,26,1
208,107,26,0
208,108,26,0
208,109,70,0
208,110,19,0
208,111,19,0
208,112,41,1
208,113,41,1
208,114,41,1
208,115,14,1
208,116,36,0
208,117,26,1
208,118,26,1
208,119,26,1
208,120,26,1
208,121,26,1
208,122,26,1
208,123,26,1
208,124,36,1
208,125,36,1
208,126,27,0
208,127,27,0
208,128,27,0
208,129,27,1
208,130,27,0
208,131,27,0
208,132,27,0
208,133,27,0
208,134,27,0
208,135,27,0
208,136,27,0
208,137,27,0
208,138,27,0
208,139,27,0
208,140,27,0
208,141,27,1
208,142,19,0
208,143,19,0
208,144,19,1
208,145,19,1
208,146,19,1
208,147,27,1
208,148,27,1
208,149,27,1
208,150,70,1
208,151,70,0
208,152,70,0
208,153,70,0
208,154,70,1
208,155,70,1
208,156,70,1
208,157,70,0
208,158,70,1
208,159,70,1
208,160,70,1
208,161,70,0
208,162,70,1
208,163,70,0
208,164,70,1
208,165,70,1
208,166,70,1
208,167,70,0
208,168,70,1
208,169,70,0
208,170,70,1
208,171,70,1
208,172,70,1
208,173,70,0
208,174,70,1
208,175,70,0
208,176,70,1
208,177,70,0
208,178,70,1
208,179,70,1
208,180,70,1
208,181,70,0
208,182,70,1
208,183,70,1
208,184,70,1
208,185,25,0
208,186,42,0
208,187,26,0
208,188,14,1
208,189,26,1
208,190,26,1
208,191,26,1
208,192,26,0
208,193,26,0
208,194,58,0
208,195,68,1
208,196,68,1
208,197,1,0
208,198,1,0
208,199,1,0
208,200,1,0
208,201,1,0
208,202,1,0
208,203,1,1
208,204,1,1
208,205,1,1
208,206,1,1
208,207,1,0
208,208,2,0
208,209,80,1
208,210,18,1
208,211,28,1
208,212,28,0
208,213,31,0
208,214,70,0
208,215,70,0
208,216,70,0
208,217,70,1
208,218,70,1
208,219,70,1
208,220,70,0
208,221,70,1
208,222,70,1
208,223,70,1
208,224,70,0
208,225,70,1
208,226,70,0
208,227,26,0
208,228,26,1
208,229,26,1
208,230,26,1
208,231,26,0
208,232,26,1
208,233,26,1
208,234,26,1
208,235,26,0
208,236,26,1
208,237,26,1
208,238,26,1
208,239,26,0
208,240,26,0
208,241,26,1
208,242,26,0
208,243,26,0
208,244,26,0
208,245,26,1
208,246,26,1
208,247,26,0
208,248,26,1
208,249,26,1
208,250,26,1
208,251,26,0
208,252,26,1
208,253,26,1
208,254,26,1
208,255,26,0
208,256,26,1
208,257,26,1
208,258,26,1
208,259,26,0
208,260,26,0
208,261,26,1
208,262,26,1
208,263,26,0
208,264,26,0
208,265,26,1
208,266,26,1
208,267,26,1
208,268,26,0
208,269,26,0
208,270,58,0
208,271,58,0
208,272,58,0
208,273,58,0
208,274,58,0
208,275,57,0
208,276,57,0
208,277,57,1
208,278,42,1
208,279,43,1
208,280,70,1
208,281,26,0
208,282,26,1
208,283,26,0
208,284,26,0
208,285,26,1
208,286,58,0
208,287,58,0
208,288,58,0
208,289,58,0
208,290,28,0
208,291,28,0
208,292,28,1
208,293,28,0
208,294,28,0
208,295,28,0
208,296,28,0
208,297,28,0
208,298,28,0
208,299,28,0
208,300,28,0
208,301,28,0
208,302,57,1
208,303,57,1
208,304,26,0
208,305,26,1
208,306,26,1
208,307,26,1
208,308,58,0
208,309,58,1
208,310,66,0
208,311,66,0
208,312,66,0
208,313,66,0
208,314,66,0
208,315,66,0
208,316,66,0
208,317,66,0
208,318,66,0
208,319,26,1
208,320,26,1
208,321,70,0
208,322,70,1
208,323,31,0
208,324,31,1
208,325,31,1
208,326,31,1
208,327,31,0
208,328,31,1
208,329,31,0
208,330,31,1
208,331,31,1
208,332,31,1
208,333,31,0
208,334,31,1
208,335,31,1
208,336,31,0
208,337,31,1
208,338,1,0
208,339,81,0
208,340,81,0
208,341,1,0
208,342,26,0
208,343,26,1
208,344,25,1
208,345,42,1
208,346,28,0
208,347,28,0
208,348,28,0
208,349,28,0
208,350,28,0
208,351,28,0
208,352,28,0
208,353,28,0
208,354,28,0
208,355,28,1
208,356,84,1
208,357,28,1
208,358,28,0
208,359,28,1
208,360,28,1
208,361,28,1
208,362,28,1
208,363,28,1
208,364,31,0
208,365,31,0
208,366,31,1
208,367,31,1
208,368,31,0
208,369,31,0
208,370,64,0
208,371,64,0
208,372,64,1
208,373,64,1
208,374,64,1
208,375,64,1
208,376,31,1
208,377,31,1
208,378,31,1
208,379,82,1
208,380,81,1
208,381,82,1
208,382,66,0
208,383,66,0
208,384,66,0
208,385,58,0
208,386,58,0
208,387,26,0
208,388,26,1
208,389,26,1
208,390,26,1
208,391,26,0
208,392,26,1
208,393,26,1
208,394,72,0
208,395,72,0
208,396,70,1
208,397,70,0
208,398,70,1
208,399,70,1
208,400,70,1
208,401,70,0
208,402,70,1
208,403,42,0
208,404,42,0
208,405,42,0
208,406,26,0
208,407,26,1
208,408,26,1
208,409,26,1
208,410,26,0
208,411,39,1
208,412,86,0
208,413,86,0
208,414,86,0
208,415,86,1
208,416,86,1
208,417,86,1
208,418,26,1
208,419,42,0
208,420,42,1
208,421,42,0
208,422,42,0
208,423,42,1
208,424,58,1
208,425,58,0
208,426,58,1
208,427,58,1
208,428,58,1
208,429,43,0
208,430,43,0
208,431,66,0
208,432,25,1
208,433,42,1
208,434,25,0
208,435,42,0
208,436,25,1
208,437,42,1
208,438,25,0
208,439,42,0
208,440,25,0
208,441,42,0
208,442,25,0
208,443,42,0
208,444,25,0
208,445,42,0
208,446,25,1
208,447,42,1
208,448,25,1
208,449,42,1
208,450,25,1
208,451,42,1
208,452,70,0
208,453,70,1
208,454,70,0
208,455,70,1
208,456,70,1
208,457,70,1
208,458,70,0
208,459,70,1
208,460,70,0
208,461,70,1
208,462,70,1
208,463,70,1
208,464,70,0
208,465,70,1
208,466,70,0
208,467,70,1
208,468,70,0
208,469,70,1
208,470,70,0
208,471,70,1
208,472,70,0
208,473,70,1
208,474,70,0
208,475,70,1
208,476,70,0
208,477,70,1
208,478,58,0
208,479,58,0
208,480,58,1
208,481,58,1
208,482,58,0
208,483,58,0
208,484,58,0
208,485,26,1
208,486,26,1
208,487,70,0
208,488,70,1
208,489,70,1
208,490,70,1
208,491,70,0
208,492,70,1
208,493,70,1
208,494,70,1
208,495,70,1
208,496,1,0
208,497,1,1
208,498,1,0
208,499,1,0
208,500,1,0
208,501,1,1
208,502,1,1
208,503,1,1
208,504,1,1
208,505,1,1
208,506,26,1
208,507,26,1
208,508,26,1
208,509,26,1
208,510,26,1
208,511,26,0
208,512,26,0
208,513,26,1
208,514,26,0
208,515,26,0
208,516,58,1
208,517,58,0
208,518,2,0
208,519,2,0
208,520,2,0
208,521,2,0
208,522,58,0
208,523,58,0
208,524,58,0
208,525,58,0
208,526,58,0
208,527,58,0
208,528,72,0
208,529,72,0
208,530,72,0
208,531,72,0
208,532,72,0
208,533,72,0
208,534,72,0
208,535,26,0
208,536,26,1
208,537,26,1
208,538,26,0
208,539,26,1
208,540,26,1
208,541,26,1
208,542,26,0
208,543,26,1
208,544,26,1
208,545,26,1
208,546,26,0
208,547,26,1
208,548,26,1
208,549,26,1
208,550,42,1
208,551,42,0
208,552,86,1
208,553,75,0
208,554,75,1
208,555,75,0
208,556,75,0
208,557,75,1
208,558,75,1
208,559,75,1
208,560,26,1
208,561,26,1
208,562,26,0
208,563,72,0
208,564,2,0
208,565,2,0
208,566,2,0
208,567,58,1
208,568,66,1
208,569,70,0
208,570,2,0
208,571,2,0
208,572,26,1
208,573,26,1
208,574,26,1
208,575,26,1
208,576,58,1
208,577,26,0
208,578,26,1
208,579,26,1
208,580,26,1
208,581,26,1
208,582,26,0
208,583,26,1
208,584,26,1
208,585,26,1
208,586,26,1
208,587,26,1
208,588,26,1
208,589,26,1
208,590,10,0
208,591,10,1
208,592,10,0
208,593,70,1
208,594,70,1
208,595,70,0
208,596,70,1
208,597,70,1
208,598,70,1
208,599,70,1
208,600,70,1
208,601,70,1
208,602,58,1
208,603,25,1
208,604,42,1
208,605,25,1
208,606,42,1
208,607,72,0
208,608,72,0
208,609,72,1
208,610,72,1
208,611,72,0
208,612,72,1
208,613,72,1
208,614,72,1
208,615,10,1
208,616,10,1
208,617,10,1
208,618,10,1
208,619,10,1
208,620,10,1
208,621,43,1
208,622,43,1
208,623,43,1
208,624,43,1
208,625,43,1
208,626,66,1
208,627,66,1
208,628,66,0
208,629,66,1
208,630,66,1
208,631,66,0
208,632,66,1
208,633,66,1
208,634,66,1
208,635,2,0
208,636,2,0
208,637,2,1
208,638,10,0
208,639,35,0
208,640,10,0
208,641,35,0
208,642,10,1
208,643,35,1
208,644,10,1
208,645,35,1
208,646,10,0
208,647,35,0
208,648,10,0
208,649,35,0
208,650,10,0
208,651,35,0
208,652,10,1
208,653,35,1
208,654,10,1
208,655,35,1
208,656,10,1
208,657,35,1
208,658,10,0
208,659,35,0
208,660,10,1
208,661,35,1
208,662,10,1
208,663,35,1
208,664,10,0
208,665,35,0
208,666,10,1
208,667,35,1
208,668,10,1
208,669,35,1
208,670,10,1
208,671,35,1
208,672,6,0
208,673,7,0
208,674,6,0
208,675,5,0
208,676,6,0
208,677,5,0
208,678,6,0
208,679,8,0
208,680,6,1
208,681,7,1
208,682,6,0
208,683,9,0
208,684,6,1
208,685,9,1
208,686,6,1
208,687,7,1
208,688,6,0
208,689,8,0
208,690,6,1
208,691,7,1
208,692,6,1
208,693,8,1
208,694,6,0
208,695,8,0
208,696,6,1
208,697,7,1
208,698,6,0
208,699,9,0
208,700,6,1
208,701,9,1
208,702,6,1
208,703,9,1
208,704,6,1
208,705,8,1
208,706,17,1
208,707,17,1
208,708,17,1
208,709,11,1
208,710,4,0
208,711,9,0
208,712,4,0
208,713,9,0
208,714,4,1
208,715,9,1
208,716,4,1
208,717,9,1
208,718,4,0
208,719,9,0
208,720,4,0
208,721,5,0
208,722,4,0
208,723,7,0
208,724,4,1
208,725,9,1
208,726,4,0
208,727,9,0
208,728,4,1
208,729,9,1
208,730,4,0
208,731,9,0
208,732,4,1
208,733,9,1
208,734,4,1
208,735,9,1
208,736,4,0
208,737,9,0
208,738,4,1
208,739,9,1
208,740,4,0
208,741,5,0
208,742,4,1
208,743,5,1
208,744,4,1
208,745,5,1
208,746,4,0
208,747,5,0
208,748,4,1
208,749,5,1
208,750,4,1
208,751,5,1
208,752,4,0
208,753,5,0
208,754,4,1
208,755,7,1
208,756,4,1
208,757,7,1
208,758,9,0
208,759,9,1
208,760,5,1
208,761,5,0
208,762,8,1
208,763,5,0
208,764,5,0
208,765,4,0
208,766,9,0
208,767,5,0
208,768,8,1
208,769,4,0
208,770,22,0
208,771,18,1
208,772,18,1
208,773,18,1
208,774,18,1
208,775,18,1
208,776,24,1
208,777,24,0
208,778,24,1
208,779,24,0
208,780,24,1
208,781,24,1
208,782,24,1
208,783,24,1
208,784,24,1
208,785,74,1
208,786,74,1
208,787,74,1
208,788,74,1
208,789,74,1
208,790,60,1
208,791,60,0
208,792,25,0
208,793,42,0
208,794,25,1
208,795,42,1
208,796,25,1
208,797,42,1
208,798,25,1
208,799,42,1
208,800,19,0
208,801,25,1
208,802,42,1
208,803,12,1
208,804,13,1
208,805,14,1
208,806,12,1
208,807,13,1
208,808,14,1
208,809,12,0
208,810,35,0
208,811,12,1
208,812,13,1
208,813,14,1
208,814,12,1
208,815,13,1
208,816,14,1
208,817,12,1
208,818,35,1
208,819,12,0
208,820,35,0
208,821,12,0
208,822,13,0
208,823,41,0
208,824,12,1
208,825,13,1
208,826,41,1
208,827,12,0
208,828,13,0
208,829,41,0
208,830,12,1
208,831,13,1
208,832,41,1
208,833,12,1
208,834,35,1
208,835,12,1
208,836,35,1
208,837,4,1
208,838,9,1
208,839,4,1
208,840,9,1
208,841,4,1
208,842,9,1
208,843,4,0
208,844,5,0
208,845,4,0
208,846,22,0
208,847,4,0
208,848,22,0
208,849,4,0
208,850,22,0
208,851,4,1
208,852,22,1
208,853,4,1
208,854,22,1
208,855,25,1
208,856,42,1
208,857,25,1
208,858,42,1
208,859,25,0
208,860,42,0
208,861,25,0
208,862,42,0
208,863,25,1
208,864,42,1
208,865,25,0
208,866,42,0
208,867,25,0
208,868,42,0
208,869,25,1
208,870,42,1
208,871,25,1
208,872,42,1
208,873,25,1
208,874,42,1
208,875,25,1
208,876,42,1
208,877,25,1
208,878,42,1
208,879,25,1
208,880,42,1
208,881,32,1
208,882,5,1
208,883,3,0
208,884,3,1
208,885,3,0
208,886,3,1
208,887,3,1
208,888,29,1
208,889,4,0
208,890,22,0
208,891,4,0
208,892,22,0
208,893,4,1
208,894,22,1
208,895,4,0
208,896,22,0
208,897,4,1
208,898,22,1
208,899,3,1
208,900,11,0
208,901,11,0
208,902,11,0
208,903,60,0
208,904,60,0
208,905,60,0
208,906,60,0
208,907,60,0
208,908,60,1
208,909,14,1
208,910,14,1
208,911,14,1
208,912,14,1
208,913,14,1
208,914,60,1
208,915,60,1
208,916,60,1
208,917,60,0
208,918,60,1
208,919,60,1
208,920,60,1
208,921,60,1
208,922,60,1
208,923,12,0
208,924,35,0
208,925,41,0
208,926,12,1
208,927,35,1
208,928,41,0
208,929,19,1
208,930,41,0
208,931,41,0
208,932,41,1
208,933,41,1
208,934,19,1
208,935,19,1
208,936,19,1
208,937,19,1
208,938,12,1
208,939,35,1
208,940,35,1
208,941,41,1
208,942,41,1
208,943,41,1
208,944,41,1
208,945,41,1
208,946,41,1
208,947,34,1
208,948,34,1
208,949,34,0
208,950,34,1
208,951,34,1
208,952,34,1
208,953,34,1
208,954,34,1
208,955,23,1
208,956,23,0
208,957,23,0
208,958,23,1
208,959,23,1
208,960,23,1
208,961,23,1
208,962,23,1
208,963,23,1
208,964,17,0
208,965,11,0
208,966,11,1
208,967,11,1
208,968,11,1
208,969,29,0
208,970,3,0
208,971,17,1
208,972,17,1
208,973,17,1
208,974,17,1
208,975,17,1
208,976,4,1
208,977,5,1
208,978,5,1
208,979,4,1
208,980,22,1
208,981,32,1
208,982,9,1
208,983,11,0
208,984,11,1
208,985,11,1
208,986,11,1
208,987,16,1
208,988,16,1
208,989,16,1
208,990,16,1
208,991,4,1
208,992,15,1
208,993,4,1
208,994,16,1
208,995,3,0
208,996,3,0
208,997,23,1
208,998,6,1
208,999,9,1
208,1000,6,1
208,1001,5,1
208,1002,6,1
208,1003,7,1
208,1004,6,1
208,1005,8,1
208,1006,32,1
208,1007,9,1
208,1008,32,1
208,1009,5,1
208,1010,32,1
208,1011,5,1
208,1012,32,1
208,1013,5,1
208,1014,32,1
208,1015,9,1
208,1016,29,1
208,1017,3,1
208,1018,29,0
208,1019,3,0
208,1020,3,0
208,1021,3,0
208,1022,6,1
208,1023,9,1
208,1024,4,1
208,1025,16,1
208,1026,3,0
208,1027,3,0
208,1028,16,1
208,1029,11,1
208,1030,11,1
208,1031,32,1
208,1032,5,1
208,1033,32,1
208,1034,9,1
209,0,22,1
209,1,20,1
209,2,20,1
209,3,20,0
209,4,20,1
209,5,20,1
209,6,20,0
209,7,20,0
209,8,20,0
209,9,20,1
209,10,21,0
209,11,21,1
209,12,21,1
209,13,21,1
209,14,21,1
209,15,20,1
209,16,20,0
209,17,20,0
209,18,20,0
209,19,20,0
209,20,20,0
209,21,21,1
209,22,21,1
209,23,18,1
209,24,20,1
209,25,20,0
209,26,20,0
209,27,20,1
209,28,20,1
209,29,20,0
209,30,20,1
209,31,20,1
209,32,20,1
209,33,33,1
209,34,33,1
209,35,37,1
209,36,37,1
209,37,37,1
209,38,30,0
209,39,30,1
209,40,30,0
209,41,30,0
209,42,30,1
209,43,30,1
209,44,37,0
209,45,30,0
209,46,37,0
209,47,30,0
209,48,37,0
209,49,30,0
209,50,37,0
209,51,30,0
209,52,37,0
209,53,30,0
209,54,69,1
209,55,69,0
209,56,69,1
209,57,69,1
209,58,69,1
209,59,69,0
209,60,69,1
209,61,69,1
209,62,30,1
209,63,30,1
209,64,37,1
209,65,30,1
209,66,37,1
209,67,30,1
209,68,69,1
209,69,24,1
209,70,24,1
209,71,24,1
209,72,19,1
209,73,19,1
209,74,60,1
209,75,27,1
209,76,27,1
209,77,59,1
209,78,34,1
209,79,34,0
209,80,34,1
209,81,34,1
209,82,34,1
209,83,34,1
209,84,41,1
209,85,41,1
209,86,41,1
209,87,35,1
209,88,21,1
209,89,14,1
209,90,14,1
209,91,36,0
209,92,36,1
209,93,36,0
209,94,36,1
209,95,26,1
209,96,26,1
209,97,26,0
209,98,26,1
209,99,26,1
209,100,26,1
209,101,26,0
209,102,26,1
209,103,26,1
209,104,26,1
209,105,26,1
209,106,70,1
209,107,70,1
209,108,70,1
209,109,70,1
209,110,26,0
209,111,26,0
209,112,26,0
209,113,26,0
209,114,26,1
209,115,26,1
209,116,26,0
209,117,26,1
209,118,26,1
209,119,26,1
209,120,26,1
209,121,26,0
209,122,26,0
209,123,26,1
209,124,26,1
209,125,26,1
209,126,26,1
209,127,26,1
209,128,26,1
209,129,26,1
209,130,26,1
209,131,26,1
209,132,26,1
209,133,26,1
209,134,26,1
209,135,26,1
209,136,70,1
209,137,70,1
209,138,58,1
209,139,58,1
209,140,26,1
209,141,42,1
209,142,25,1
209,143,42,1
209,144,25,1
209,145,42,1
209,146,25,1
209,147,42,1
209,148,25,1
209,149,42,1
209,150,25,1
209,151,42,1
209,152,42,1
209,153,43,1
209,154,26,0
209,155,26,0
209,156,26,1
209,157,26,1
209,158,26,1
209,159,72,1
209,160,43,1
209,161,43,1
209,162,43,1
209,163,43,1
209,164,43,1
209,165,66,1
209,166,68,1
209,167,68,0
209,168,68,1
209,169,68,0
209,170,68,1
209,171,68,1
209,172,68,1
209,173,1,1
209,174,2,0
209,175,2,0
209,176,2,0
209,177,2,1
209,178,2,0
209,179,2,0
209,180,2,1
209,181,2,1
209,182,2,1
209,183,2,1
209,184,2,1
209,185,82,1
209,186,31,1
209,187,31,0
209,188,31,1
209,189,31,1
209,190,31,1
209,191,31,1
209,192,80,0
209,193,18,0
209,194,80,0
209,195,18,0
209,196,80,0
209,197,18,0
209,198,80,1
209,199,80,1
209,200,18,1
209,201,57,0
209,202,57,1
209,203,57,1
209,204,57,1
209,205,28,1
209,206,80,0
209,207,18,0
209,208,28,0
209,209,28,0
209,210,28,0
209,211,28,0
209,212,28,1
209,213,28,1
209,214,28,1
209,215,28,0
209,216,28,0
209,217,28,1
209,218,28,1
209,219,28,1
209,220,80,1
209,221,18,1
209,222,80,0
209,223,80,1
209,224,80,1
209,225,18,1
209,226,80,1
209,227,84,0
209,228,28,0
209,229,84,1
209,230,28,1
209,231,84,1
209,232,28,1
209,233,84,1
209,234,28,1
209,235,64,0
209,236,64,1
209,237,64,1
209,238,64,1
209,239,85,0
209,240,85,1
209,241,85,1
209,242,85,0
209,243,85,1
209,244,64,1
209,245,64,1
209,246,39,0
209,247,39,1
209,248,39,1
209,249,39,1
209,250,86,1
209,251,39,1
209,252,75,1
209,253,10,1
209,254,10,1
209,255,10,1
209,256,10,1
209,257,10,1
209,258,10,1
209,259,35,1
209,260,10,1
209,261,35,1
209,262,10,0
209,263,35,0
209,264,6,1
209,265,9,1
209,266,10,1
209,267,35,1
209,268,10,1
209,269,35,1
209,270,10,1
209,271,35,1
209,272,6,0
209,273,8,0
209,274,6,1
209,275,9,1
209,276,6,1
209,277,8,1
209,278,6,1
209,279,9,1
209,280,17,1
209,281,17,1
209,282,17,1
209,283,11,1
209,284,4,0
209,285,9,0
209,286,4,1
209,287,9,1
209,288,4,0
209,289,5,0
209,290,4,1
209,291,5,1
209,292,4,1
209,293,5,1
209,294,4,1
209,295,5,1
209,296,4,1
209,297,7,1
209,298,4,1
209,299,7,1
209,300,8,1
209,301,8,1
209,302,25,1
209,303,42,1
209,304,25,1
209,305,42,1
209,306,25,1
209,307,42,1
209,308,25,0
209,309,42,0
209,310,25,0
209,311,42,0
209,312,25,1
209,313,42,1
209,314,25,1
209,315,42,1
209,316,25,1
209,317,42,1
209,318,25,1
209,319,42,1
209,320,25,0
209,321,42,0
209,322,25,1
209,323,42,1
209,324,25,1
209,325,42,1
209,326,25,1
209,327,42,1
209,328,25,1
209,329,42,1
209,330,25,1
209,331,42,1
209,332,25,1
209,333,42,1
209,334,25,1
209,335,42,1
209,336,25,1
209,337,42,1
209,338,4,0
209,339,22,0
209,340,4,1
209,341,22,1
209,342,4,1
209,343,22,1
209,344,4,0
209,345,22,0
209,346,4,1
209,347,22,1
209,348,4,1
209,349,22,1
209,350,4,1
209,351,22,1
209,352,3,1
209,353,3,1
209,354,29,1
209,355,4,0
209,356,22,0
209,357,25,1
209,358,42,1
209,359,4,1
209,360,22,1
209,361,4,1
209,362,22,1
209,363,25,1
209,364,42,1
209,365,25,1
209,366,42,1
209,367,25,1
209,368,42,1
209,369,25,1
209,370,42,1
209,371,25,1
209,372,42,1
209,373,18,1
209,374,18,1
209,375,18,1
209,376,18,1
209,377,18,1
209,378,24,1
209,379,24,1
209,380,24,1
209,381,24,1
209,382,24,1
209,383,74,1
209,384,74,1
209,385,74,1
209,386,74,1
209,387,74,1
209,388,60,1
209,389,60,1
209,390,60,1
209,391,60,1
209,392,60,1
209,393,19,1
209,394,19,1
209,395,19,1
209,396,19,1
209,397,19,1
209,398,32,1
209,399,5,1
209,400,32,1
209,401,5,1
209,402,12,1
209,403,13,1
209,404,41,1
209,405,12,0
209,406,13,0
209,407,14,0
209,408,12,1
209,409,13,1
209,410,14,1
209,411,12,1
209,412,13,1
209,413,41,1
209,414,12,1
209,415,13,1
209,416,14,1
209,417,12,1
209,418,35,1
209,419,12,1
209,420,13,1
209,421,14,1
209,422,11,1
209,423,11,1
209,424,11,1
209,425,16,1
209,426,16,1
209,427,23,0
209,428,23,1
209,429,23,0
209,430,23,1
209,431,23,1
209,432,23,1
209,433,23,0
209,434,23,1
209,435,23,1
209,436,23,1
209,437,23,1
209,438,23,1
209,439,16,1
209,440,16,1
209,441,23,0
209,442,14,1
209,443,14,1
209,444,14,1
209,445,14,1
209,446,14,1
209,447,12,1
209,448,35,1
209,449,41,1
209,450,35,1
209,451,12,1
209,452,35,1
209,453,35,1
209,454,41,0
209,455,41,1
209,456,41,1
209,457,41,1
209,458,41,1
209,459,41,1
209,460,34,1
209,461,34,1
209,462,34,1
209,463,34,1
209,464,34,1
209,465,23,1
209,466,23,1
209,467,23,1
209,468,23,1
209,469,23,1
209,470,4,1
209,471,16,1
209,472,4,1
209,473,15,1
209,474,3,1
209,475,29,1
209,476,3,1
209,477,29,1
209,478,3,1
209,479,29,0
209,480,3,0
209,481,29,0
209,482,3,0
209,483,29,1
209,484,3,1
209,485,29,1
209,486,3,1
209,487,29,1
209,488,3,1
209,489,6,1
209,490,5,1
209,491,6,1
209,492,7,1
209,493,6,0
209,494,8,0
209,495,6,1
209,496,8,1
209,497,6,1
209,498,5,1
209,499,6,1
209,500,7,1
209,501,6,0
209,502,8,0
209,503,6,0
209,504,8,0
209,505,6,1
209,506,5,1
209,507,6,1
209,508,9,1
209,509,17,1
209,510,17,1
209,511,17,1
209,512,17,1
209,513,17,1
209,514,32,1
209,515,5,1
209,516,32,0
209,517,9,0
209,518,32,1
209,519,5,1
209,520,32,1
209,521,5,1
209,522,32,1
209,523,5,1
209,524,32,1
209,525,9,1
209,526,32,1
209,527,5,1
209,528,6,1
209,529,8,1
209,530,6,1
209,531,7,1
209,532,6,1
209,533,5,1
209,534,29,1
209,535,3,1
209,536,29,1
209,537,3,1
209,538,52,1
209,539,52,1
209,540,48,1
209,541,16,1
209,542,4,1
209,543,16,1
209,544,16,1
209,545,4,1
209,546,16,1
209,547,4,1
209,548,16,1
209,549,3,0
209,550,3,1
209,551,50,1
209,552,50,1
209,553,51,1
209,554,51,1
209,555,51,1
209,556,51,1
209,557,50,0
209,558,50,0
209,559,50,1
209,560,50,1
209,561,50,0
209,562,50,0
209,563,50,0
209,564,50,0
209,565,96,1
209,566,50,0
209,567,50,1
209,568,50,0
209,569,50,0
209,570,50,1
209,571,50,0
209,572,50,1
209,573,50,1
209,574,50,0
209,575,50,0
209,576,50,1
209,577,50,0
209,578,50,1
209,579,50,1
209,580,50,1
209,581,50,0
209,582,50,0
209,583,50,0
209,584,50,1
209,585,50,1
209,586,50,0
209,587,50,1
209,588,50,1
209,589,50,1
209,590,50,1
209,591,50,1
209,592,50,1
209,593,50,1
209,594,50,1
209,595,50,0
209,596,50,1
209,597,50,1
209,598,50,1
209,599,53,1
209,600,49,1
209,601,53,1
209,602,54,1
209,603,94,1
209,604,28,1
209,605,28,1
209,606,28,1
209,607,28,1
209,608,28,1
209,609,11,1
209,610,11,0
209,611,11,1
209,612,11,1
209,613,11,1
209,614,32,0
209,615,5,0
209,616,32,1
209,617,9,1
209,618,32,1
209,619,5,1
209,620,32,1
209,621,9,1
210,0,22,1
210,1,20,1
210,2,20,1
210,3,20,1
210,4,21,1
210,5,42,0
210,6,21,1
210,7,21,1
210,8,21,1
210,9,21,1
210,10,21,1
210,11,18,1
210,12,33,1
210,13,33,1
210,14,37,1
210,15,37,1
210,16,30,1
210,17,30,1
210,18,37,1
210,19,30,1
210,20,69,0
210,21,69,1
210,22,69,1
210,23,69,1
210,24,69,0
210,25,69,0
210,26,69,0
210,27,69,1
210,28,69,1
210,29,69,1
210,30,24,0
210,31,24,1
210,32,24,1
210,33,24,1
210,34,24,0
210,35,24,0
210,36,24,1
210,37,24,1
210,38,24,1
210,39,24,1
210,40,19,1
210,41,19,1
210,42,60,0
210,43,60,1
210,44,60,1
210,45,60,1
210,46,27,0
210,47,27,0
210,48,27,1
210,49,27,1
210,50,59,1
210,51,34,1
210,52,34,0
210,53,34,1
210,54,34,1
210,55,34,1
210,56,34,1
210,57,41,0
210,58,41,0
210,59,41,1
210,60,41,1
210,61,41,1
210,62,35,1
210,63,21,1
210,64,14,1
210,65,14,0
210,66,14,1
210,67,14,1
210,68,14,0
210,69,14,1
210,70,36,0
210,71,36,1
210,72,36,0
210,73,36,1
210,74,36,1
210,75,14,1
210,76,14,1
210,77,36,1
210,78,26,1
210,79,26,1
210,80,26,1
210,81,26,1
210,82,26,1
210,83,70,1
210,84,70,1
210,85,70,1
210,86,70,1
210,87,26,1
210,88,26,1
210,89,26,0
210,90,26,1
210,91,26,1
210,92,26,1
210,93,26,0
210,94,26,1
210,95,26,1
210,96,26,1
210,97,26,1
210,98,26,0
210,99,26,1
210,100,26,1
210,101,26,1
210,102,26,0
210,103,26,1
210,104,26,1
210,105,26,1
210,106,26,0
210,107,26,1
210,108,26,1
210,109,26,1
210,110,26,1
210,111,26,1
210,112,26,1
210,113,26,1
210,114,26,1
210,115,26,0
210,116,26,1
210,117,26,1
210,118,26,1
210,119,26,1
210,120,37,1
210,121,26,1
210,122,26,1
210,123,26,0
210,124,26,1
210,125,26,0
210,126,26,1
210,127,26,1
210,128,26,0
210,129,70,1
210,130,70,0
210,131,70,1
210,132,70,0
210,133,70,1
210,134,70,1
210,135,70,1
210,136,70,1
210,137,70,1
210,138,70,1
210,139,70,0
210,140,70,1
210,141,70,0
210,142,70,1
210,143,70,0
210,144,70,1
210,145,70,0
210,146,26,1
210,147,26,1
210,148,58,1
210,149,26,1
210,150,70,1
210,151,70,1
210,152,70,1
210,153,70,1
210,154,70,1
210,155,70,1
210,156,58,1
210,157,26,1
210,158,42,1
210,159,25,1
210,160,42,1
210,161,25,1
210,162,42,1
210,163,25,0
210,164,42,0
210,165,25,1
210,166,42,1
210,167,25,1
210,168,42,1
210,169,25,1
210,170,42,1
210,171,25,1
210,172,42,1
210,173,42,1
210,174,43,1
210,175,25,1
210,176,42,1
210,177,25,1
210,178,42,1
210,179,25,1
210,180,42,1
210,181,26,1
210,182,72,1
210,183,43,1
210,184,43,1
210,185,43,1
210,186,43,1
210,187,43,1
210,188,66,0
210,189,66,1
210,190,66,1
210,191,66,0
210,192,66,1
210,193,66,0
210,194,66,1
210,195,66,1
210,196,66,1
210,197,66,0
210,198,66,0
210,199,66,1
210,200,66,1
210,201,66,1
210,202,68,1
210,203,68,1
210,204,1,0
210,205,2,0
210,206,1,1
210,207,1,1
210,208,1,1
210,209,1,1
210,210,1,1
210,211,1,1
210,212,1,1
210,213,1,0
210,214,1,1
210,215,1,1
210,216,1,1
210,217,1,1
210,218,1,1
210,219,1,1
210,220,1,1
210,221,1,0
210,222,81,0
210,223,82,1
210,224,81,1
210,225,81,1
210,226,2,1
210,227,1,1
210,228,1,1
210,229,1,1
210,230,1,1
210,231,1,1
210,232,1,1
210,233,1,1
210,234,1,0
210,235,1,1
210,236,1,1
210,237,1,1
210,238,1,1
210,239,1,1
210,240,1,1
210,241,1,0
210,242,1,0
210,243,1,1
210,244,1,1
210,245,1,1
210,246,1,0
210,247,1,1
210,248,1,1
210,249,1,1
210,250,1,0
210,251,1,1
210,252,1,1
210,253,1,1
210,254,1,0
210,255,1,1
210,256,1,1
210,257,1,1
210,258,1,1
210,259,2,0
210,260,2,1
210,261,31,1
210,262,1,1
210,263,1,1
210,264,31,1
210,265,31,1
210,266,66,0
210,267,66,0
210,268,66,1
210,269,66,1
210,270,66,1
210,271,66,1
210,272,80,0
210,273,18,0
210,274,80,1
210,275,18,1
210,276,80,0
210,277,80,0
210,278,80,0
210,279,18,0
210,280,57,1
210,281,28,1
210,282,80,1
210,283,18,1
210,284,80,1
210,285,18,1
210,286,80,1
210,287,18,1
210,288,28,0
210,289,28,1
210,290,28,0
210,291,28,1
210,292,28,1
210,293,28,0
210,294,28,1
210,295,28,1
210,296,28,1
210,297,28,0
210,298,28,0
210,299,14,0
210,300,28,0
210,301,28,0
210,302,28,0
210,303,28,0
210,304,28,1
210,305,28,1
210,306,28,1
210,307,28,0
210,308,28,1
210,309,28,1
210,310,52,1
210,311,28,1
210,312,28,0
210,313,28,0
210,314,28,1
210,315,28,1
210,316,28,1
210,317,84,0
210,318,28,0
210,319,84,1
210,320,28,1
210,321,84,1
210,322,28,1
210,323,84,1
210,324,28,1
210,325,64,0
210,326,64,0
210,327,64,1
210,328,64,1
210,329,64,0
210,330,64,0
210,331,64,1
210,332,85,0
210,333,85,0
210,334,85,0
210,335,64,0
210,336,64,1
210,337,64,0
210,338,64,1
210,339,64,0
210,340,64,0
210,341,64,0
210,342,64,0
210,343,64,0
210,344,64,0
210,345,85,0
210,346,85,1
210,347,85,1
210,348,85,1
210,349,64,0
210,350,64,0
210,351,39,1
210,352,86,0
210,353,86,0
210,354,86,1
210,355,86,1
210,356,86,1
210,357,64,1
210,358,64,1
210,359,64,1
210,360,39,1
210,361,75,0
210,362,75,0
210,363,75,1
210,364,75,1
210,365,75,1
210,366,75,1
210,367,75,1
210,368,10,0
210,369,10,1
210,370,10,1
210,371,10,1
210,372,10,1
210,373,10,1
210,374,10,1
210,375,10,1
210,376,10,0
210,377,35,0
210,378,10,0
210,379,35,0
210,380,10,1
210,381,35,1
210,382,10,1
210,383,35,1
210,384,10,1
210,385,35,1
210,386,10,1
210,387,35,1
210,388,10,1
210,389,35,1
210,390,6,0
210,391,5,0
210,392,6,1
210,393,7,1
210,394,6,1
210,395,7,1
210,396,6,1
210,397,9,1
210,398,6,1
210,399,9,1
210,400,6,0
210,401,8,0
210,402,6,1
210,403,8,1
210,404,6,1
210,405,8,1
210,406,6,1
210,407,9,1
210,408,17,0
210,409,17,1
210,410,17,1
210,411,17,1
210,412,17,1
210,413,11,1
210,414,4,1
210,415,9,1
210,416,4,1
210,417,9,1
210,418,4,0
210,419,5,0
210,420,4,0
210,421,5,0
210,422,4,1
210,423,5,1
210,424,4,1
210,425,5,1
210,426,4,1
210,427,5,1
210,428,4,1
210,429,7,1
210,430,4,1
210,431,7,1
210,432,50,0
210,433,50,1
210,434,5,1
210,435,5,0
210,436,5,0
210,437,5,1
210,438,5,1
210,439,9,0
210,440,8,0
210,441,5,1
210,442,4,1
210,443,22,1
210,444,5,1
210,445,9,0
210,446,5,1
210,447,8,1
210,448,8,1
210,449,25,1
210,450,42,1
210,451,25,1
210,452,42,1
210,453,25,1
210,454,42,1
210,455,25,1
210,456,42,1
210,457,25,1
210,458,42,1
210,459,3,0
210,460,3,1
210,461,3,1
210,462,3,1
210,463,29,1
210,464,4,1
210,465,22,1
210,466,25,1
210,467,42,1
210,468,25,1
210,469,42,1
210,470,25,1
210,471,42,1
210,472,25,0
210,473,42,0
210,474,25,1
210,475,42,1
210,476,25,1
210,477,42,1
210,478,25,1
210,479,42,1
210,480,32,1
210,481,5,1
210,482,32,0
210,483,9,0
210,484,32,0
210,485,5,0
210,486,32,1
210,487,5,1
210,488,32,1
210,489,5,1
210,490,32,0
210,491,9,0
210,492,32,1
210,493,5,1
210,494,32,0
210,495,9,0
210,496,32,1
210,497,5,1
210,498,32,0
210,499,9,0
210,500,32,1
210,501,5,1
210,502,32,1
210,503,5,1
210,504,32,1
210,505,5,1
210,506,12,1
210,507,35,1
210,508,12,1
210,509,13,1
210,510,12,1
210,511,13,1
210,512,18,1
210,513,18,0
210,514,18,1
210,515,18,1
210,516,18,1
210,517,18,1
210,518,18,1
210,519,24,1
210,520,24,1
210,521,24,1
210,522,24,1
210,523,24,1
210,524,74,1
210,525,74,1
210,526,74,1
210,527,74,1
210,528,74,1
210,529,60,0
210,530,60,1
210,531,60,1
210,532,60,1
210,533,60,1
210,534,60,1
210,535,19,1
210,536,19,1
210,537,19,1
210,538,19,1
210,539,19,1
210,540,12,1
210,541,35,1
210,542,12,1
210,543,35,1
210,544,14,1
210,545,14,0
210,546,14,1
210,547,14,0
210,548,14,0
210,549,14,0
210,550,14,1
210,551,14,0
210,552,14,0
210,553,14,1
210,554,14,1
210,555,14,1
210,556,14,1
210,557,14,1
210,558,11,0
210,559,11,0
210,560,11,1
210,561,11,0
210,562,11,1
210,563,11,1
210,564,12,1
210,565,35,1
210,566,12,1
210,567,35,1
210,568,41,1
210,569,41,1
210,570,41,1
210,571,41,1
210,572,41,1
210,573,41,1
210,574,41,1
210,575,41,1
210,576,34,1
210,577,34,1
210,578,34,0
210,579,34,1
210,580,34,1
210,581,34,1
210,582,34,1
210,583,34,1
210,584,11,1
210,585,11,1
210,586,16,1
210,587,16,1
210,588,16,1
210,589,16,1
210,590,4,1
210,591,15,1
210,592,4,1
210,593,16,1
210,594,3,0
210,595,3,1
210,596,3,0
210,597,3,1
210,598,3,0
210,599,3,1
210,600,3,1
210,601,29,0
210,602,3,0
210,603,29,1
210,604,3,1
210,605,29,0
210,606,3,0
210,607,29,0
210,608,3,0
210,609,29,1
210,610,3,1
210,611,3,1
210,612,23,1
210,613,23,1
210,614,23,1
210,615,23,1
210,616,23,1
210,617,23,1
210,618,23,1
210,619,23,1
210,620,23,1
210,621,29,1
210,622,3,1
210,623,29,0
210,624,3,0
210,625,29,1
210,626,3,1
210,627,29,1
210,628,3,1
210,629,29,0
210,630,3,0
210,631,29,1
210,632,3,1
210,633,29,1
210,634,3,1
210,635,29,0
210,636,3,0
210,637,29,0
210,638,3,0
210,639,29,0
210,640,3,0
210,641,29,1
210,642,3,1
210,643,29,0
210,644,3,0
210,645,29,0
210,646,3,0
210,647,29,0
210,648,3,0
210,649,29,1
210,650,3,1
210,651,29,1
210,652,3,1
210,653,29,0
210,654,3,0
210,655,29,0
210,656,3,0
210,657,29,1
210,658,3,1
210,659,29,1
210,660,3,1
210,661,49,0
210,662,71,1
210,663,52,1
210,664,49,1
210,665,29,1
210,666,3,1
210,667,52,1
210,668,48,1
210,669,17,1
210,670,17,1
210,671,17,1
210,672,17,1
210,673,17,1
210,674,6,1
210,675,7,1
210,676,6,0
210,677,8,0
210,678,6,1
210,679,9,1
210,680,6,1
210,681,9,1
210,682,6,0
210,683,5,0
210,684,6,1
210,685,7,1
210,686,6,1
210,687,7,1
210,688,6,1
210,689,7,1
210,690,6,1
210,691,9,1
210,692,6,1
210,693,7,1
210,694,32,1
210,695,32,0
210,696,9,0
210,697,32,0
210,698,9,0
210,699,32,1
210,700,32,1
210,701,32,1
210,702,32,1
210,703,32,1
210,704,16,0
210,705,16,0
210,706,16,1
210,707,16,1
210,708,16,1
210,709,16,1
210,710,16,1
210,711,50,0
210,712,50,0
210,713,50,1
210,714,50,0
210,715,50,1
210,716,50,1
210,717,50,1
210,718,50,0
210,719,50,1
210,720,50,0
210,721,50,1
210,722,50,1
210,723,96,1
210,724,3,0
210,725,3,1
210,726,3,1
210,727,3,1
210,728,57,0
210,729,57,0
210,730,57,1
210,731,57,1
210,732,50,0
210,733,50,1
210,734,50,1
210,735,50,1
210,736,50,1
210,737,50,1
210,738,50,1
210,739,50,1
210,740,50,0
210,741,50,0
210,742,50,1
210,743,50,1
210,744,50,1
210,745,50,0
210,746,50,1
210,747,50,1
210,748,50,1
210,749,54,1
210,750,49,1
210,751,53,0
210,752,54,0
210,753,53,1
210,754,54,1
210,755,53,1
210,756,54,1
210,757,53,1
210,758,54,1
210,759,92,0
210,760,92,0
210,761,92,0
210,762,92,0
210,763,93,1
210,764,92,0
210,765,93,0
210,766,28,1
210,767,28,0
210,768,28,1
210,769,28,1
210,770,28,1
210,771,28,0
210,772,28,1
210,773,28,1
210,774,28,0
210,775,28,1
210,776,28,1
210,777,28,0
210,778,28,1
210,779,93,0
210,780,93,0
210,781,93,0
210,782,93,0
210,783,93,0
210,784,92,0
210,785,94,1
210,786,28,1
210,787,28,0
210,788,28,1
210,789,28,0
210,790,28,1
210,791,28,1
210,792,28,1
210,793,28,1
210,794,28,0
210,795,28,1
210,796,28,1
210,797,93,1
210,798,28,1
210,799,28,1
210,800,28,1
211,0,22,1
211,1,20,1
211,2,20,1
211,3,20,1
211,4,21,1
211,5,21,1
211,6,21,1
211,7,21,1
211,8,18,1
211,9,33,0
211,10,33,1
211,11,33,1
211,12,33,1
211,13,33,1
211,14,37,1
211,15,37,1
211,16,37,1
211,17,30,0
211,18,30,0
211,19,30,0
211,20,30,1
211,21,30,1
211,22,30,0
211,23,30,1
211,24,30,1
211,25,30,1
211,26,37,1
211,27,30,1
211,28,69,0
211,29,69,1
211,30,69,1
211,31,69,1
211,32,69,0
211,33,69,1
211,34,69,1
211,35,69,1
211,36,30,0
211,37,30,1
211,38,30,1
211,39,30,1
211,40,24,1
211,41,24,0
211,42,24,1
211,43,24,1
211,44,24,1
211,45,24,1
211,46,60,0
211,47,60,0
211,48,19,0
211,49,19,1
211,50,19,1
211,51,19,1
211,52,19,0
211,53,19,1
211,54,19,1
211,55,19,1
211,56,60,1
211,57,60,1
211,58,60,1
211,59,27,0
211,60,27,0
211,61,27,0
211,62,27,0
211,63,27,1
211,64,27,1
211,65,27,0
211,66,27,0
211,67,27,1
211,68,27,1
211,69,59,1
211,70,27,1
211,71,27,0
211,72,27,0
211,73,27,0
211,74,27,1
211,75,27,1
211,76,27,1
211,77,34,0
211,78,34,1
211,79,34,1
211,80,34,1
211,81,34,0
211,82,34,1
211,83,34,0
211,84,34,1
211,85,34,1
211,86,34,1
211,87,34,0
211,88,34,0
211,89,34,0
211,90,34,0
211,91,34,0
211,92,34,0
211,93,34,1
211,94,34,1
211,95,34,1
211,96,41,0
211,97,41,0
211,98,41,0
211,99,41,0
211,100,41,0
211,101,41,0
211,102,41,0
211,103,35,0
211,104,35,0
211,105,35,1
211,106,35,1
211,107,35,1
211,108,41,1
211,109,41,1
211,110,41,0
211,111,41,1
211,112,41,1
211,113,41,1
211,114,21,0
211,115,21,1
211,116,21,1
211,117,21,1
211,118,14,1
211,119,14,0
211,120,14,1
211,121,14,1
211,122,14,1
211,123,36,0
211,124,36,1
211,125,36,1
211,126,36,0
211,127,36,0
211,128,36,1
211,129,36,1
211,130,36,1
211,131,26,1
211,132,26,0
211,133,26,0
211,134,26,1
211,135,26,1
211,136,26,1
211,137,26,1
211,138,26,1
211,139,26,0
211,140,26,1
211,141,26,0
211,142,26,0
211,143,26,0
211,144,26,1
211,145,26,1
211,146,26,1
211,147,70,1
211,148,70,0
211,149,70,1
211,150,70,1
211,151,70,1
211,152,70,1
211,153,70,1
211,154,70,1
211,155,26,1
211,156,26,1
211,157,26,1
211,158,26,0
211,159,26,1
211,160,26,0
211,161,26,1
211,162,26,0
211,163,26,1
211,164,26,0
211,165,26,1
211,166,26,1
211,167,26,0
211,168,26,0
211,169,26,1
211,170,26,1
211,171,26,1
211,172,26,1
211,173,26,0
211,174,26,0
211,175,26,1
211,176,26,1
211,177,26,1
211,178,26,1
211,179,26,0
211,180,26,1
211,181,26,1
211,182,26,1
211,183,26,1
211,184,70,0
211,185,70,1
211,186,70,0
211,187,70,1
211,188,70,0
211,189,70,1
211,190,70,0
211,191,70,1
211,192,70,1
211,193,70,1
211,194,70,0
211,195,70,1
211,196,70,1
211,197,70,1
211,198,70,1
211,199,70,1
211,200,70,1
211,201,70,0
211,202,70,1
211,203,70,0
211,204,70,1
211,205,70,1
211,206,70,1
211,207,70,0
211,208,70,1
211,209,70,1
211,210,70,1
211,211,70,0
211,212,70,1
211,213,70,1
211,214,70,0
211,215,70,1
211,216,70,0
211,217,70,1
211,218,70,1
211,219,70,1
211,220,70,1
211,221,70,1
211,222,58,1
211,223,58,0
211,224,58,1
211,225,58,0
211,226,58,1
211,227,58,1
211,228,58,0
211,229,58,0
211,230,58,0
211,231,58,0
211,232,58,1
211,233,58,1
211,234,58,1
211,235,26,1
211,236,42,1
211,237,25,1
211,238,42,1
211,239,25,0
211,240,42,0
211,241,25,1
211,242,42,1
211,243,25,0
211,244,42,0
211,245,25,1
211,246,42,1
211,247,25,0
211,248,42,0
211,249,25,0
211,250,42,0
211,251,25,1
211,252,42,1
211,253,25,0
211,254,42,0
211,255,25,1
211,256,42,1
211,257,25,0
211,258,42,0
211,259,25,1
211,260,42,1
211,261,25,1
211,262,42,1
211,263,25,1
211,264,42,1
211,265,25,1
211,266,42,1
211,267,25,0
211,268,42,0
211,269,25,1
211,270,42,1
211,271,25,1
211,272,42,1
211,273,42,1
211,274,43,1
211,275,25,1
211,276,42,1
211,277,25,1
211,278,42,1
211,279,25,1
211,280,42,1
211,281,25,1
211,282,42,1
211,283,25,1
211,284,42,1
211,285,26,0
211,286,26,1
211,287,26,1
211,288,26,1
211,289,72,1
211,290,43,1
211,291,43,1
211,292,43,0
211,293,43,1
211,294,43,1
211,295,43,1
211,296,43,1
211,297,43,1
211,298,66,0
211,299,66,0
211,300,66,1
211,301,66,0
211,302,68,1
211,303,68,1
211,304,1,0
211,305,1,1
211,306,1,1
211,307,1,0
211,308,1,0
211,309,1,0
211,310,1,0
211,311,1,0
211,312,1,0
211,313,1,1
211,314,1,1
211,315,1,1
211,316,1,0
211,317,1,1
211,318,1,1
211,319,1,0
211,320,1,1
211,321,1,1
211,322,1,1
211,323,2,0
211,324,2,0
211,325,2,0
211,326,2,0
211,327,2,0
211,328,2,0
211,329,2,0
211,330,2,1
211,331,2,1
211,332,2,0
211,333,2,0
211,334,2,0
211,335,2,1
211,336,2,0
211,337,2,0
211,338,2,0
211,339,2,1
211,340,2,0
211,341,2,0
211,342,2,0
211,343,2,1
211,344,2,0
211,345,2,0
211,346,2,1
211,347,2,1
211,348,82,1
211,349,31,0
211,350,31,0
211,351,31,1
211,352,31,1
211,353,31,1
211,354,31,0
211,355,31,1
211,356,31,1
211,357,31,1
211,358,31,1
211,359,2,0
211,360,2,0
211,361,2,0
211,362,2,1
211,363,2,0
211,364,2,0
211,365,2,1
211,366,2,1
211,367,2,1
211,368,2,1
211,369,2,1
211,370,80,0
211,371,18,0
211,372,80,1
211,373,18,1
211,374,80,0
211,375,18,0
211,376,80,0
211,377,18,0
211,378,80,0
211,379,80,0
211,380,18,0
211,381,80,0
211,382,80,1
211,383,80,1
211,384,80,0
211,385,18,0
211,386,80,0
211,387,80,1
211,388,80,1
211,389,18,1
211,390,57,1
211,391,28,1
211,392,80,0
211,393,80,1
211,394,18,1
211,395,80,1
211,396,18,1
211,397,80,1
211,398,18,1
211,399,28,0
211,400,28,0
211,401,28,0
211,402,28,0
211,403,28,1
211,404,28,1
211,405,28,1
211,406,28,0
211,407,28,0
211,408,28,0
211,409,28,0
211,410,28,0
211,411,28,1
211,412,28,1
211,413,28,0
211,414,84,0
211,415,28,0
211,416,84,0
211,417,28,0
211,418,84,1
211,419,28,1
211,420,84,1
211,421,28,1
211,422,84,1
211,423,28,1
211,424,64,0
211,425,64,0
211,426,64,0
211,427,64,1
211,428,64,1
211,429,64,1
211,430,64,0
211,431,64,1
211,432,64,1
211,433,64,1
211,434,39,1
211,435,86,0
211,436,86,1
211,437,86,0
211,438,86,0
211,439,86,0
211,440,39,1
211,441,75,0
211,442,75,0
211,443,75,0
211,444,75,0
211,445,75,0
211,446,75,1
211,447,75,0
211,448,75,0
211,449,28,0
211,450,28,1
211,451,28,1
211,452,28,1
211,453,28,0
211,454,28,1
211,455,28,1
211,456,28,1
211,457,10,1
211,458,10,1
211,459,10,1
211,460,10,1
211,461,10,0
211,462,10,1
211,463,10,1
211,464,10,1
211,465,10,0
211,466,35,0
211,467,10,1
211,468,35,1
211,469,10,1
211,470,35,1
211,471,10,0
211,472,35,0
211,473,10,1
211,474,35,1
211,475,10,0
211,476,35,0
211,477,10,1
211,478,35,1
211,479,10,1
211,480,35,1
211,481,10,1
211,482,35,1
211,483,6,0
211,484,5,0
211,485,6,1
211,486,9,1
211,487,6,1
211,488,7,1
211,489,6,1
211,490,5,1
211,491,6,1
211,492,7,1
211,493,6,1
211,494,9,1
211,495,10,0
211,496,35,0
211,497,10,1
211,498,35,1
211,499,10,1
211,500,35,1
211,501,10,1
211,502,35,1
211,503,17,1
211,504,17,1
211,505,11,1
211,506,4,0
211,507,9,0
211,508,4,0
211,509,9,0
211,510,4,1
211,511,9,1
211,512,4,1
211,513,9,1
211,514,4,1
211,515,9,1
211,516,4,0
211,517,5,0
211,518,4,0
211,519,5,0
211,520,4,1
211,521,5,1
211,522,4,0
211,523,5,0
211,524,4,0
211,525,5,0
211,526,50,0
211,527,50,0
211,528,50,0
211,529,50,0
211,530,50,0
211,531,50,1
211,532,50,1
211,533,4,1
211,534,5,1
211,535,4,1
211,536,5,1
211,537,4,0
211,538,5,0
211,539,4,1
211,540,5,1
211,541,4,0
211,542,5,0
211,543,4,1
211,544,5,1
211,545,4,0
211,546,5,0
211,547,4,0
211,548,5,0
211,549,4,1
211,550,7,1
211,551,4,1
211,552,7,1
211,553,50,1
211,554,5,1
211,555,4,0
211,556,5,0
211,557,4,0
211,558,5,0
211,559,4,0
211,560,5,0
211,561,4,1
211,562,5,1
211,563,4,1
211,564,5,1
211,565,4,0
211,566,5,0
211,567,4,0
211,568,5,0
211,569,4,0
211,570,5,0
211,571,4,1
211,572,5,1
211,573,4,1
211,574,5,1
211,575,4,1
211,576,5,1
211,577,5,1
211,578,4,1
211,579,22,1
211,580,25,1
211,581,42,1
211,582,25,1
211,583,42,1
211,584,25,1
211,585,42,1
211,586,25,1
211,587,42,1
211,588,25,1
211,589,42,1
211,590,3,1
211,591,3,1
211,592,29,1
211,593,4,1
211,594,22,1
211,595,25,1
211,596,42,1
211,597,25,1
211,598,42,1
211,599,25,1
211,600,42,1
211,601,25,1
211,602,42,1
211,603,25,1
211,604,42,1
211,605,18,1
211,606,18,1
211,607,18,1
211,608,18,1
211,609,18,1
211,610,24,1
211,611,24,1
211,612,24,1
211,613,24,1
211,614,24,1
211,615,74,1
211,616,74,1
211,617,74,1
211,618,74,1
211,619,74,1
211,620,60,1
211,621,60,0
211,622,60,0
211,623,60,1
211,624,60,1
211,625,60,1
211,626,60,0
211,627,60,1
211,628,60,1
211,629,60,0
211,630,19,1
211,631,19,0
211,632,19,1
211,633,19,1
211,634,19,1
211,635,19,0
211,636,19,1
211,637,19,1
211,638,19,1
211,639,19,1
211,640,60,1
211,641,60,1
211,642,60,1
211,643,60,1
211,644,60,1
211,645,19,0
211,646,19,1
211,647,19,1
211,648,19,1
211,649,19,1
211,650,19,1
211,651,32,0
211,652,5,0
211,653,32,0
211,654,9,0
211,655,32,0
211,656,5,0
211,657,32,0
211,658,5,0
211,659,32,0
211,660,5,0
211,661,12,0
211,662,35,0
211,663,12,1
211,664,35,1
211,665,12,1
211,666,35,1
211,667,12,1
211,668,35,1
211,669,32,1
211,670,9,1
211,671,32,1
211,672,9,1
211,673,32,1
211,674,9,1
211,675,12,0
211,676,13,0
211,677,14,0
211,678,12,0
211,679,13,0
211,680,12,1
211,681,13,1
211,682,12,0
211,683,13,0
211,684,14,0
211,685,12,1
211,686,13,1
211,687,12,0
211,688,13,0
211,689,14,0
211,690,12,1
211,691,13,1
211,692,14,1
211,693,12,1
211,694,13,1
211,695,12,1
211,696,13,1
211,697,14,1
211,698,12,0
211,699,35,0
211,700,12,0
211,701,35,0
211,702,12,1
211,703,13,1
211,704,14,1
211,705,12,1
211,706,35,1
211,707,12,0
211,708,13,0
211,709,14,0
211,710,11,0
211,711,11,0
211,712,11,1
211,713,11,1
211,714,11,0
211,715,11,1
211,716,11,1
211,717,11,1
211,718,11,1
211,719,12,0
211,720,35,0
211,721,12,0
211,722,13,0
211,723,14,0
211,724,12,1
211,725,13,1
211,726,14,1
211,727,12,1
211,728,35,1
211,729,12,1
211,730,35,1
211,731,14,1
211,732,14,1
211,733,14,1
211,734,14,1
211,735,14,1
211,736,12,1
211,737,35,1
211,738,12,0
211,739,35,0
211,740,35,1
211,741,41,0
211,742,41,1
211,743,41,0
211,744,12,0
211,745,35,0
211,746,12,1
211,747,35,1
211,748,35,0
211,749,41,0
211,750,41,0
211,751,41,1
211,752,41,1
211,753,41,1
211,754,41,1
211,755,41,1
211,756,34,1
211,757,34,1
211,758,34,0
211,759,34,0
211,760,34,1
211,761,34,1
211,762,34,1
211,763,34,1
211,764,34,1
211,765,35,0
211,766,35,1
211,767,35,1
211,768,35,1
211,769,41,1
211,770,12,1
211,771,35,1
211,772,23,0
211,773,23,1
211,774,23,1
211,775,23,1
211,776,23,1
211,777,23,1
211,778,23,1
211,779,23,1
211,780,23,1
211,781,16,0
211,782,16,1
211,783,16,1
211,784,16,1
211,785,16,1
211,786,16,1
211,787,23,1
211,788,23,1
211,789,4,1
211,790,15,1
211,791,4,0
211,792,16,0
211,793,4,1
211,794,15,1
211,795,4,1
211,796,15,1
211,797,4,1
211,798,16,1
211,799,3,0
211,800,3,0
211,801,3,0
211,802,3,0
211,803,3,0
211,804,3,0
211,805,3,1
211,806,3,1
211,807,29,1
211,808,3,1
211,809,29,0
211,810,3,0
211,811,29,0
211,812,3,0
211,813,29,0
211,814,3,0
211,815,29,0
211,816,3,0
211,817,29,0
211,818,3,0
211,819,29,0
211,820,3,0
211,821,29,1
211,822,3,1
211,823,29,0
211,824,3,0
211,825,29,1
211,826,3,1
211,827,17,1
211,828,17,1
211,829,17,1
211,830,17,1
211,831,17,1
211,832,6,1
211,833,9,1
211,834,6,1
211,835,8,1
211,836,6,1
211,837,5,1
211,838,6,1
211,839,7,1
211,840,6,1
211,841,7,1
211,842,32,0
211,843,32,0
211,844,32,1
211,845,32,0
211,846,9,0
211,847,32,0
211,848,32,1
211,849,9,1
211,850,32,1
211,851,32,1
211,852,9,1
211,853,32,1
211,854,32,1
211,855,29,0
211,856,3,0
211,857,29,0
211,858,3,0
211,859,29,0
211,860,3,0
211,861,29,0
211,862,3,0
211,863,29,0
211,864,3,0
211,865,29,0
211,866,3,0
211,867,29,0
211,868,3,0
211,869,29,1
211,870,3,1
211,871,29,0
211,872,3,0
211,873,29,0
211,874,3,0
211,875,29,0
211,876,3,0
211,877,29,1
211,878,3,1
211,879,29,1
211,880,3,1
211,881,29,1
211,882,3,1
211,883,29,0
211,884,3,0
211,885,29,0
211,886,3,0
211,887,16,1
211,888,29,0
211,889,3,0
211,890,29,1
211,891,3,1
211,892,29,0
211,893,3,0
211,894,29,1
211,895,3,1
211,896,29,1
211,897,3,1
211,898,49,0
211,899,49,1
211,900,49,1
211,901,71,0
211,902,49,1
211,903,49,1
211,904,71,1
211,905,29,0
211,906,3,0
211,907,29,0
211,908,3,0
211,909,29,0
211,910,3,0
211,911,29,0
211,912,3,0
211,913,29,1
211,914,3,1
211,915,29,0
211,916,3,0
211,917,16,1
211,918,29,0
211,919,3,0
211,920,52,1
211,921,29,0
211,922,3,0
211,923,29,0
211,924,3,0
211,925,29,1
211,926,3,1
211,927,29,0
211,928,3,0
211,929,29,0
211,930,3,0
211,931,29,0
211,932,3,0
211,933,16,1
211,934,29,0
211,935,3,0
211,936,48,0
211,937,48,1
211,938,48,1
211,939,48,1
211,940,29,0
211,941,3,0
211,942,29,0
211,943,3,0
211,944,29,0
211,945,3,0
211,946,29,0
211,947,3,0
211,948,29,0
211,949,3,0
211,950,16,1
211,951,29,1
211,952,3,1
211,953,29,1
211,954,3,1
211,955,16,1
211,956,16,1
211,957,16,0
211,958,16,0
211,959,16,1
211,960,16,0
211,961,16,1
211,962,16,1
211,963,16,1
211,964,16,1
211,965,3,1
211,966,16,1
211,967,50,1
211,968,50,0
211,969,50,0
211,970,50,0
211,971,50,1
211,972,95,1
211,973,50,0
211,974,51,1
211,975,50,1
211,976,50,1
211,977,51,1
211,978,50,0
211,979,50,0
211,980,50,0
211,981,50,0
211,982,50,0
211,983,50,0
211,984,50,0
211,985,50,0
211,986,50,1
211,987,50,1
211,988,50,1
211,989,50,0
211,990,50,1
211,991,50,0
211,992,50,1
211,993,50,0
211,994,50,0
211,995,50,0
211,996,50,1
211,997,50,0
211,998,50,0
211,999,50,0
211,1000,50,0
211,1001,50,1
211,1002,50,1
211,1003,50,0
211,1004,57,0
211,1005,57,0
211,1006,53,0
211,1007,54,0
211,1008,54,1
211,1009,53,0
211,1010,53,0
211,1011,53,0
211,1012,53,1
211,1013,49,1
211,1014,53,1
211,1015,54,1
211,1016,50,0
211,1017,50,0
211,1018,50,1
211,1019,50,1
211,1020,50,0
211,1021,50,1
211,1022,50,0
211,1023,50,1
211,1024,50,1
211,1025,57,0
211,1026,57,0
211,1027,50,0
211,1028,92,0
211,1029,92,0
211,1030,92,0
211,1031,94,0
211,1032,94,0
211,1033,93,0
211,1034,93,0
211,1035,28,0
211,1036,28,1
211,1037,28,1
211,1038,28,1
211,1039,28,0
211,1040,28,0
211,1041,28,1
211,1042,28,0
211,1043,28,1
211,1044,28,0
211,1045,50,1
211,1046,50,1
211,1047,50,0
211,1048,50,0
211,1049,50,0
211,1050,50,1
211,1051,50,0
211,1052,50,0
211,1053,50,1
211,1054,50,1
211,1055,53,1
211,1056,92,0
211,1057,93,1
211,1058,50,0
211,1059,50,0
211,1060,11,1
211,1061,11,1
211,1062,32,1
211,1063,5,1
211,1064,32,1
211,1065,9,1
212,0,22,1
212,1,20,1
212,2,20,1
212,3,21,1
212,4,21,1
212,5,21,1
212,6,21,1
212,7,18,1
212,8,33,1
212,9,33,0
212,10,33,1
212,11,33,1
212,12,33,1
212,13,37,1
212,14,37,1
212,15,37,0
212,16,37,1
212,17,37,0
212,18,37,1
212,19,37,1
212,20,37,1
212,21,30,1
212,22,30,1
212,23,37,0
212,24,30,0
212,25,37,1
212,26,30,1
212,27,37,0
212,28,30,0
212,29,37,0
212,30,30,0
212,31,37,1
212,32,30,1
212,33,69,0
212,34,69,1
212,35,69,1
212,36,69,0
212,37,69,1
212,38,69,0
212,39,69,1
212,40,69,0
212,41,69,1
212,42,69,0
212,43,69,0
212,44,69,1
212,45,69,0
212,46,69,1
212,47,69,1
212,48,69,1
212,49,37,0
212,50,30,0
212,51,37,1
212,52,30,1
212,53,37,1
212,54,30,1
212,55,37,1
212,56,30,1
212,57,69,1
212,58,69,1
212,59,24,1
212,60,24,0
212,61,24,1
212,62,24,1
212,63,24,1
212,64,24,1
212,65,19,1
212,66,19,0
212,67,19,0
212,68,60,0
212,69,19,1
212,70,19,1
212,71,60,1
212,72,60,1
212,73,60,1
212,74,27,1
212,75,40,1
212,76,59,1
212,77,34,0
212,78,34,1
212,79,34,1
212,80,34,1
212,81,34,0
212,82,34,1
212,83,34,1
212,84,34,1
212,85,34,1
212,86,41,1
212,87,41,1
212,88,41,1
212,89,35,0
212,90,35,1
212,91,35,1
212,92,35,1
212,93,21,1
212,94,14,1
212,95,14,1
212,96,55,1
212,97,26,1
212,98,26,1
212,99,26,1
212,100,26,1
212,101,70,0
212,102,70,1
212,103,70,1
212,104,70,1
212,105,70,1
212,106,70,1
212,107,70,1
212,108,26,1
212,109,26,1
212,110,26,0
212,111,26,1
212,112,26,1
212,113,26,1
212,114,26,1
212,115,26,1
212,116,26,1
212,117,26,1
212,118,26,1
212,119,26,1
212,120,26,1
212,121,26,1
212,122,26,1
212,123,26,1
212,124,26,0
212,125,26,0
212,126,26,1
212,127,26,1
212,128,26,0
212,129,26,1
212,130,26,1
212,131,26,1
212,132,70,1
212,133,70,1
212,134,70,1
212,135,70,0
212,136,70,1
212,137,70,1
212,138,70,1
212,139,70,0
212,140,70,0
212,141,70,1
212,142,70,1
212,143,70,1
212,144,70,1
212,145,70,0
212,146,70,1
212,147,70,1
212,148,70,1
212,149,70,1
212,150,70,1
212,151,70,1
212,152,70,1
212,153,26,1
212,154,26,1
212,155,26,0
212,156,26,1
212,157,26,0
212,158,58,1
212,159,58,0
212,160,58,1
212,161,58,1
212,162,58,1
212,163,26,1
212,164,26,1
212,165,42,1
212,166,25,1
212,167,42,1
212,168,25,1
212,169,42,1
212,170,25,0
212,171,42,0
212,172,25,1
212,173,42,1
212,174,25,1
212,175,42,1
212,176,25,1
212,177,42,1
212,178,25,1
212,179,42,1
212,180,25,1
212,181,42,1
212,182,25,0
212,183,42,0
212,184,25,0
212,185,42,0
212,186,25,1
212,187,42,1
212,188,25,1
212,189,42,1
212,190,25,1
212,191,42,1
212,192,25,1
212,193,42,1
212,194,42,1
212,195,43,1
212,196,25,1
212,197,42,1
212,198,26,1
212,199,72,1
212,200,43,0
212,201,43,1
212,202,43,1
212,203,43,1
212,204,43,1
212,205,43,1
212,206,66,0
212,207,66,0
212,208,66,1
212,209,66,1
212,210,66,0
212,211,66,0
212,212,66,1
212,213,66,0
212,214,66,0
212,215,66,0
212,216,66,1
212,217,66,1
212,218,66,0
212,219,66,0
212,220,66,1
212,221,66,1
212,222,66,0
212,223,66,0
212,224,66,1
212,225,66,1
212,226,36,0
212,227,68,1
212,228,68,0
212,229,68,1
212,230,68,1
212,231,68,0
212,232,68,0
212,233,68,1
212,234,68,1
212,235,1,1
212,236,2,0
212,237,2,0
212,238,2,0
212,239,2,0
212,240,2,1
212,241,2,1
212,242,2,1
212,243,83,1
212,244,68,0
212,245,68,0
212,246,68,1
212,247,68,1
212,248,68,1
212,249,36,1
212,250,36,1
212,251,25,1
212,252,42,1
212,253,66,0
212,254,66,0
212,255,66,1
212,256,66,0
212,257,66,1
212,258,66,1
212,259,31,0
212,260,31,0
212,261,31,1
212,262,31,1
212,263,31,0
212,264,31,1
212,265,31,0
212,266,31,1
212,267,31,1
212,268,31,1
212,269,31,0
212,270,31,1
212,271,31,1
212,272,31,1
212,273,80,0
212,274,18,0
212,275,57,1
212,276,28,0
212,277,28,0
212,278,28,0
212,279,28,0
212,280,28,0
212,281,28,1
212,282,28,0
212,283,28,0
212,284,28,0
212,285,28,1
212,286,28,1
212,287,28,1
212,288,28,0
212,289,28,1
212,290,28,0
212,291,28,0
212,292,28,1
212,293,28,0
212,294,28,1
212,295,28,1
212,296,28,0
212,297,28,1
212,298,28,1
212,299,28,1
212,300,84,0
212,301,28,0
212,302,84,0
212,303,28,0
212,304,84,0
212,305,28,0
212,306,84,1
212,307,28,1
212,308,84,1
212,309,28,1
212,310,84,1
212,311,28,1
212,312,64,1
212,313,85,1
212,314,39,1
212,315,86,0
212,316,86,1
212,317,86,1
212,318,86,1
212,319,39,1
212,320,75,1
212,321,10,0
212,322,10,1
212,323,10,0
212,324,10,0
212,325,10,1
212,326,10,1
212,327,10,0
212,328,10,0
212,329,10,1
212,330,10,1
212,331,10,0
212,332,10,1
212,333,10,1
212,334,10,1
212,335,10,1
212,336,10,1
212,337,10,1
212,338,10,1
212,339,10,1
212,340,35,1
212,341,10,0
212,342,35,0
212,343,10,1
212,344,35,1
212,345,10,1
212,346,35,1
212,347,6,0
212,348,9,0
212,349,6,0
212,350,8,0
212,351,6,1
212,352,8,1
212,353,6,1
212,354,5,1
212,355,6,1
212,356,7,1
212,357,6,1
212,358,8,1
212,359,6,1
212,360,9,1
212,361,17,1
212,362,17,1
212,363,11,1
212,364,4,1
212,365,9,1
212,366,4,1
212,367,9,1
212,368,4,0
212,369,5,0
212,370,4,0
212,371,5,0
212,372,4,0
212,373,5,0
212,374,4,1
212,375,5,1
212,376,4,1
212,377,5,1
212,378,4,0
212,379,5,0
212,380,4,0
212,381,5,0
212,382,4,0
212,383,5,0
212,384,4,0
212,385,5,0
212,386,4,0
212,387,5,0
212,388,4,1
212,389,7,1
212,390,4,1
212,391,7,1
212,392,4,0
212,393,5,0
212,394,4,0
212,395,5,0
212,396,4,0
212,397,5,0
212,398,4,1
212,399,5,1
212,400,4,1
212,401,5,1
212,402,4,1
212,403,5,1
212,404,5,1
212,405,9,1
212,406,4,1
212,407,22,1
212,408,25,1
212,409,42,1
212,410,25,1
212,411,42,1
212,412,25,0
212,413,42,0
212,414,25,1
212,415,42,1
212,416,25,1
212,417,42,1
212,418,25,1
212,419,42,1
212,420,25,1
212,421,42,1
212,422,25,1
212,423,42,1
212,424,25,1
212,425,42,1
212,426,3,0
212,427,3,1
212,428,3,1
212,429,3,1
212,430,29,1
212,431,25,1
212,432,42,1
212,433,25,1
212,434,42,1
212,435,25,1
212,436,42,1
212,437,25,1
212,438,42,1
212,439,25,1
212,440,42,1
212,441,25,1
212,442,42,1
212,443,24,1
212,444,24,1
212,445,24,1
212,446,24,1
212,447,24,1
212,448,18,1
212,449,18,1
212,450,18,1
212,451,18,1
212,452,18,1
212,453,74,0
212,454,19,0
212,455,19,0
212,456,19,1
212,457,32,1
212,458,5,1
212,459,32,1
212,460,5,1
212,461,12,0
212,462,13,0
212,463,41,0
212,464,12,1
212,465,13,1
212,466,41,1
212,467,12,1
212,468,35,1
212,469,12,1
212,470,35,1
212,471,74,1
212,472,74,1
212,473,74,1
212,474,74,1
212,475,74,1
212,476,60,0
212,477,60,0
212,478,60,1
212,479,60,1
212,480,60,1
212,481,60,1
212,482,60,1
212,483,19,1
212,484,19,0
212,485,19,0
212,486,19,1
212,487,19,1
212,488,19,1
212,489,19,1
212,490,19,1
212,491,12,0
212,492,13,0
212,493,14,0
212,494,12,1
212,495,13,1
212,496,14,1
212,497,12,1
212,498,13,1
212,499,12,1
212,500,13,1
212,501,12,0
212,502,35,0
212,503,12,0
212,504,35,0
212,505,12,1
212,506,35,1
212,507,12,0
212,508,13,0
212,509,14,0
212,510,12,1
212,511,35,1
212,512,14,0
212,513,14,0
212,514,14,0
212,515,14,0
212,516,14,1
212,517,14,0
212,518,14,1
212,519,12,1
212,520,13,1
212,521,14,1
212,522,12,1
212,523,35,1
212,524,11,0
212,525,11,0
212,526,11,1
212,527,11,1
212,528,11,1
212,529,11,1
212,530,14,1
212,531,14,1
212,532,14,1
212,533,14,1
212,534,12,1
212,535,35,1
212,536,41,0
212,537,35,0
212,538,12,1
212,539,35,1
212,540,41,1
212,541,12,0
212,542,35,0
212,543,12,1
212,544,35,1
212,545,41,0
212,546,35,1
212,547,41,1
212,548,41,1
212,549,41,1
212,550,41,1
212,551,41,0
212,552,41,1
212,553,41,1
212,554,41,1
212,555,41,1
212,556,41,0
212,557,41,1
212,558,34,1
212,559,34,1
212,560,34,1
212,561,34,1
212,562,34,1
212,563,16,0
212,564,16,1
212,565,16,1
212,566,16,1
212,567,23,0
212,568,23,0
212,569,23,0
212,570,23,1
212,571,23,1
212,572,23,1
212,573,23,0
212,574,23,1
212,575,23,1
212,576,23,1
212,577,23,1
212,578,23,1
212,579,16,0
212,580,16,1
212,581,16,1
212,582,16,1
212,583,41,0
212,584,12,0
212,585,35,0
212,586,41,1
212,587,41,1
212,588,41,1
212,589,35,0
212,590,41,1
212,591,12,1
212,592,35,1
212,593,35,0
212,594,12,1
212,595,35,1
212,596,35,1
212,597,41,1
212,598,41,1
212,599,41,0
212,600,41,0
212,601,41,1
212,602,41,1
212,603,41,1
212,604,41,1
212,605,41,1
212,606,41,1
212,607,41,1
212,608,12,0
212,609,35,0
212,610,41,1
212,611,12,1
212,612,35,1
212,613,12,1
212,614,35,1
212,615,41,1
212,616,41,1
212,617,4,1
212,618,15,1
212,619,4,1
212,620,16,1
212,621,3,0
212,622,29,0
212,623,3,0
212,624,29,0
212,625,3,0
212,626,29,0
212,627,3,0
212,628,29,1
212,629,3,1
212,630,29,1
212,631,3,1
212,632,29,0
212,633,3,0
212,634,29,0
212,635,3,0
212,636,29,0
212,637,3,0
212,638,16,1
212,639,29,0
212,640,3,0
212,641,29,0
212,642,3,0
212,643,29,0
212,644,3,0
212,645,71,1
212,646,52,0
212,647,52,1
212,648,52,1
212,649,52,1
212,650,48,0
212,651,48,1
212,652,48,1
212,653,48,1
212,654,17,1
212,655,17,0
212,656,17,1
212,657,17,0
212,658,17,1
212,659,17,0
212,660,17,1
212,661,17,1
212,662,17,1
212,663,17,1
212,664,6,1
212,665,9,1
212,666,6,0
212,667,8,0
212,668,6,1
212,669,7,1
212,670,6,1
212,671,7,1
212,672,6,1
212,673,9,1
212,674,6,1
212,675,9,1
212,676,6,1
212,677,7,1
212,678,32,0
212,679,9,0
212,680,32,1
212,681,9,1
212,682,32,0
212,683,5,0
212,684,32,1
212,685,9,1
212,686,32,1
212,687,9,1
212,688,32,1
212,689,9,1
212,690,32,0
212,691,5,0
212,692,32,1
212,693,9,1
212,694,32,1
212,695,5,1
212,696,32,1
212,697,5,1
212,698,29,0
212,699,3,0
212,700,29,1
212,701,3,1
212,702,29,0
212,703,3,0
212,704,29,0
212,705,3,0
212,706,29,0
212,707,3,0
212,708,29,1
212,709,3,1
212,710,29,1
212,711,3,1
212,712,29,1
212,713,3,1
212,714,29,0
212,715,3,0
212,716,29,0
212,717,3,0
212,718,29,0
212,719,3,0
212,720,17,1
212,721,32,1
212,722,5,1
212,723,32,1
212,724,5,1
212,725,4,1
212,726,16,1
212,727,4,1
212,728,16,1
212,729,16,1
212,730,16,1
212,731,50,1
212,732,50,1
212,733,51,1
212,734,51,0
212,735,51,1
212,736,51,1
212,737,50,1
212,738,50,0
212,739,50,1
212,740,50,1
212,741,50,0
212,742,50,0
212,743,16,1
212,744,16,1
212,745,16,1
212,746,4,1
212,747,16,1
212,748,3,0
212,749,50,0
212,750,50,0
212,751,50,0
212,752,50,0
212,753,50,0
212,754,50,0
212,755,50,0
212,756,50,0
212,757,50,0
212,758,50,0
212,759,50,0
212,760,50,1
212,761,50,0
212,762,50,1
212,763,50,1
212,764,50,0
212,765,50,1
212,766,50,0
212,767,50,0
212,768,50,1
212,769,50,0
212,770,50,0
212,771,50,1
212,772,50,1
212,773,50,0
212,774,57,0
212,775,57,0
212,776,57,1
212,777,50,1
212,778,50,1
212,779,50,1
212,780,50,0
212,781,50,1
212,782,50,1
212,783,50,0
212,784,50,1
212,785,50,0
212,786,50,1
212,787,50,0
212,788,96,0
212,789,50,0
212,790,50,0
212,791,50,0
212,792,50,1
212,793,57,1
212,794,50,1
212,795,50,0
212,796,50,1
212,797,50,1
212,798,50,0
212,799,50,1
212,800,50,1
212,801,50,1
212,802,50,1
212,803,54,1
212,804,3,1
212,805,49,1
212,806,53,0
212,807,54,0
212,808,53,1
212,809,54,1
212,810,53,0
212,811,54,0
212,812,53,1
212,813,54,1
212,814,94,0
212,815,93,0
212,816,93,0
212,817,93,0
212,818,28,1
212,819,28,0
212,820,28,1
212,821,28,1
212,822,28,1
212,823,28,1
212,824,28,1
212,825,92,0
212,826,94,1
212,827,11,0
212,828,11,1
212,829,11,1
212,830,32,1
212,831,5,1
212,832,32,1
212,833,9,1
213,0,22,0
213,1,22,1
213,2,22,1
213,3,22,1
213,4,20,1
213,5,20,1
213,6,20,1
213,7,21,1
213,8,21,1
213,9,21,1
213,10,21,0
213,11,21,1
213,12,21,1
213,13,21,1
213,14,18,0
213,15,18,0
213,16,18,1
213,17,18,0
213,18,33,1
213,19,33,1
213,20,37,1
213,21,37,1
213,22,18,0
213,23,18,1
213,24,18,1
213,25,18,1
213,26,37,0
213,27,37,1
213,28,37,1
213,29,37,0
213,30,37,1
213,31,37,1
213,32,37,1
213,33,30,0
213,34,30,1
213,35,30,1
213,36,30,1
213,37,30,1
213,38,37,0
213,39,30,0
213,40,37,0
213,41,30,0
213,42,69,1
213,43,69,0
213,44,69,1
213,45,69,1
213,46,69,1
213,47,69,0
213,48,69,1
213,49,69,1
213,50,69,0
213,51,69,1
213,52,69,1
213,53,69,1
213,54,24,1
213,55,24,1
213,56,24,0
213,57,24,1
213,58,24,1
213,59,24,1
213,60,37,1
213,61,30,1
213,62,37,0
213,63,30,0
213,64,37,0
213,65,30,0
213,66,37,0
213,67,30,0
213,68,37,0
213,69,30,0
213,70,37,1
213,71,30,1
213,72,37,0
213,73,30,0
213,74,37,0
213,75,30,0
213,76,37,1
213,77,30,1
213,78,37,1
213,79,30,1
213,80,37,1
213,81,30,1
213,82,19,1
213,83,19,1
213,84,60,1
213,85,27,0
213,86,27,0
213,87,27,1
213,88,27,1
213,89,27,0
213,90,27,0
213,91,27,0
213,92,27,1
213,93,27,1
213,94,27,1
213,95,59,1
213,96,27,1
213,97,34,0
213,98,34,1
213,99,34,1
213,100,34,1
213,101,34,0
213,102,34,0
213,103,34,1
213,104,34,1
213,105,34,1
213,106,34,0
213,107,34,1
213,108,34,1
213,109,34,1
213,110,41,1
213,111,41,1
213,112,41,1
213,113,35,0
213,114,35,1
213,115,35,1
213,116,35,1
213,117,21,1
213,118,14,1
213,119,36,0
213,120,26,0
213,121,26,1
213,122,26,1
213,123,55,0
213,124,26,1
213,125,26,0
213,126,26,0
213,127,26,1
213,128,26,0
213,129,26,1
213,130,26,1
213,131,26,1
213,132,26,0
213,133,26,0
213,134,26,1
213,135,26,0
213,136,26,1
213,137,26,1
213,138,26,1
213,139,26,0
213,140,26,0
213,141,26,1
213,142,26,0
213,143,26,0
213,144,26,0
213,145,26,1
213,146,26,1
213,147,26,0
213,148,26,1
213,149,26,1
213,150,70,1
213,151,70,1
213,152,70,0
213,153,70,1
213,154,70,0
213,155,70,1
213,156,70,1
213,157,70,1
213,158,70,1
213,159,70,1
213,160,26,1
213,161,26,1
213,162,26,1
213,163,26,1
213,164,26,1
213,165,26,1
213,166,26,0
213,167,26,1
213,168,26,1
213,169,26,1
213,170,26,1
213,171,26,0
213,172,26,1
213,173,26,1
213,174,26,1
213,175,70,0
213,176,58,1
213,177,58,1
213,178,26,1
213,179,70,1
213,180,70,1
213,181,70,1
213,182,70,1
213,183,70,1
213,184,70,1
213,185,26,1
213,186,25,0
213,187,42,0
213,188,25,1
213,189,42,1
213,190,25,1
213,191,42,1
213,192,25,1
213,193,42,1
213,194,25,1
213,195,42,1
213,196,14,1
213,197,26,0
213,198,26,1
213,199,26,1
213,200,26,1
213,201,26,0
213,202,26,1
213,203,26,1
213,204,26,1
213,205,66,0
213,206,68,1
213,207,68,1
213,208,42,0
213,209,42,0
213,210,42,0
213,211,42,1
213,212,42,1
213,213,42,1
213,214,26,1
213,215,25,1
213,216,42,1
213,217,25,0
213,218,42,0
213,219,42,0
213,220,43,0
213,221,42,0
213,222,43,0
213,223,42,0
213,224,43,0
213,225,42,1
213,226,43,1
213,227,42,1
213,228,43,1
213,229,42,1
213,230,43,1
213,231,1,0
213,232,1,1
213,233,1,1
213,234,1,1
213,235,1,0
213,236,2,0
213,237,83,1
213,238,31,0
213,239,31,1
213,240,31,0
213,241,31,1
213,242,31,0
213,243,26,1
213,244,26,0
213,245,26,1
213,246,26,1
213,247,26,1
213,248,26,0
213,249,26,1
213,250,26,0
213,251,26,0
213,252,26,0
213,253,26,1
213,254,26,1
213,255,26,1
213,256,26,0
213,257,26,1
213,258,25,1
213,259,42,1
213,260,25,0
213,261,42,0
213,262,25,1
213,263,42,1
213,264,25,1
213,265,42,1
213,266,25,1
213,267,42,1
213,268,25,1
213,269,42,1
213,270,25,1
213,271,42,1
213,272,26,1
213,273,72,1
213,274,43,1
213,275,43,1
213,276,43,1
213,277,43,1
213,278,43,1
213,279,2,1
213,280,2,0
213,281,2,1
213,282,2,0
213,283,2,1
213,284,2,0
213,285,2,1
213,286,2,0
213,287,2,1
213,288,2,0
213,289,2,1
213,290,2,0
213,291,2,1
213,292,31,0
213,293,31,1
213,294,31,1
213,295,31,1
213,296,31,1
213,297,31,1
213,298,80,0
213,299,18,0
213,300,80,1
213,301,80,1
213,302,80,0
213,303,80,1
213,304,81,1
213,305,82,1
213,306,2,0
213,307,2,1
213,308,2,1
213,309,2,1
213,310,1,1
213,311,1,1
213,312,1,1
213,313,1,1
213,314,1,1
213,315,26,0
213,316,26,1
213,317,26,1
213,318,26,1
213,319,26,0
213,320,80,0
213,321,18,0
213,322,80,1
213,323,80,0
213,324,18,0
213,325,66,0
213,326,57,0
213,327,28,0
213,328,28,1
213,329,28,1
213,330,28,1
213,331,28,1
213,332,28,1
213,333,28,0
213,334,28,0
213,335,28,0
213,336,28,1
213,337,28,1
213,338,28,1
213,339,80,1
213,340,18,1
213,341,57,1
213,342,57,1
213,343,57,1
213,344,66,1
213,345,66,1
213,346,66,0
213,347,66,0
213,348,66,1
213,349,66,1
213,350,66,1
213,351,66,1
213,352,28,1
213,353,84,0
213,354,28,0
213,355,84,1
213,356,28,1
213,357,84,1
213,358,28,1
213,359,84,0
213,360,28,0
213,361,84,1
213,362,28,1
213,363,26,1
213,364,26,1
213,365,26,1
213,366,26,0
213,367,26,1
213,368,26,1
213,369,26,1
213,370,26,0
213,371,26,1
213,372,26,1
213,373,26,1
213,374,26,0
213,375,26,1
213,376,84,1
213,377,28,1
213,378,84,1
213,379,28,1
213,380,64,1
213,381,64,1
213,382,39,1
213,383,86,0
213,384,86,0
213,385,86,1
213,386,86,1
213,387,86,1
213,388,86,1
213,389,75,0
213,390,75,1
213,391,75,1
213,392,75,0
213,393,75,1
213,394,75,1
213,395,75,1
213,396,10,0
213,397,10,0
213,398,10,1
213,399,10,0
213,400,10,0
213,401,10,1
213,402,10,0
213,403,10,1
213,404,10,1
213,405,10,1
213,406,10,0
213,407,10,0
213,408,10,1
213,409,10,1
213,410,10,1
213,411,10,1
213,412,10,1
213,413,10,0
213,414,35,0
213,415,10,0
213,416,35,0
213,417,10,1
213,418,35,1
213,419,10,0
213,420,35,0
213,421,10,0
213,422,35,0
213,423,10,0
213,424,35,0
213,425,10,0
213,426,35,0
213,427,10,1
213,428,35,1
213,429,10,1
213,430,35,1
213,431,6,1
213,432,8,1
213,433,10,1
213,434,35,1
213,435,10,0
213,436,35,0
213,437,10,0
213,438,35,0
213,439,10,0
213,440,35,0
213,441,10,1
213,442,35,1
213,443,10,1
213,444,35,1
213,445,6,1
213,446,8,1
213,447,6,1
213,448,7,1
213,449,17,0
213,450,17,1
213,451,17,1
213,452,17,1
213,453,17,1
213,454,11,0
213,455,11,1
213,456,11,1
213,457,11,0
213,458,11,1
213,459,11,0
213,460,11,1
213,461,11,1
213,462,11,1
213,463,4,0
213,464,9,0
213,465,4,1
213,466,9,1
213,467,4,1
213,468,9,1
213,469,4,1
213,470,9,1
213,471,4,1
213,472,5,1
213,473,4,0
213,474,5,0
213,475,4,0
213,476,5,0
213,477,4,0
213,478,7,0
213,479,4,1
213,480,7,1
213,481,4,1
213,482,7,1
213,483,4,1
213,484,7,1
213,485,5,1
213,486,50,0
213,487,50,0
213,488,50,1
213,489,50,0
213,490,4,0
213,491,5,0
213,492,5,1
213,493,4,1
213,494,22,1
213,495,25,1
213,496,42,1
213,497,25,1
213,498,42,1
213,499,3,1
213,500,3,1
213,501,29,1
213,502,4,1
213,503,22,1
213,504,25,1
213,505,42,1
213,506,25,1
213,507,42,1
213,508,25,1
213,509,42,1
213,510,25,1
213,511,42,1
213,512,25,1
213,513,42,1
213,514,32,0
213,515,9,0
213,516,32,1
213,517,5,1
213,518,32,1
213,519,9,1
213,520,32,1
213,521,9,1
213,522,18,0
213,523,18,1
213,524,18,1
213,525,18,1
213,526,18,1
213,527,18,0
213,528,18,1
213,529,12,0
213,530,35,0
213,531,12,0
213,532,13,0
213,533,41,0
213,534,12,1
213,535,13,1
213,536,41,1
213,537,12,0
213,538,35,0
213,539,12,0
213,540,13,0
213,541,41,0
213,542,24,0
213,543,24,1
213,544,24,0
213,545,24,1
213,546,24,1
213,547,24,1
213,548,24,1
213,549,24,1
213,550,74,0
213,551,74,1
213,552,74,0
213,553,74,1
213,554,74,1
213,555,74,0
213,556,74,1
213,557,74,1
213,558,74,1
213,559,74,1
213,560,60,1
213,561,60,0
213,562,60,0
213,563,60,0
213,564,60,1
213,565,60,0
213,566,60,1
213,567,60,1
213,568,60,0
213,569,60,1
213,570,19,1
213,571,19,1
213,572,19,0
213,573,19,0
213,574,19,1
213,575,19,1
213,576,19,1
213,577,19,1
213,578,19,1
213,579,18,1
213,580,18,0
213,581,18,0
213,582,18,0
213,583,18,0
213,584,18,0
213,585,18,0
213,586,18,1
213,587,18,1
213,588,18,1
213,589,12,0
213,590,13,0
213,591,14,0
213,592,12,1
213,593,13,1
213,594,14,1
213,595,12,1
213,596,35,1
213,597,12,1
213,598,35,1
213,599,12,1
213,600,13,1
213,601,12,0
213,602,13,0
213,603,14,0
213,604,12,0
213,605,13,0
213,606,12,0
213,607,13,0
213,608,14,0
213,609,18,1
213,610,18,1
213,611,74,1
213,612,60,0
213,613,60,1
213,614,60,1
213,615,60,0
213,616,60,1
213,617,60,1
213,618,60,1
213,619,4,0
213,620,5,0
213,621,14,1
213,622,14,1
213,623,14,1
213,624,14,1
213,625,14,1
213,626,41,1
213,627,12,0
213,628,35,0
213,629,41,1
213,630,41,1
213,631,41,1
213,632,41,1
213,633,35,1
213,634,41,1
213,635,41,1
213,636,41,1
213,637,41,1
213,638,41,1
213,639,34,1
213,640,34,1
213,641,34,1
213,642,34,1
213,643,34,1
213,644,23,0
213,645,23,0
213,646,60,1
213,647,60,1
213,648,23,0
213,649,23,0
213,650,23,0
213,651,23,0
213,652,23,1
213,653,23,0
213,654,23,0
213,655,23,1
213,656,23,0
213,657,23,1
213,658,23,0
213,659,23,1
213,660,23,1
213,661,11,0
213,662,11,0
213,663,11,1
213,664,11,1
213,665,4,1
213,666,15,1
213,667,4,1
213,668,15,1
213,669,11,0
213,670,11,1
213,671,11,1
213,672,11,1
213,673,66,1
213,674,66,1
213,675,4,1
213,676,5,1
213,677,12,1
213,678,13,1
213,679,41,1
213,680,12,0
213,681,35,0
213,682,12,1
213,683,35,1
213,684,12,1
213,685,35,1
213,686,12,1
213,687,35,1
213,688,3,0
213,689,3,0
213,690,3,0
213,691,3,0
213,692,3,0
213,693,3,0
213,694,29,0
213,695,3,0
213,696,29,0
213,697,3,0
213,698,26,1
213,699,26,1
213,700,26,0
213,701,26,1
213,702,26,1
213,703,26,1
213,704,26,1
213,705,26,1
213,706,23,0
213,707,23,0
213,708,23,0
213,709,23,0
213,710,23,0
213,711,23,0
213,712,23,0
213,713,23,1
213,714,23,1
213,715,23,1
213,716,23,1
213,717,23,1
213,718,12,1
213,719,13,1
213,720,16,0
213,721,16,1
213,722,16,1
213,723,16,1
213,724,16,1
213,725,16,1
213,726,3,1
213,727,29,0
213,728,3,0
213,729,23,1
213,730,17,1
213,731,17,1
213,732,17,1
213,733,17,1
213,734,17,1
213,735,6,0
213,736,5,0
213,737,6,1
213,738,7,1
213,739,6,0
213,740,5,0
213,741,6,0
213,742,9,0
213,743,6,1
213,744,8,1
213,745,32,1
213,746,5,1
213,747,32,1
213,748,5,1
213,749,32,1
213,750,5,1
213,751,32,1
213,752,9,1
213,753,32,1
213,754,5,1
213,755,29,1
213,756,3,1
213,757,29,0
213,758,3,0
213,759,29,1
213,760,3,1
213,761,29,1
213,762,3,1
213,763,29,0
213,764,3,0
213,765,29,1
213,766,3,1
213,767,29,0
213,768,3,0
213,769,29,0
213,770,3,0
213,771,71,1
213,772,29,0
213,773,3,0
213,774,29,1
213,775,3,1
213,776,29,1
213,777,3,1
213,778,16,1
213,779,52,1
213,780,48,1
213,781,6,1
213,782,7,1
213,783,6,1
213,784,7,1
213,785,6,1
213,786,9,1
213,787,6,1
213,788,5,1
213,789,4,1
213,790,16,1
213,791,16,1
213,792,4,1
213,793,16,1
213,794,16,0
213,795,50,1
213,796,50,1
213,797,4,1
213,798,16,1
213,799,16,1
213,800,16,1
213,801,16,1
213,802,4,1
213,803,16,1
213,804,50,0
213,805,50,1
213,806,50,0
213,807,50,1
213,808,50,1
213,809,50,1
213,810,57,1
213,811,16,1
213,812,3,0
213,813,3,1
213,814,3,1
213,815,3,0
213,816,3,1
213,817,50,1
213,818,50,1
213,819,50,0
213,820,50,1
213,821,50,1
213,822,53,1
213,823,49,1
213,824,3,0
213,825,3,1
213,826,3,0
213,827,3,1
213,828,50,1
213,829,53,0
213,830,54,0
213,831,53,1
213,832,54,1
213,833,94,1
213,834,28,1
213,835,28,0
213,836,28,1
213,837,28,1
213,838,28,1
213,839,28,1
213,840,28,1
213,841,50,1
213,842,50,1
213,843,50,1
213,844,50,0
213,845,50,1
213,846,50,1
213,847,50,0
213,848,50,0
213,849,26,1
213,850,26,1
213,851,26,0
213,852,26,1
213,853,26,1
213,854,26,1
213,855,26,0
213,856,26,1
213,857,26,1
213,858,26,1
213,859,26,1
213,860,26,0
213,861,26,1
213,862,26,1
213,863,26,1
213,864,26,1
213,865,26,0
213,866,26,1
213,867,26,1
213,868,26,0
213,869,26,1
213,870,26,0
213,871,26,1
213,872,26,1
213,873,26,1
213,874,4,1
213,875,5,1
213,876,26,0
213,877,26,1
213,878,26,1
213,879,26,1
213,880,26,0
213,881,26,1
213,882,26,1
213,883,26,1
213,884,26,0
213,885,26,1
213,886,26,1
213,887,26,1
213,888,25,1
213,889,42,1
213,890,25,1
213,891,42,1
213,892,25,1
213,893,42,1
213,894,50,1
213,895,50,1
213,896,23,1
213,897,23,0
213,898,23,1
213,899,23,1
213,900,23,1
213,901,11,1
213,902,11,0
213,903,11,1
213,904,11,1
213,905,11,0
213,906,32,1
213,907,5,1
213,908,32,1
213,909,5,1
214,0,22,0
214,1,22,1
214,2,22,1
214,3,22,1
214,4,20,1
214,5,20,1
214,6,20,1
214,7,21,1
214,8,21,1
214,9,21,1
214,10,21,1
214,11,18,1
214,12,33,1
214,13,33,1
214,14,37,1
214,15,37,0
214,16,37,1
214,17,37,1
214,18,37,1
214,19,37,0
214,20,37,1
214,21,37,1
214,22,37,1
214,23,30,1
214,24,30,1
214,25,37,1
214,26,30,1
214,27,69,0
214,28,69,1
214,29,69,1
214,30,69,1
214,31,69,1
214,32,69,0
214,33,69,0
214,34,69,0
214,35,69,0
214,36,69,0
214,37,69,0
214,38,24,1
214,39,69,0
214,40,24,0
214,41,24,1
214,42,24,1
214,43,24,0
214,44,24,0
214,45,24,1
214,46,24,1
214,47,19,0
214,48,24,1
214,49,69,1
214,50,69,1
214,51,69,1
214,52,19,1
214,53,60,1
214,54,19,1
214,55,19,1
214,56,19,1
214,57,27,1
214,58,40,1
214,59,59,1
214,60,34,1
214,61,34,0
214,62,34,1
214,63,34,1
214,64,34,1
214,65,34,1
214,66,41,0
214,67,41,0
214,68,41,0
214,69,41,0
214,70,35,0
214,71,35,1
214,72,35,1
214,73,35,1
214,74,41,0
214,75,41,0
214,76,21,1
214,77,14,0
214,78,14,0
214,79,14,0
214,80,14,0
214,81,14,1
214,82,14,1
214,83,36,0
214,84,26,1
214,85,26,1
214,86,26,1
214,87,26,1
214,88,26,1
214,89,70,0
214,90,70,1
214,91,70,1
214,92,70,1
214,93,70,1
214,94,70,1
214,95,70,1
214,96,70,1
214,97,26,1
214,98,26,1
214,99,26,0
214,100,26,1
214,101,26,1
214,102,26,1
214,103,26,1
214,104,26,1
214,105,26,1
214,106,26,0
214,107,26,1
214,108,26,1
214,109,26,1
214,110,26,1
214,111,26,1
214,112,26,1
214,113,26,1
214,114,14,1
214,115,14,1
214,116,26,1
214,117,26,1
214,118,36,1
214,119,36,0
214,120,36,1
214,121,36,1
214,122,36,1
214,123,41,1
214,124,41,1
214,125,26,1
214,126,26,1
214,127,26,1
214,128,26,1
214,129,26,1
214,130,70,1
214,131,70,1
214,132,58,1
214,133,58,0
214,134,26,1
214,135,42,1
214,136,25,1
214,137,42,1
214,138,25,0
214,139,42,0
214,140,25,0
214,141,42,0
214,142,25,1
214,143,42,1
214,144,25,1
214,145,42,1
214,146,25,0
214,147,42,0
214,148,25,0
214,149,42,0
214,150,25,0
214,151,42,0
214,152,25,0
214,153,42,0
214,154,25,1
214,155,42,1
214,156,25,1
214,157,42,1
214,158,25,1
214,159,42,1
214,160,25,1
214,161,42,1
214,162,25,1
214,163,42,1
214,164,25,0
214,165,42,0
214,166,25,1
214,167,42,1
214,168,25,0
214,169,42,0
214,170,25,1
214,171,42,1
214,172,42,1
214,173,43,1
214,174,26,1
214,175,72,1
214,176,43,1
214,177,43,1
214,178,43,1
214,179,43,1
214,180,66,0
214,181,66,0
214,182,66,1
214,183,66,0
214,184,66,0
214,185,66,0
214,186,66,1
214,187,66,1
214,188,66,0
214,189,66,0
214,190,66,1
214,191,66,1
214,192,66,1
214,193,66,1
214,194,66,0
214,195,66,0
214,196,68,1
214,197,68,1
214,198,1,1
214,199,2,0
214,200,82,1
214,201,2,1
214,202,25,1
214,203,42,1
214,204,25,1
214,205,42,1
214,206,25,1
214,207,42,1
214,208,25,1
214,209,42,1
214,210,66,1
214,211,66,1
214,212,2,0
214,213,2,0
214,214,2,1
214,215,2,0
214,216,2,1
214,217,2,0
214,218,2,1
214,219,2,0
214,220,2,0
214,221,2,0
214,222,2,1
214,223,2,1
214,224,2,0
214,225,2,0
214,226,2,0
214,227,2,1
214,228,31,1
214,229,31,0
214,230,31,1
214,231,31,1
214,232,31,1
214,233,31,1
214,234,80,0
214,235,18,0
214,236,80,0
214,237,18,0
214,238,80,0
214,239,18,0
214,240,80,0
214,241,80,0
214,242,18,0
214,243,2,0
214,244,2,1
214,245,2,1
214,246,2,1
214,247,2,0
214,248,2,0
214,249,2,0
214,250,2,1
214,251,2,1
214,252,2,1
214,253,2,1
214,254,80,0
214,255,18,0
214,256,57,1
214,257,28,1
214,258,28,1
214,259,28,1
214,260,28,0
214,261,28,1
214,262,28,1
214,263,28,1
214,264,28,1
214,265,80,0
214,266,18,0
214,267,84,0
214,268,28,0
214,269,64,0
214,270,85,0
214,271,64,1
214,272,80,1
214,273,18,1
214,274,80,0
214,275,18,0
214,276,80,0
214,277,80,1
214,278,18,1
214,279,80,1
214,280,80,1
214,281,18,1
214,282,84,1
214,283,28,1
214,284,84,1
214,285,28,1
214,286,84,1
214,287,28,1
214,288,85,1
214,289,64,1
214,290,39,1
214,291,86,0
214,292,86,1
214,293,86,1
214,294,86,1
214,295,86,1
214,296,75,0
214,297,75,1
214,298,75,1
214,299,75,1
214,300,75,1
214,301,75,1
214,302,75,1
214,303,10,1
214,304,10,1
214,305,10,1
214,306,10,1
214,307,10,1
214,308,10,0
214,309,35,0
214,310,10,0
214,311,35,0
214,312,10,1
214,313,35,1
214,314,10,1
214,315,35,1
214,316,10,0
214,317,35,0
214,318,10,1
214,319,35,1
214,320,10,1
214,321,35,1
214,322,10,1
214,323,35,1
214,324,10,1
214,325,35,1
214,326,10,1
214,327,35,1
214,328,6,0
214,329,8,0
214,330,6,0
214,331,5,0
214,332,6,1
214,333,5,1
214,334,6,1
214,335,9,1
214,336,6,0
214,337,7,0
214,338,6,1
214,339,5,1
214,340,6,1
214,341,9,1
214,342,6,1
214,343,7,1
214,344,6,0
214,345,8,0
214,346,6,1
214,347,8,1
214,348,6,0
214,349,8,0
214,350,6,1
214,351,9,1
214,352,17,0
214,353,17,0
214,354,17,1
214,355,17,1
214,356,17,1
214,357,17,1
214,358,11,1
214,359,4,1
214,360,9,1
214,361,4,1
214,362,9,1
214,363,4,0
214,364,5,0
214,365,4,1
214,366,5,1
214,367,4,0
214,368,5,0
214,369,4,0
214,370,5,0
214,371,4,1
214,372,7,1
214,373,4,1
214,374,7,1
214,375,8,0
214,376,4,1
214,377,22,1
214,378,25,1
214,379,42,1
214,380,25,1
214,381,42,1
214,382,25,1
214,383,42,1
214,384,25,1
214,385,42,1
214,386,5,1
214,387,5,0
214,388,5,0
214,389,9,1
214,390,5,0
214,391,5,0
214,392,4,0
214,393,5,0
214,394,3,0
214,395,3,1
214,396,3,1
214,397,3,1
214,398,5,0
214,399,29,1
214,400,4,0
214,401,5,0
214,402,4,0
214,403,5,0
214,404,25,0
214,405,42,0
214,406,25,1
214,407,42,1
214,408,25,1
214,409,42,1
214,410,25,1
214,411,42,1
214,412,25,1
214,413,42,1
214,414,18,1
214,415,18,1
214,416,18,1
214,417,18,1
214,418,18,1
214,419,24,1
214,420,24,1
214,421,24,0
214,422,24,1
214,423,24,1
214,424,24,1
214,425,24,1
214,426,24,1
214,427,74,0
214,428,74,1
214,429,74,1
214,430,74,1
214,431,74,1
214,432,74,1
214,433,60,1
214,434,60,1
214,435,60,0
214,436,60,1
214,437,60,1
214,438,60,1
214,439,60,1
214,440,60,1
214,441,19,1
214,442,19,0
214,443,19,1
214,444,19,1
214,445,19,0
214,446,19,1
214,447,19,1
214,448,19,1
214,449,19,1
214,450,19,1
214,451,12,0
214,452,13,0
214,453,41,0
214,454,12,1
214,455,35,1
214,456,12,0
214,457,13,0
214,458,41,0
214,459,12,0
214,460,13,0
214,461,41,0
214,462,12,0
214,463,35,0
214,464,12,0
214,465,13,0
214,466,41,0
214,467,12,1
214,468,35,1
214,469,32,0
214,470,5,0
214,471,12,0
214,472,13,0
214,473,14,0
214,474,12,1
214,475,13,1
214,476,14,1
214,477,12,1
214,478,13,1
214,479,14,1
214,480,12,1
214,481,13,1
214,482,12,0
214,483,35,0
214,484,12,0
214,485,35,0
214,486,12,1
214,487,35,1
214,488,12,0
214,489,13,0
214,490,14,0
214,491,12,0
214,492,35,0
214,493,12,1
214,494,13,1
214,495,41,1
214,496,12,1
214,497,13,1
214,498,41,1
214,499,25,1
214,500,42,1
214,501,25,1
214,502,42,1
214,503,25,1
214,504,42,1
214,505,4,1
214,506,22,1
214,507,4,1
214,508,22,1
214,509,32,1
214,510,5,1
214,511,32,1
214,512,5,1
214,513,32,1
214,514,5,1
214,515,4,0
214,516,5,0
214,517,4,1
214,518,5,1
214,519,4,1
214,520,5,1
214,521,4,0
214,522,5,0
214,523,4,0
214,524,5,0
214,525,4,1
214,526,5,1
214,527,5,0
214,528,5,0
214,529,5,1
214,530,11,1
214,531,11,1
214,532,12,0
214,533,35,0
214,534,14,1
214,535,14,1
214,536,14,1
214,537,14,1
214,538,14,1
214,539,35,1
214,540,12,0
214,541,35,0
214,542,12,1
214,543,35,1
214,544,12,1
214,545,35,1
214,546,35,1
214,547,41,0
214,548,41,0
214,549,12,1
214,550,35,1
214,551,12,1
214,552,35,1
214,553,41,0
214,554,41,1
214,555,41,1
214,556,41,1
214,557,41,1
214,558,41,1
214,559,34,1
214,560,34,1
214,561,34,1
214,562,34,1
214,563,34,0
214,564,34,1
214,565,34,1
214,566,34,1
214,567,34,1
214,568,34,1
214,569,11,1
214,570,23,1
214,571,23,1
214,572,23,0
214,573,23,1
214,574,23,1
214,575,23,1
214,576,23,1
214,577,23,1
214,578,23,1
214,579,23,1
214,580,23,1
214,581,35,1
214,582,35,1
214,583,41,1
214,584,41,0
214,585,41,0
214,586,12,1
214,587,35,1
214,588,12,1
214,589,35,1
214,590,35,1
214,591,12,1
214,592,35,1
214,593,41,1
214,594,12,1
214,595,35,1
214,596,12,1
214,597,35,1
214,598,12,0
214,599,35,0
214,600,12,1
214,601,35,1
214,602,12,1
214,603,35,1
214,604,12,1
214,605,35,1
214,606,4,1
214,607,5,1
214,608,4,1
214,609,5,1
214,610,8,1
214,611,5,0
214,612,5,0
214,613,8,1
214,614,5,0
214,615,16,1
214,616,16,1
214,617,16,1
214,618,16,1
214,619,8,0
214,620,4,0
214,621,16,0
214,622,3,0
214,623,3,1
214,624,3,0
214,625,3,1
214,626,3,0
214,627,29,0
214,628,3,0
214,629,29,0
214,630,3,0
214,631,8,1
214,632,4,0
214,633,15,0
214,634,4,1
214,635,16,1
214,636,4,1
214,637,15,1
214,638,4,1
214,639,16,1
214,640,3,1
214,641,29,1
214,642,3,1
214,643,29,0
214,644,3,0
214,645,29,0
214,646,3,0
214,647,29,1
214,648,3,1
214,649,29,1
214,650,3,1
214,651,29,1
214,652,3,1
214,653,29,1
214,654,3,1
214,655,29,1
214,656,3,1
214,657,17,1
214,658,17,1
214,659,17,1
214,660,17,0
214,661,17,1
214,662,17,1
214,663,17,1
214,664,17,1
214,665,17,1
214,666,6,1
214,667,9,1
214,668,6,1
214,669,7,1
214,670,6,1
214,671,8,1
214,672,6,1
214,673,5,1
214,674,6,1
214,675,8,1
214,676,32,1
214,677,32,1
214,678,9,1
214,679,32,0
214,680,32,0
214,681,49,1
214,682,52,1
214,683,48,1
214,684,32,1
214,685,32,1
214,686,32,1
214,687,9,1
214,688,32,1
214,689,9,1
214,690,32,1
214,691,16,1
214,692,16,1
214,693,16,1
214,694,16,1
214,695,16,1
214,696,3,0
214,697,3,0
214,698,3,1
214,699,3,1
214,700,50,1
214,701,50,1
214,702,3,1
214,703,51,1
214,704,50,1
214,705,50,0
214,706,50,0
214,707,50,0
214,708,50,0
214,709,50,1
214,710,50,1
214,711,50,0
214,712,50,1
214,713,50,1
214,714,50,1
214,715,76,1
214,716,50,1
214,717,50,1
214,718,50,0
214,719,50,1
214,720,50,1
214,721,50,1
214,722,50,0
214,723,94,1
214,724,28,1
214,725,28,0
214,726,28,1
214,727,28,0
214,728,28,1
214,729,28,1
214,730,28,1
214,731,28,1
214,732,28,1
214,733,50,0
214,734,50,1
214,735,57,1
214,736,50,0
214,737,50,0
214,738,50,0
214,739,50,1
214,740,50,1
214,741,50,1
214,742,53,0
214,743,53,1
214,744,53,1
214,745,53,1
214,746,49,1
214,747,53,1
214,748,54,1
214,749,11,1
214,750,11,1
214,751,32,1
214,752,5,1
214,753,32,1
214,754,9,1
215,0,21,0
215,1,21,1
215,2,20,0
215,3,21,1
215,4,18,0
215,5,21,1
215,6,20,1
215,7,21,1
215,8,23,0
215,9,40,0
215,10,40,0
215,11,40,1
215,12,40,0
215,13,23,0
215,14,40,0
215,15,40,0
215,16,40,1
215,17,40,0
215,18,23,0
215,19,23,0
215,20,25,1
215,21,23,1
215,22,25,1
215,23,23,1
215,24,23,1
215,25,23,1
215,26,22,1
215,27,23,1
216,0,22,1
216,1,20,0
216,2,20,0
216,3,20,1
216,4,20,1
216,5,20,1
216,6,20,0
216,7,20,0
216,8,20,0
216,9,20,0
216,10,20,1
216,11,20,1
216,12,21,1
216,13,21,1
216,14,21,1
216,15,21,1
216,16,18,1
216,17,33,1
216,18,33,1
216,19,20,0
216,20,20,1
216,21,20,1
216,22,20,0
216,23,20,0
216,24,20,1
216,25,20,1
216,26,20,1
216,27,37,1
216,28,37,1
216,29,37,1
216,30,30,1
216,31,30,1
216,32,37,1
216,33,30,1
216,34,69,0
216,35,69,1
216,36,69,0
216,37,69,0
216,38,69,0
216,39,69,0
216,40,69,0
216,41,69,0
216,42,69,1
216,43,69,1
216,44,69,0
216,45,69,0
216,46,69,0
216,47,69,0
216,48,69,1
216,49,69,1
216,50,69,1
216,51,69,1
216,52,69,1
216,53,69,1
216,54,24,1
216,55,24,0
216,56,24,0
216,57,24,1
216,58,24,0
216,59,24,1
216,60,24,1
216,61,19,0
216,62,19,1
216,63,19,1
216,64,19,0
216,65,19,1
216,66,19,1
216,67,19,0
216,68,19,0
216,69,19,1
216,70,19,1
216,71,19,1
216,72,60,0
216,73,60,1
216,74,60,1
216,75,60,1
216,76,19,0
216,77,19,1
216,78,19,0
216,79,19,1
216,80,19,1
216,81,19,1
216,82,27,1
216,83,40,1
216,84,59,1
216,85,34,1
216,86,34,1
216,87,34,0
216,88,34,1
216,89,34,0
216,90,34,1
216,91,34,0
216,92,34,0
216,93,34,1
216,94,34,0
216,95,34,0
216,96,34,1
216,97,34,1
216,98,34,1
216,99,41,1
216,100,41,1
216,101,41,0
216,102,41,1
216,103,41,1
216,104,41,1
216,105,35,0
216,106,35,1
216,107,35,1
216,108,35,1
216,109,21,0
216,110,21,0
216,111,21,1
216,112,21,1
216,113,21,1
216,114,14,1
216,115,14,1
216,116,36,0
216,117,36,0
216,118,36,0
216,119,36,0
216,120,36,0
216,121,36,0
216,122,36,0
216,123,36,0
216,124,36,0
216,125,36,0
216,126,36,0
216,127,36,1
216,128,36,1
216,129,36,1
216,130,26,0
216,131,26,1
216,132,26,1
216,133,26,1
216,134,26,1
216,135,26,1
216,136,26,0
216,137,26,0
216,138,26,1
216,139,26,1
216,140,26,1
216,141,70,0
216,142,70,1
216,143,70,1
216,144,70,1
216,145,70,1
216,146,70,0
216,147,26,1
216,148,26,1
216,149,70,1
216,150,70,1
216,151,70,1
216,152,70,0
216,153,70,0
216,154,70,0
216,155,26,1
216,156,26,1
216,157,26,1
216,158,70,0
216,159,70,1
216,160,70,0
216,161,70,0
216,162,70,0
216,163,70,0
216,164,70,0
216,165,70,1
216,166,70,1
216,167,70,0
216,168,70,1
216,169,70,1
216,170,70,1
216,171,70,1
216,172,70,1
216,173,70,0
216,174,70,1
216,175,70,0
216,176,70,1
216,177,70,1
216,178,70,1
216,179,70,1
216,180,70,1
216,181,70,1
216,182,70,0
216,183,70,1
216,184,70,1
216,185,70,1
216,186,70,0
216,187,70,1
216,188,70,1
216,189,70,1
216,190,70,0
216,191,70,1
216,192,70,1
216,193,70,0
216,194,70,1
216,195,70,0
216,196,70,1
216,197,70,1
216,198,70,1
216,199,70,1
216,200,70,1
216,201,70,1
216,202,70,1
216,203,70,1
216,204,70,1
216,205,70,1
216,206,70,1
216,207,70,1
216,208,70,1
216,209,70,1
216,210,26,0
216,211,26,1
216,212,26,1
216,213,26,1
216,214,26,0
216,215,26,1
216,216,26,1
216,217,26,1
216,218,26,0
216,219,26,1
216,220,26,1
216,221,26,1
216,222,26,0
216,223,26,1
216,224,26,1
216,225,58,0
216,226,58,1
216,227,58,1
216,228,58,0
216,229,58,0
216,230,58,0
216,231,58,0
216,232,58,1
216,233,58,1
216,234,58,1
216,235,26,0
216,236,26,1
216,237,26,0
216,238,26,1
216,239,26,1
216,240,26,1
216,241,26,0
216,242,26,1
216,243,26,1
216,244,26,1
216,245,26,1
216,246,26,0
216,247,26,1
216,248,26,1
216,249,26,1
216,250,26,1
216,251,26,0
216,252,26,0
216,253,26,1
216,254,26,1
216,255,26,0
216,256,26,1
216,257,26,1
216,258,26,1
216,259,26,0
216,260,26,1
216,261,26,1
216,262,26,1
216,263,26,0
216,264,26,1
216,265,26,1
216,266,26,1
216,267,26,0
216,268,26,1
216,269,26,1
216,270,26,1
216,271,26,0
216,272,26,1
216,273,26,1
216,274,26,1
216,275,26,0
216,276,58,1
216,277,58,1
216,278,58,1
216,279,26,0
216,280,26,1
216,281,26,1
216,282,26,1
216,283,42,0
216,284,42,1
216,285,42,0
216,286,42,1
216,287,42,0
216,288,42,1
216,289,42,0
216,290,42,1
216,291,42,1
216,292,42,1
216,293,25,1
216,294,42,1
216,295,25,1
216,296,42,1
216,297,25,0
216,298,42,0
216,299,25,0
216,300,42,0
216,301,25,0
216,302,42,0
216,303,25,1
216,304,42,1
216,305,25,1
216,306,42,1
216,307,25,1
216,308,42,1
216,309,25,0
216,310,42,0
216,311,25,1
216,312,42,1
216,313,25,1
216,314,42,1
216,315,25,1
216,316,42,1
216,317,42,0
216,318,43,0
216,319,42,1
216,320,43,1
216,321,42,1
216,322,43,1
216,323,42,1
216,324,43,1
216,325,42,1
216,326,43,1
216,327,42,1
216,328,43,1
216,329,25,0
216,330,42,0
216,331,25,1
216,332,42,1
216,333,25,1
216,334,42,1
216,335,25,1
216,336,42,1
216,337,25,1
216,338,42,1
216,339,25,1
216,340,42,1
216,341,25,1
216,342,42,1
216,343,25,1
216,344,42,1
216,345,26,1
216,346,72,0
216,347,72,1
216,348,72,1
216,349,72,1
216,350,43,0
216,351,43,0
216,352,43,1
216,353,43,1
216,354,43,1
216,355,43,1
216,356,43,1
216,357,66,0
216,358,66,0
216,359,66,1
216,360,66,0
216,361,66,0
216,362,66,0
216,363,66,0
216,364,66,1
216,365,66,1
216,366,66,0
216,367,66,1
216,368,66,1
216,369,66,1
216,370,66,1
216,371,66,0
216,372,66,0
216,373,66,1
216,374,66,1
216,375,66,0
216,376,66,0
216,377,66,1
216,378,66,1
216,379,66,0
216,380,66,0
216,381,68,0
216,382,68,0
216,383,68,1
216,384,68,1
216,385,68,1
216,386,68,1
216,387,1,0
216,388,1,1
216,389,1,0
216,390,1,1
216,391,1,0
216,392,1,1
216,393,1,1
216,394,1,1
216,395,1,1
216,396,1,1
216,397,1,0
216,398,1,1
216,399,1,1
216,400,1,1
216,401,1,1
216,402,1,1
216,403,1,1
216,404,1,1
216,405,1,1
216,406,1,1
216,407,1,1
216,408,2,0
216,409,2,0
216,410,2,1
216,411,2,0
216,412,2,1
216,413,2,1
216,414,2,1
216,415,82,0
216,416,81,1
216,417,1,1
216,418,1,1
216,419,66,1
216,420,66,1
216,421,66,0
216,422,66,0
216,423,66,1
216,424,66,1
216,425,66,0
216,426,66,1
216,427,66,1
216,428,66,1
216,429,66,1
216,430,66,1
216,431,31,1
216,432,31,0
216,433,31,1
216,434,31,1
216,435,31,0
216,436,31,1
216,437,31,0
216,438,31,1
216,439,31,1
216,440,31,1
216,441,31,1
216,442,80,1
216,443,57,1
216,444,28,0
216,445,28,0
216,446,28,1
216,447,28,0
216,448,28,1
216,449,28,1
216,450,28,1
216,451,28,1
216,452,28,1
216,453,28,1
216,454,28,1
216,455,26,1
216,456,84,0
216,457,28,0
216,458,84,1
216,459,28,1
216,460,84,1
216,461,28,1
216,462,84,1
216,463,28,1
216,464,64,0
216,465,64,0
216,466,64,1
216,467,64,1
216,468,64,1
216,469,85,0
216,470,64,1
216,471,64,1
216,472,85,0
216,473,85,1
216,474,85,1
216,475,64,1
216,476,39,1
216,477,86,0
216,478,86,1
216,479,86,1
216,480,86,1
216,481,87,1
216,482,75,0
216,483,75,0
216,484,75,0
216,485,75,0
216,486,75,1
216,487,75,1
216,488,10,0
216,489,10,1
216,490,10,1
216,491,10,1
216,492,10,1
216,493,10,0
216,494,10,1
216,495,10,0
216,496,10,1
216,497,10,1
216,498,10,1
216,499,10,1
216,500,10,1
216,501,10,0
216,502,35,0
216,503,10,0
216,504,35,0
216,505,10,0
216,506,35,0
216,507,10,1
216,508,35,1
216,509,10,1
216,510,35,1
216,511,10,0
216,512,35,0
216,513,10,1
216,514,35,1
216,515,6,0
216,516,5,0
216,517,6,0
216,518,7,0
216,519,26,0
216,520,26,1
216,521,26,1
216,522,26,1
216,523,26,1
216,524,26,1
216,525,10,1
216,526,35,1
216,527,10,1
216,528,35,1
216,529,10,1
216,530,35,1
216,531,10,1
216,532,35,1
216,533,6,1
216,534,7,1
216,535,6,1
216,536,9,1
216,537,6,1
216,538,8,1
216,539,6,0
216,540,9,0
216,541,6,1
216,542,9,1
216,543,6,1
216,544,8,1
216,545,6,1
216,546,9,1
216,547,17,1
216,548,17,1
216,549,11,1
216,550,4,0
216,551,9,0
216,552,4,1
216,553,9,1
216,554,4,1
216,555,9,1
216,556,4,1
216,557,9,1
216,558,4,0
216,559,5,0
216,560,4,1
216,561,5,1
216,562,4,1
216,563,5,1
216,564,4,1
216,565,5,1
216,566,50,1
216,567,50,1
216,568,4,1
216,569,7,1
216,570,4,1
216,571,7,1
216,572,8,0
216,573,5,1
216,574,25,1
216,575,42,1
216,576,9,1
216,577,5,0
216,578,5,1
216,579,5,1
216,580,9,1
216,581,8,1
216,582,4,1
216,583,22,1
216,584,25,0
216,585,42,0
216,586,25,1
216,587,42,1
216,588,25,1
216,589,42,1
216,590,25,0
216,591,42,0
216,592,25,1
216,593,42,1
216,594,25,1
216,595,42,1
216,596,25,1
216,597,42,1
216,598,25,1
216,599,42,1
216,600,25,1
216,601,42,1
216,602,25,1
216,603,42,1
216,604,25,1
216,605,42,1
216,606,3,0
216,607,3,1
216,608,3,1
216,609,3,1
216,610,29,1
216,611,25,1
216,612,42,1
216,613,25,1
216,614,42,1
216,615,25,1
216,616,42,1
216,617,25,1
216,618,42,1
216,619,25,1
216,620,42,1
216,621,32,0
216,622,9,0
216,623,32,1
216,624,9,1
216,625,32,1
216,626,9,1
216,627,32,0
216,628,5,0
216,629,32,0
216,630,9,0
216,631,32,0
216,632,5,0
216,633,32,1
216,634,5,1
216,635,32,1
216,636,5,1
216,637,32,1
216,638,5,1
216,639,12,0
216,640,13,0
216,641,41,0
216,642,12,1
216,643,13,1
216,644,41,1
216,645,12,0
216,646,13,0
216,647,41,0
216,648,12,0
216,649,35,0
216,650,12,1
216,651,35,1
216,652,12,1
216,653,35,1
216,654,12,1
216,655,13,1
216,656,41,1
216,657,18,1
216,658,18,1
216,659,18,0
216,660,18,1
216,661,18,1
216,662,18,1
216,663,18,1
216,664,18,1
216,665,24,1
216,666,24,0
216,667,24,1
216,668,24,1
216,669,24,0
216,670,24,1
216,671,24,0
216,672,24,1
216,673,24,1
216,674,24,1
216,675,74,0
216,676,74,1
216,677,74,1
216,678,74,1
216,679,74,1
216,680,74,1
216,681,60,0
216,682,60,1
216,683,60,0
216,684,60,1
216,685,60,1
216,686,60,1
216,687,60,1
216,688,60,0
216,689,60,1
216,690,60,1
216,691,19,1
216,692,19,1
216,693,19,1
216,694,19,0
216,695,19,1
216,696,19,1
216,697,19,1
216,698,19,1
216,699,19,1
216,700,12,1
216,701,13,1
216,702,12,1
216,703,13,1
216,704,24,0
216,705,24,1
216,706,24,1
216,707,24,1
216,708,24,1
216,709,24,1
216,710,60,1
216,711,60,1
216,712,60,1
216,713,12,1
216,714,35,1
216,715,12,1
216,716,35,1
216,717,11,0
216,718,11,1
216,719,11,1
216,720,11,0
216,721,11,0
216,722,11,1
216,723,11,1
216,724,11,1
216,725,11,1
216,726,14,0
216,727,14,1
216,728,14,1
216,729,14,1
216,730,14,1
216,731,14,1
216,732,12,0
216,733,35,0
216,734,41,0
216,735,41,0
216,736,12,1
216,737,35,1
216,738,12,0
216,739,35,0
216,740,41,0
216,741,35,0
216,742,41,1
216,743,12,0
216,744,35,0
216,745,35,1
216,746,41,1
216,747,41,1
216,748,41,1
216,749,41,1
216,750,41,1
216,751,34,1
216,752,34,1
216,753,34,1
216,754,34,1
216,755,34,1
216,756,12,1
216,757,35,1
216,758,41,1
216,759,41,1
216,760,35,0
216,761,35,1
216,762,12,1
216,763,35,1
216,764,12,1
216,765,35,1
216,766,35,1
216,767,41,0
216,768,35,0
216,769,16,1
216,770,16,0
216,771,16,1
216,772,16,0
216,773,16,1
216,774,41,1
216,775,41,1
216,776,41,1
216,777,12,1
216,778,35,1
216,779,35,0
216,780,35,1
216,781,35,1
216,782,35,1
216,783,35,1
216,784,35,1
216,785,16,1
216,786,16,1
216,787,16,1
216,788,16,1
216,789,4,1
216,790,15,1
216,791,4,1
216,792,15,1
216,793,3,0
216,794,3,0
216,795,3,0
216,796,29,0
216,797,3,0
216,798,3,0
216,799,3,1
216,800,29,0
216,801,3,0
216,802,23,0
216,803,23,1
216,804,23,1
216,805,23,0
216,806,23,1
216,807,29,0
216,808,3,0
216,809,29,0
216,810,3,0
216,811,29,1
216,812,3,1
216,813,29,0
216,814,3,0
216,815,29,1
216,816,3,1
216,817,29,0
216,818,3,0
216,819,29,1
216,820,3,1
216,821,29,1
216,822,3,1
216,823,29,1
216,824,3,1
216,825,29,0
216,826,3,0
216,827,29,0
216,828,3,0
216,829,29,1
216,830,3,1
216,831,52,1
216,832,52,1
216,833,16,0
216,834,48,1
216,835,17,1
216,836,17,1
216,837,17,1
216,838,17,1
216,839,17,1
216,840,6,1
216,841,9,1
216,842,6,0
216,843,5,0
216,844,23,1
216,845,23,1
216,846,23,1
216,847,23,0
216,848,23,1
216,849,23,1
216,850,23,1
216,851,23,1
216,852,23,1
216,853,51,1
216,854,51,1
216,855,50,0
216,856,50,0
216,857,28,0
216,858,28,1
216,859,28,1
216,860,28,0
216,861,28,1
216,862,28,1
216,863,28,1
216,864,28,1
216,865,28,1
217,0,22,1
217,1,20,1
217,2,20,1
217,3,20,1
217,4,21,1
217,5,42,0
217,6,21,1
217,7,21,1
217,8,21,1
217,9,21,1
217,10,21,1
217,11,18,0
217,12,33,0
217,13,33,1
217,14,33,1
217,15,33,0
217,16,33,1
217,17,18,1
217,18,18,1
217,19,33,1
217,20,37,1
217,21,37,1
217,22,37,0
217,23,37,1
217,24,37,1
217,25,37,0
217,26,37,1
217,27,37,1
217,28,37,1
217,29,33,1
217,30,33,1
217,31,30,1
217,32,30,1
217,33,37,1
217,34,30,1
217,35,69,0
217,36,69,1
217,37,69,0
217,38,69,1
217,39,69,1
217,40,69,0
217,41,69,1
217,42,69,0
217,43,69,1
217,44,69,1
217,45,69,1
217,46,69,0
217,47,69,1
217,48,69,1
217,49,69,1
217,50,24,1
217,51,24,1
217,52,24,1
217,53,19,1
217,54,19,1
217,55,60,0
217,56,60,0
217,57,60,1
217,58,60,1
217,59,60,0
217,60,60,0
217,61,60,1
217,62,27,1
217,63,27,1
217,64,59,1
217,65,60,1
217,66,60,0
217,67,34,1
217,68,34,0
217,69,34,0
217,70,34,1
217,71,34,1
217,72,34,1
217,73,34,1
217,74,41,0
217,75,41,0
217,76,41,1
217,77,41,1
217,78,41,1
217,79,35,0
217,80,35,1
217,81,35,1
217,82,35,1
217,83,21,1
217,84,14,0
217,85,14,1
217,86,14,1
217,87,14,1
217,88,14,1
217,89,26,1
217,90,26,0
217,91,26,1
217,92,26,0
217,93,26,0
217,94,26,0
217,95,26,0
217,96,26,0
217,97,26,1
217,98,26,1
217,99,26,1
217,100,70,0
217,101,70,1
217,102,70,1
217,103,70,1
217,104,70,0
217,105,70,1
217,106,70,1
217,107,70,1
217,108,70,0
217,109,70,1
217,110,70,1
217,111,70,1
217,112,70,0
217,113,70,1
217,114,70,1
217,115,70,1
217,116,70,0
217,117,70,1
217,118,70,1
217,119,70,1
217,120,70,1
217,121,70,1
217,122,70,0
217,123,70,1
217,124,70,1
217,125,70,1
217,126,70,0
217,127,70,1
217,128,26,1
217,129,26,1
217,130,26,1
217,131,58,1
217,132,58,1
217,133,26,0
217,134,26,1
217,135,26,1
217,136,42,0
217,137,42,1
217,138,42,1
217,139,42,1
217,140,25,1
217,141,42,1
217,142,25,0
217,143,42,0
217,144,25,1
217,145,42,1
217,146,25,0
217,147,42,0
217,148,25,0
217,149,42,0
217,150,25,0
217,151,42,0
217,152,25,1
217,153,42,1
217,154,25,1
217,155,42,1
217,156,25,1
217,157,42,1
217,158,25,0
217,159,42,0
217,160,25,0
217,161,42,0
217,162,25,0
217,163,42,0
217,164,72,0
217,165,72,1
217,166,72,1
217,167,72,0
217,168,72,1
217,169,26,0
217,170,26,1
217,171,26,1
217,172,26,1
217,173,43,0
217,174,66,0
217,175,66,0
217,176,72,1
217,177,72,0
217,178,72,1
217,179,70,0
217,180,25,1
217,181,42,1
217,182,25,1
217,183,42,1
217,184,68,1
217,185,68,0
217,186,68,1
217,187,68,1
217,188,68,1
217,189,70,1
217,190,70,1
217,191,70,1
217,192,70,0
217,193,70,1
217,194,70,0
217,195,70,1
217,196,70,1
217,197,70,0
217,198,70,1
217,199,70,1
217,200,70,1
217,201,70,1
217,202,70,1
217,203,1,0
217,204,1,0
217,205,1,1
217,206,1,1
217,207,1,1
217,208,1,1
217,209,1,0
217,210,1,1
217,211,1,0
217,212,1,1
217,213,1,1
217,214,1,1
217,215,1,0
217,216,1,1
217,217,1,0
217,218,1,0
217,219,1,0
217,220,1,1
217,221,1,1
217,222,1,1
217,223,1,1
217,224,1,1
217,225,1,1
217,226,1,0
217,227,1,1
217,228,1,1
217,229,1,0
217,230,1,1
217,231,1,1
217,232,1,1
217,233,1,1
217,234,1,1
217,235,1,0
217,236,1,1
217,237,1,1
217,238,2,0
217,239,2,0
217,240,2,0
217,241,2,0
217,242,2,0
217,243,2,0
217,244,2,0
217,245,2,0
217,246,2,0
217,247,2,1
217,248,83,1
217,249,31,0
217,250,31,0
217,251,31,1
217,252,31,1
217,253,31,1
217,254,31,0
217,255,31,1
217,256,31,1
217,257,31,1
217,258,31,1
217,259,42,1
217,260,43,1
217,261,42,1
217,262,43,1
217,263,42,1
217,264,43,1
217,265,72,1
217,266,72,0
217,267,72,1
217,268,72,1
217,269,72,1
217,270,43,1
217,271,43,1
217,272,43,1
217,273,43,1
217,274,43,1
217,275,66,1
217,276,66,1
217,277,66,0
217,278,66,0
217,279,26,1
217,280,26,1
217,281,26,1
217,282,26,1
217,283,26,1
217,284,70,0
217,285,70,0
217,286,70,0
217,287,70,1
217,288,70,1
217,289,70,1
217,290,70,0
217,291,70,1
217,292,70,1
217,293,70,1
217,294,70,1
217,295,70,0
217,296,70,1
217,297,70,1
217,298,70,1
217,299,70,1
217,300,70,0
217,301,70,1
217,302,70,1
217,303,70,1
217,304,70,0
217,305,70,1
217,306,70,1
217,307,70,1
217,308,70,1
217,309,26,0
217,310,26,1
217,311,26,1
217,312,26,1
217,313,26,0
217,314,26,1
217,315,26,0
217,316,26,1
217,317,26,0
217,318,26,1
217,319,26,0
217,320,26,1
217,321,26,1
217,322,26,0
217,323,26,1
217,324,26,1
217,325,26,1
217,326,26,0
217,327,26,1
217,328,26,1
217,329,26,1
217,330,26,0
217,331,26,1
217,332,26,1
217,333,26,1
217,334,26,1
217,335,26,1
217,336,26,1
217,337,26,1
217,338,70,0
217,339,70,0
217,340,70,0
217,341,70,1
217,342,70,1
217,343,70,1
217,344,70,0
217,345,70,1
217,346,70,1
217,347,70,1
217,348,70,1
217,349,70,0
217,350,70,1
217,351,70,1
217,352,70,1
217,353,70,1
217,354,70,0
217,355,70,1
217,356,70,1
217,357,70,1
217,358,70,1
217,359,70,0
217,360,70,1
217,361,70,1
217,362,70,1
217,363,70,0
217,364,70,1
217,365,70,0
217,366,70,1
217,367,70,1
217,368,70,1
217,369,70,1
217,370,80,0
217,371,18,0
217,372,80,1
217,373,18,1
217,374,80,1
217,375,18,1
217,376,80,0
217,377,80,1
217,378,18,1
217,379,36,0
217,380,36,0
217,381,36,0
217,382,36,1
217,383,36,1
217,384,36,0
217,385,36,1
217,386,36,1
217,387,70,1
217,388,70,1
217,389,26,1
217,390,66,1
217,391,66,1
217,392,66,0
217,393,66,0
217,394,66,1
217,395,66,0
217,396,66,1
217,397,66,0
217,398,66,0
217,399,66,1
217,400,66,0
217,401,66,1
217,402,66,1
217,403,80,1
217,404,18,1
217,405,80,1
217,406,18,1
217,407,1,1
217,408,1,1
217,409,2,1
217,410,2,1
217,411,2,1
217,412,2,1
217,413,57,1
217,414,36,0
217,415,36,1
217,416,36,1
217,417,36,1
217,418,28,1
217,419,28,0
217,420,52,1
217,421,28,1
217,422,28,1
217,423,28,1
217,424,28,1
217,425,28,0
217,426,28,1
217,427,28,1
217,428,28,1
217,429,28,1
217,430,84,0
217,431,28,0
217,432,84,1
217,433,28,1
217,434,84,1
217,435,28,1
217,436,84,0
217,437,28,0
217,438,84,1
217,439,28,1
217,440,84,1
217,441,28,1
217,442,84,1
217,443,28,1
217,444,64,1
217,445,85,0
217,446,85,0
217,447,85,1
217,448,85,1
217,449,64,1
217,450,39,0
217,451,39,1
217,452,39,1
217,453,39,1
217,454,86,0
217,455,86,1
217,456,86,1
217,457,86,1
217,458,86,1
217,459,75,0
217,460,75,1
217,461,75,1
217,462,75,0
217,463,75,0
217,464,75,1
217,465,75,0
217,466,75,0
217,467,75,0
217,468,75,1
217,469,75,0
217,470,75,0
217,471,75,1
217,472,75,0
217,473,75,1
217,474,75,0
217,475,75,0
217,476,75,0
217,477,75,1
217,478,75,0
217,479,75,0
217,480,75,0
217,481,75,1
217,482,75,0
217,483,75,0
217,484,75,0
217,485,75,1
217,486,75,1
217,487,75,0
217,488,75,1
217,489,75,1
217,490,75,1
217,491,10,1
217,492,10,1
217,493,10,0
217,494,10,0
217,495,10,1
217,496,10,0
217,497,10,0
217,498,10,1
217,499,10,0
217,500,10,1
217,501,10,1
217,502,10,0
217,503,10,1
217,504,10,0
217,505,10,0
217,506,10,1
217,507,10,1
217,508,10,0
217,509,10,1
217,510,10,1
217,511,10,1
217,512,10,1
217,513,10,1
217,514,10,1
217,515,10,0
217,516,35,0
217,517,10,1
217,518,35,1
217,519,10,1
217,520,35,1
217,521,10,0
217,522,35,0
217,523,10,1
217,524,35,1
217,525,10,0
217,526,35,0
217,527,10,0
217,528,35,0
217,529,10,1
217,530,35,1
217,531,10,1
217,532,35,1
217,533,10,1
217,534,35,1
217,535,10,1
217,536,35,1
217,537,10,1
217,538,35,1
217,539,6,1
217,540,9,1
217,541,6,1
217,542,7,1
217,543,6,0
217,544,8,0
217,545,6,1
217,546,9,1
217,547,6,1
217,548,7,1
217,549,6,1
217,550,8,1
217,551,17,1
217,552,17,1
217,553,17,1
217,554,11,1
217,555,4,0
217,556,9,0
217,557,4,0
217,558,9,0
217,559,4,1
217,560,9,1
217,561,4,1
217,562,9,1
217,563,4,1
217,564,9,1
217,565,4,0
217,566,5,0
217,567,4,0
217,568,5,0
217,569,4,0
217,570,5,0
217,571,4,1
217,572,5,1
217,573,4,0
217,574,5,0
217,575,4,0
217,576,5,0
217,577,4,0
217,578,5,0
217,579,4,0
217,580,5,0
217,581,4,0
217,582,5,0
217,583,4,1
217,584,7,1
217,585,4,1
217,586,7,1
217,587,50,0
217,588,50,0
217,589,50,1
217,590,50,1
217,591,50,0
217,592,50,1
217,593,50,1
217,594,5,1
217,595,4,1
217,596,5,1
217,597,4,1
217,598,5,1
217,599,4,1
217,600,5,1
217,601,8,0
217,602,8,1
217,603,5,1
217,604,9,1
217,605,25,0
217,606,42,0
217,607,25,1
217,608,42,1
217,609,25,0
217,610,42,0
217,611,4,1
217,612,22,1
217,613,25,0
217,614,42,0
217,615,25,1
217,616,42,1
217,617,25,0
217,618,42,0
217,619,4,1
217,620,22,1
217,621,4,1
217,622,22,1
217,623,4,0
217,624,22,0
217,625,4,0
217,626,22,0
217,627,25,1
217,628,42,1
217,629,25,0
217,630,42,0
217,631,25,1
217,632,42,1
217,633,25,1
217,634,42,1
217,635,25,1
217,636,42,1
217,637,25,1
217,638,42,1
217,639,25,1
217,640,42,1
217,641,25,1
217,642,42,1
217,643,25,1
217,644,42,1
217,645,3,0
217,646,3,1
217,647,3,1
217,648,3,1
217,649,4,0
217,650,22,0
217,651,4,0
217,652,22,0
217,653,4,1
217,654,22,1
217,655,4,1
217,656,22,1
217,657,4,1
217,658,22,1
217,659,29,1
217,660,25,0
217,661,42,0
217,662,25,1
217,663,42,1
217,664,25,1
217,665,42,1
217,666,4,1
217,667,22,1
217,668,4,1
217,669,22,1
217,670,4,1
217,671,22,1
217,672,25,1
217,673,42,1
217,674,25,1
217,675,42,1
217,676,25,1
217,677,42,1
217,678,25,1
217,679,42,1
217,680,25,1
217,681,42,1
217,682,32,0
217,683,5,0
217,684,32,1
217,685,5,1
217,686,32,0
217,687,5,0
217,688,32,0
217,689,5,0
217,690,32,0
217,691,9,0
217,692,12,1
217,693,13,1
217,694,41,1
217,695,32,0
217,696,5,0
217,697,32,1
217,698,5,1
217,699,32,1
217,700,5,1
217,701,32,0
217,702,9,0
217,703,32,1
217,704,5,1
217,705,32,1
217,706,5,1
217,707,32,1
217,708,5,1
217,709,12,1
217,710,13,1
217,711,14,1
217,712,12,0
217,713,13,0
217,714,12,1
217,715,13,1
217,716,12,1
217,717,13,1
217,718,12,1
217,719,13,1
217,720,14,1
217,721,12,1
217,722,35,1
217,723,12,1
217,724,35,1
217,725,18,1
217,726,18,0
217,727,18,1
217,728,18,1
217,729,18,1
217,730,18,1
217,731,18,1
217,732,24,1
217,733,24,1
217,734,24,1
217,735,24,1
217,736,24,1
217,737,74,1
217,738,74,1
217,739,74,1
217,740,74,1
217,741,74,1
217,742,60,1
217,743,60,0
217,744,60,0
217,745,60,0
217,746,60,1
217,747,60,0
217,748,11,0
217,749,11,0
217,750,11,0
217,751,11,0
217,752,11,0
217,753,11,1
217,754,60,1
217,755,60,1
217,756,60,1
217,757,60,1
217,758,60,1
217,759,19,1
217,760,19,1
217,761,19,1
217,762,19,1
217,763,19,1
217,764,14,1
217,765,14,1
217,766,14,0
217,767,14,0
217,768,14,1
217,769,14,0
217,770,14,1
217,771,14,1
217,772,14,1
217,773,14,1
217,774,12,1
217,775,35,1
217,776,35,0
217,777,35,1
217,778,41,1
217,779,12,1
217,780,35,1
217,781,12,1
217,782,35,1
217,783,35,1
217,784,41,1
217,785,41,1
217,786,41,1
217,787,41,1
217,788,41,1
217,789,34,1
217,790,34,1
217,791,34,1
217,792,34,1
217,793,34,1
217,794,14,1
217,795,23,0
217,796,23,1
217,797,23,1
217,798,23,1
217,799,23,1
217,800,23,1
217,801,23,0
217,802,23,1
217,803,23,1
217,804,23,1
217,805,23,1
217,806,23,1
217,807,11,0
217,808,11,1
217,809,11,1
217,810,11,1
217,811,16,1
217,812,16,1
217,813,16,0
217,814,16,1
217,815,16,1
217,816,16,1
217,817,4,1
217,818,15,1
217,819,4,1
217,820,15,1
217,821,3,0
217,822,3,0
217,823,3,0
217,824,3,0
217,825,3,1
217,826,3,1
217,827,3,1
217,828,29,0
217,829,3,0
217,830,29,0
217,831,3,0
217,832,29,0
217,833,3,0
217,834,29,1
217,835,3,1
217,836,29,1
217,837,3,1
217,838,29,1
217,839,3,1
217,840,29,0
217,841,3,0
217,842,29,1
217,843,3,1
217,844,17,1
217,845,17,1
217,846,17,1
217,847,17,1
217,848,17,1
217,849,6,1
217,850,9,1
217,851,6,0
217,852,8,0
217,853,6,1
217,854,8,1
217,855,6,1
217,856,5,1
217,857,6,1
217,858,7,1
217,859,6,1
217,860,7,1
217,861,6,0
217,862,5,0
217,863,6,1
217,864,8,1
217,865,6,0
217,866,8,0
217,867,6,0
217,868,8,0
217,869,32,1
217,870,32,1
217,871,32,0
217,872,9,0
217,873,32,1
217,874,32,1
217,875,9,1
217,876,32,1
217,877,32,0
217,878,9,0
217,879,32,1
217,880,32,1
217,881,9,1
217,882,32,1
217,883,9,1
217,884,29,0
217,885,3,0
217,886,16,1
217,887,29,0
217,888,3,0
217,889,52,1
217,890,6,0
217,891,8,0
217,892,6,1
217,893,8,1
217,894,6,1
217,895,9,1
217,896,6,0
217,897,5,0
217,898,6,1
217,899,5,1
217,900,6,1
217,901,9,1
217,902,6,1
217,903,9,1
217,904,6,1
217,905,5,1
217,906,6,1
217,907,8,1
217,908,32,1
217,909,32,1
217,910,52,1
217,911,48,1
217,912,16,1
217,913,16,1
217,914,16,0
217,915,16,1
217,916,16,1
217,917,16,1
217,918,16,1
217,919,16,1
217,920,3,1
217,921,3,1
217,922,50,0
217,923,50,0
217,924,50,1
217,925,50,0
217,926,50,1
217,927,50,0
217,928,50,0
217,929,3,0
217,930,3,1
217,931,3,1
217,932,50,1
217,933,50,1
217,934,51,1
217,935,51,1
217,936,50,0
217,937,50,0
217,938,50,0
217,939,96,1
217,940,50,1
217,941,50,1
217,942,50,0
217,943,50,0
217,944,50,0
217,945,57,1
217,946,50,0
217,947,50,0
217,948,50,1
217,949,50,0
217,950,50,0
217,951,50,1
217,952,50,1
217,953,50,0
217,954,50,1
217,955,50,0
217,956,50,1
217,957,50,0
217,958,50,1
217,959,50,0
217,960,50,1
217,961,50,0
217,962,50,1
217,963,50,0
217,964,50,1
217,965,50,0
217,966,50,1
217,967,50,1
217,968,50,1
217,969,50,1
217,970,50,0
217,971,50,0
217,972,50,1
217,973,50,1
217,974,50,1
217,975,50,1
217,976,50,1
217,977,50,0
217,978,50,1
217,979,50,1
217,980,53,0
217,981,53,1
217,982,53,1
217,983,54,1
217,984,49,1
217,985,53,1
217,986,54,1
217,987,94,0
217,988,94,1
217,989,93,0
217,990,94,1
217,991,94,1
217,992,92,0
217,993,92,0
217,994,28,0
217,995,28,0
217,996,28,1
217,997,28,1
217,998,28,1
217,999,28,1
217,1000,28,1
217,1001,93,0
217,1002,92,0
217,1003,93,1
217,1004,92,0
217,1005,94,0
217,1006,92,0
217,1007,93,1
217,1008,92,0
217,1009,93,1
218,0,37,0
218,1,37,1
218,2,37,1
218,3,37,1
218,4,37,1
218,5,30,1
218,6,30,1
218,7,37,1
218,8,30,1
218,9,37,1
218,10,24,1
218,11,24,1
218,12,24,0
218,13,24,1
218,14,24,1
218,15,24,1
218,16,27,0
218,17,27,0
218,18,27,0
218,19,27,1
218,20,27,1
218,21,27,1
218,22,27,1
218,23,59,1
218,24,40,1
218,25,40,1
218,26,19,0
218,27,20,1
218,28,20,1
218,29,19,1
218,30,21,1
218,31,21,1
218,32,21,1
218,33,60,0
218,34,34,0
218,35,34,1
218,36,34,1
218,37,34,1
218,38,34,1
218,39,34,0
218,40,34,1
218,41,34,1
218,42,34,0
218,43,34,1
218,44,34,0
218,45,34,1
218,46,34,1
218,47,34,1
218,48,60,1
218,49,19,1
218,50,19,1
218,51,60,1
218,52,60,1
218,53,18,1
218,54,21,1
218,55,41,1
218,56,35,1
218,57,14,1
218,58,14,1
218,59,36,1
218,60,26,1
218,61,26,1
218,62,26,1
218,63,26,1
218,64,26,1
218,65,58,1
218,66,26,1
218,67,77,0
218,68,79,0
218,69,77,1
218,70,79,1
218,71,77,1
218,72,79,1
218,73,77,1
218,74,79,1
218,75,77,0
218,76,79,0
218,77,77,1
218,78,79,1
218,79,77,1
218,80,79,1
218,81,77,0
218,82,79,0
218,83,77,1
218,84,79,1
218,85,77,1
218,86,79,1
218,87,42,1
218,88,25,1
218,89,42,1
218,90,25,1
218,91,42,1
218,92,25,1
218,93,42,1
218,94,42,1
218,95,43,1
218,96,77,1
218,97,79,1
218,98,77,1
218,99,79,1
218,100,26,1
218,101,72,0
218,102,72,1
218,103,72,0
218,104,72,0
218,105,72,1
218,106,43,1
218,107,43,1
218,108,43,1
218,109,66,1
218,110,72,1
218,111,72,1
218,112,1,0
218,113,1,0
218,114,1,1
218,115,1,1
218,116,1,0
218,117,1,1
218,118,1,1
218,119,1,1
218,120,1,0
218,121,1,1
218,122,1,1
218,123,1,1
218,124,1,0
218,125,1,1
218,126,1,1
218,127,1,1
218,128,1,1
218,129,1,1
218,130,1,1
218,131,2,0
218,132,2,1
218,133,2,0
218,134,2,1
218,135,2,1
218,136,2,1
218,137,2,1
218,138,82,0
218,139,83,1
218,140,1,0
218,141,82,1
218,142,81,1
218,143,1,1
218,144,68,1
218,145,68,1
218,146,57,1
218,147,31,1
218,148,31,0
218,149,31,1
218,150,31,1
218,151,31,1
218,152,31,1
218,153,80,0
218,154,18,0
218,155,80,0
218,156,18,0
218,157,80,1
218,158,18,1
218,159,80,1
218,160,18,1
218,161,80,1
218,162,18,1
218,163,28,1
218,164,28,1
218,165,28,0
218,166,28,1
218,167,28,1
218,168,28,1
218,169,28,0
218,170,28,0
218,171,14,0
218,172,28,0
218,173,28,1
218,174,84,0
218,175,28,0
218,176,84,0
218,177,28,0
218,178,84,0
218,179,28,0
218,180,84,0
218,181,28,0
218,182,84,1
218,183,28,1
218,184,28,1
218,185,28,1
218,186,28,0
218,187,28,1
218,188,28,1
218,189,28,1
218,190,84,0
218,191,28,0
218,192,84,1
218,193,28,1
218,194,84,1
218,195,28,1
218,196,84,1
218,197,28,1
218,198,64,0
218,199,64,0
218,200,64,1
218,201,64,0
218,202,64,1
218,203,64,1
218,204,39,1
218,205,86,0
218,206,86,0
218,207,86,0
218,208,86,1
218,209,86,1
218,210,86,1
218,211,87,0
218,212,86,0
218,213,39,1
218,214,86,1
218,215,87,1
218,216,75,0
218,217,75,0
218,218,75,1
218,219,75,0
218,220,75,1
218,221,75,1
218,222,75,1
218,223,30,0
218,224,30,1
218,225,30,1
218,226,30,1
218,227,30,1
218,228,30,1
218,229,37,1
218,230,30,1
218,231,37,1
218,232,30,1
218,233,37,0
218,234,30,0
218,235,37,1
218,236,30,1
218,237,37,1
218,238,30,1
218,239,37,1
218,240,30,1
218,241,37,1
218,242,30,1
218,243,37,1
218,244,30,1
218,245,26,0
218,246,26,0
218,247,26,1
218,248,26,1
218,249,26,1
218,250,26,1
218,251,26,0
218,252,26,0
218,253,26,1
218,254,26,0
218,255,26,1
218,256,26,1
218,257,26,1
218,258,70,0
218,259,70,1
218,260,70,1
218,261,70,1
218,262,70,1
218,263,70,0
218,264,70,0
218,265,70,0
218,266,70,1
218,267,70,1
218,268,26,1
218,269,26,1
218,270,26,1
218,271,26,0
218,272,26,1
218,273,26,1
218,274,26,1
218,275,26,1
218,276,26,1
218,277,26,1
218,278,26,0
218,279,26,1
218,280,26,0
218,281,26,1
218,282,26,1
218,283,26,1
218,284,70,0
218,285,70,1
218,286,70,1
218,287,70,1
218,288,70,0
218,289,70,0
218,290,70,1
218,291,70,1
218,292,70,0
218,293,70,1
218,294,70,1
218,295,70,1
218,296,70,1
218,297,70,1
218,298,70,1
218,299,26,0
218,300,26,1
218,301,26,0
218,302,26,1
218,303,26,1
218,304,26,1
218,305,26,0
218,306,26,1
218,307,26,0
218,308,26,1
218,309,26,0
218,310,26,1
218,311,26,1
218,312,26,1
218,313,26,0
218,314,26,1
218,315,26,1
218,316,26,1
218,317,26,0
218,318,26,1
218,319,26,1
218,320,26,1
218,321,26,1
218,322,26,1
218,323,26,1
218,324,26,0
218,325,26,1
218,326,26,1
218,327,26,1
218,328,26,0
218,329,26,1
218,330,26,1
218,331,26,1
218,332,26,1
218,333,26,1
218,334,26,1
218,335,26,1
218,336,26,1
218,337,41,0
218,338,41,0
218,339,41,0
218,340,41,1
218,341,41,1
218,342,41,1
218,343,41,1
218,344,41,1
218,345,26,0
218,346,26,1
218,347,26,0
218,348,26,0
218,349,26,0
218,350,26,0
218,351,26,0
218,352,64,0
218,353,64,0
218,354,64,0
218,355,64,0
218,356,64,0
218,357,64,0
218,358,64,0
218,359,64,0
218,360,70,0
218,361,70,1
218,362,70,1
218,363,70,1
218,364,70,0
218,365,70,1
218,366,70,1
218,367,70,1
218,368,70,0
218,369,70,1
218,370,70,1
218,371,70,1
218,372,70,0
218,373,70,1
218,374,70,1
218,375,70,1
218,376,70,0
218,377,70,1
218,378,70,0
218,379,70,1
218,380,70,1
218,381,70,1
218,382,70,0
218,383,70,1
218,384,52,1
218,385,52,1
218,386,48,1
218,387,50,0
218,388,50,1
218,389,50,1
218,390,50,1
218,391,50,0
218,392,50,1
218,393,50,1
218,394,50,1
218,395,50,1
218,396,50,1
218,397,53,1
218,398,54,1
218,399,53,0
218,400,53,1
218,401,53,1
218,402,53,1
218,403,49,1
218,404,28,1
218,405,28,0
218,406,28,0
218,407,28,0
218,408,28,1
218,409,28,1
218,410,28,1
218,411,28,1
218,412,28,1
218,413,50,1
218,414,50,0
218,415,50,0
218,416,50,0
218,417,60,1
218,418,60,1
218,419,60,1
218,420,60,1
218,421,60,1
218,422,74,1
218,423,74,1
218,424,74,1
218,425,74,1
218,426,74,1
218,427,18,1
218,428,18,1
218,429,18,1
218,430,18,1
218,431,18,1
218,432,19,1
218,433,19,1
218,434,19,1
218,435,19,1
218,436,19,1
218,437,24,1
218,438,24,1
218,439,24,0
218,440,24,1
218,441,24,1
218,442,24,1
218,443,24,1
218,444,24,1
218,445,3,1
218,446,3,1
218,447,29,1
218,448,12,1
218,449,13,1
218,450,41,1
218,451,12,1
218,452,13,1
218,453,12,1
218,454,13,1
218,455,14,1
218,456,14,1
218,457,14,0
218,458,14,0
218,459,14,1
218,460,14,1
218,461,14,1
218,462,14,0
218,463,14,1
218,464,14,0
218,465,14,1
218,466,35,1
218,467,41,0
218,468,12,0
218,469,35,0
218,470,35,0
218,471,12,0
218,472,35,0
218,473,12,1
218,474,35,1
218,475,35,1
218,476,41,0
218,477,35,1
218,478,12,1
218,479,35,1
218,480,41,1
218,481,14,1
218,482,14,1
218,483,14,1
218,484,14,1
218,485,41,1
218,486,35,1
218,487,12,1
218,488,35,1
218,489,41,1
218,490,41,1
218,491,41,1
218,492,41,1
218,493,34,1
218,494,34,1
218,495,34,1
218,496,34,1
218,497,34,1
218,498,12,0
218,499,35,0
218,500,11,0
218,501,11,1
218,502,11,1
218,503,11,0
218,504,11,1
218,505,12,0
218,506,13,0
218,507,14,0
218,508,12,1
218,509,35,1
218,510,12,1
218,511,13,1
218,512,14,1
218,513,12,1
218,514,13,1
218,515,14,1
218,516,51,1
218,517,50,1
218,518,50,0
218,519,50,1
218,520,50,1
218,521,50,1
218,522,11,1
218,523,11,1
218,524,11,1
218,525,23,1
218,526,23,1
218,527,23,1
218,528,23,1
218,529,23,1
218,530,23,1
218,531,23,1
218,532,23,1
218,533,23,1
218,534,50,0
218,535,50,0
218,536,50,1
218,537,50,1
218,538,50,1
218,539,4,1
218,540,8,1
218,541,4,1
218,542,8,1
218,543,4,0
218,544,5,0
218,545,4,1
218,546,5,1
218,547,4,1
218,548,5,1
218,549,4,0
218,550,5,0
218,551,4,1
218,552,5,1
218,553,4,1
218,554,5,1
218,555,4,1
218,556,5,1
218,557,4,1
218,558,7,1
218,559,4,1
218,560,7,1
218,561,32,0
218,562,9,0
218,563,4,0
218,564,9,0
218,565,4,1
218,566,9,1
218,567,4,1
218,568,9,1
218,569,4,0
218,570,9,0
218,571,4,1
218,572,9,1
218,573,5,1
218,574,4,1
218,575,9,1
218,576,17,1
218,577,17,1
218,578,17,1
218,579,17,1
218,580,17,1
218,581,6,1
218,582,5,1
218,583,6,1
218,584,7,1
218,585,6,1
218,586,7,1
218,587,6,1
218,588,5,1
218,589,6,1
218,590,7,1
218,591,32,1
218,592,32,1
218,593,32,0
218,594,32,0
218,595,9,0
218,596,32,0
218,597,9,0
218,598,32,1
218,599,32,0
218,600,9,0
218,601,32,0
218,602,32,0
218,603,9,0
218,604,32,0
218,605,9,1
218,606,32,1
218,607,32,0
218,608,32,1
218,609,32,0
218,610,32,1
218,611,32,0
218,612,9,0
218,613,32,0
218,614,4,0
218,615,22,0
218,616,4,0
218,617,22,0
218,618,4,1
218,619,22,1
218,620,4,1
218,621,22,1
218,622,4,1
218,623,22,1
218,624,25,0
218,625,42,0
218,626,25,1
218,627,42,1
218,628,25,1
218,629,42,1
218,630,25,1
218,631,42,1
218,632,25,1
218,633,42,1
218,634,25,1
218,635,42,1
218,636,25,1
218,637,42,1
218,638,25,1
218,639,42,1
218,640,16,0
218,641,16,1
218,642,16,1
218,643,16,1
218,644,16,1
218,645,16,0
218,646,16,0
218,647,16,1
218,648,16,1
218,649,16,1
218,650,16,0
218,651,16,1
218,652,16,0
218,653,16,1
218,654,16,1
218,655,16,1
218,656,4,1
218,657,16,1
218,658,4,1
218,659,16,1
218,660,3,0
218,661,3,0
218,662,3,0
218,663,3,0
218,664,3,0
218,665,3,0
218,666,3,0
218,667,3,0
218,668,3,1
218,669,29,0
218,670,3,0
218,671,29,0
218,672,3,0
218,673,29,1
218,674,3,1
218,675,29,0
218,676,3,0
218,677,29,1
218,678,3,1
218,679,29,0
218,680,3,0
218,681,29,1
218,682,3,1
218,683,29,1
218,684,3,1
218,685,29,0
218,686,3,0
218,687,29,1
218,688,3,1
218,689,29,1
218,690,3,1
218,691,29,1
218,692,3,1
218,693,3,1
218,694,3,1
218,695,3,1
218,696,16,1
218,697,16,1
218,698,16,1
218,699,16,1
218,700,32,0
218,701,5,0
218,702,32,1
218,703,5,1
218,704,32,0
218,705,9,0
218,706,32,1
218,707,9,1
218,708,32,1
218,709,9,1
218,710,29,0
218,711,3,0
218,712,29,1
218,713,3,1
218,714,29,0
218,715,3,0
218,716,29,1
218,717,3,1
218,718,16,1
218,719,29,0
218,720,3,0
218,721,29,0
218,722,3,0
218,723,16,1
218,724,29,0
218,725,3,0
218,726,16,1
218,727,29,0
218,728,3,0
218,729,29,0
218,730,3,0
218,731,29,1
218,732,3,1
218,733,32,1
218,734,5,1
218,735,17,1
218,736,17,1
218,737,29,1
218,738,3,1
218,739,6,1
218,740,9,1
218,741,6,1
218,742,7,1
218,743,6,1
218,744,8,1
218,745,10,1
218,746,10,1
218,747,10,1
218,748,10,0
218,749,10,1
218,750,10,1
218,751,10,1
218,752,10,1
218,753,35,1
218,754,10,1
218,755,35,1
218,756,10,0
218,757,35,0
218,758,10,0
218,759,35,0
218,760,10,0
218,761,35,0
218,762,10,1
218,763,35,1
218,764,10,1
218,765,35,1
218,766,10,1
218,767,35,1
218,768,32,1
218,769,5,1
218,770,32,1
218,771,5,1
218,772,11,0
218,773,11,1
218,774,11,1
218,775,11,1
219,0,22,0
219,1,22,1
219,2,22,1
219,3,22,1
219,4,20,0
219,5,20,1
219,6,20,1
219,7,20,1
219,8,20,1
219,9,20,1
219,10,21,1
219,11,21,1
219,12,21,1
219,13,21,1
219,14,18,1
219,15,33,1
219,16,33,1
219,17,37,0
219,18,37,1
219,19,37,1
219,20,37,1
219,21,37,1
219,22,37,0
219,23,37,1
219,24,37,1
219,25,37,1
219,26,30,1
219,27,30,1
219,28,37,1
219,29,30,1
219,30,69,0
219,31,69,1
219,32,69,1
219,33,69,1
219,34,69,0
219,35,69,0
219,36,69,1
219,37,69,0
219,38,69,1
219,39,69,0
219,40,69,0
219,41,69,0
219,42,69,0
219,43,69,0
219,44,69,0
219,45,69,0
219,46,69,1
219,47,69,1
219,48,69,1
219,49,24,0
219,50,24,0
219,51,24,1
219,52,19,0
219,53,19,0
219,54,19,1
219,55,19,0
219,56,19,0
219,57,19,0
219,58,19,1
219,59,19,0
219,60,19,1
219,61,19,1
219,62,19,1
219,63,60,0
219,64,19,0
219,65,19,1
219,66,19,1
219,67,19,0
219,68,19,0
219,69,19,1
219,70,27,1
219,71,27,1
219,72,59,1
219,73,34,1
219,74,34,1
219,75,34,1
219,76,19,0
219,77,19,1
219,78,19,0
219,79,19,1
219,80,19,1
219,81,19,1
219,82,41,0
219,83,41,1
219,84,41,1
219,85,41,1
219,86,35,0
219,87,35,1
219,88,35,1
219,89,35,1
219,90,21,1
219,91,14,0
219,92,14,0
219,93,14,1
219,94,14,0
219,95,14,0
219,96,14,1
219,97,36,1
219,98,14,0
219,99,14,1
219,100,14,0
219,101,14,0
219,102,14,0
219,103,14,0
219,104,14,0
219,105,14,0
219,106,26,1
219,107,26,1
219,108,26,1
219,109,26,1
219,110,26,0
219,111,26,0
219,112,26,1
219,113,26,1
219,114,26,0
219,115,26,0
219,116,26,1
219,117,14,1
219,118,14,0
219,119,14,0
219,120,14,0
219,121,14,1
219,122,14,1
219,123,14,0
219,124,14,1
219,125,26,0
219,126,26,1
219,127,26,1
219,128,26,1
219,129,70,1
219,130,70,0
219,131,70,1
219,132,70,1
219,133,70,1
219,134,70,0
219,135,70,1
219,136,70,1
219,137,70,1
219,138,70,0
219,139,70,1
219,140,70,1
219,141,70,1
219,142,70,1
219,143,70,1
219,144,26,1
219,145,26,1
219,146,26,1
219,147,26,1
219,148,14,1
219,149,14,1
219,150,26,1
219,151,26,1
219,152,26,1
219,153,26,1
219,154,26,1
219,155,70,1
219,156,70,1
219,157,70,1
219,158,58,0
219,159,58,0
219,160,58,0
219,161,58,0
219,162,58,0
219,163,58,1
219,164,26,1
219,165,58,1
219,166,58,1
219,167,58,1
219,168,42,1
219,169,25,1
219,170,42,1
219,171,25,1
219,172,42,1
219,173,25,1
219,174,42,1
219,175,25,1
219,176,42,1
219,177,25,1
219,178,42,1
219,179,42,1
219,180,43,1
219,181,26,0
219,182,26,1
219,183,26,0
219,184,26,1
219,185,26,1
219,186,26,1
219,187,72,0
219,188,72,0
219,189,72,0
219,190,72,1
219,191,72,0
219,192,43,1
219,193,43,1
219,194,43,0
219,195,43,1
219,196,43,1
219,197,43,1
219,198,43,1
219,199,43,1
219,200,66,0
219,201,66,0
219,202,66,1
219,203,66,0
219,204,66,0
219,205,66,0
219,206,66,0
219,207,66,0
219,208,66,0
219,209,66,0
219,210,66,1
219,211,66,0
219,212,66,0
219,213,66,0
219,214,66,1
219,215,66,0
219,216,66,0
219,217,68,0
219,218,68,1
219,219,68,0
219,220,68,1
219,221,68,0
219,222,68,1
219,223,68,1
219,224,68,1
219,225,66,0
219,226,66,1
219,227,66,0
219,228,66,1
219,229,66,1
219,230,66,0
219,231,66,0
219,232,66,1
219,233,66,1
219,234,66,0
219,235,66,0
219,236,66,1
219,237,66,0
219,238,1,1
219,239,2,0
219,240,2,0
219,241,2,0
219,242,2,0
219,243,2,0
219,244,2,0
219,245,2,0
219,246,2,1
219,247,81,1
219,248,68,1
219,249,66,0
219,250,66,0
219,251,66,1
219,252,66,1
219,253,72,0
219,254,72,1
219,255,72,0
219,256,72,0
219,257,31,1
219,258,31,0
219,259,31,1
219,260,31,1
219,261,31,1
219,262,31,1
219,263,2,0
219,264,2,0
219,265,2,0
219,266,2,0
219,267,80,1
219,268,18,1
219,269,57,1
219,270,28,1
219,271,28,0
219,272,28,1
219,273,28,1
219,274,28,1
219,275,28,0
219,276,28,1
219,277,28,1
219,278,28,1
219,279,28,1
219,280,28,1
219,281,2,0
219,282,2,0
219,283,2,0
219,284,2,0
219,285,2,0
219,286,2,0
219,287,2,0
219,288,2,1
219,289,2,0
219,290,2,1
219,291,2,0
219,292,72,0
219,293,72,1
219,294,72,0
219,295,72,0
219,296,66,0
219,297,66,0
219,298,66,1
219,299,2,0
219,300,2,0
219,301,2,0
219,302,2,0
219,303,2,0
219,304,2,0
219,305,2,0
219,306,2,0
219,307,2,0
219,308,2,0
219,309,2,0
219,310,2,0
219,311,2,0
219,312,2,0
219,313,72,1
219,314,72,1
219,315,72,0
219,316,72,1
219,317,72,0
219,318,72,1
219,319,72,1
219,320,2,1
219,321,2,0
219,322,2,1
219,323,2,0
219,324,2,1
219,325,2,0
219,326,2,1
219,327,2,0
219,328,2,1
219,329,2,0
219,330,2,1
219,331,2,0
219,332,2,1
219,333,2,1
219,334,2,1
219,335,2,1
219,336,2,0
219,337,2,1
219,338,2,0
219,339,2,0
219,340,72,0
219,341,72,1
219,342,72,0
219,343,72,0
219,344,72,1
219,345,72,1
219,346,2,0
219,347,2,0
219,348,2,0
219,349,2,1
219,350,2,0
219,351,2,1
219,352,2,0
219,353,2,1
219,354,2,1
219,355,2,1
219,356,2,1
219,357,72,0
219,358,72,1
219,359,66,1
219,360,66,0
219,361,66,0
219,362,66,1
219,363,66,0
219,364,66,1
219,365,66,1
219,366,66,0
219,367,66,0
219,368,66,0
219,369,66,0
219,370,66,0
219,371,66,0
219,372,66,0
219,373,66,0
219,374,66,1
219,375,84,0
219,376,28,0
219,377,84,0
219,378,28,0
219,379,84,1
219,380,28,1
219,381,84,0
219,382,28,0
219,383,84,0
219,384,28,0
219,385,72,1
219,386,72,1
219,387,66,0
219,388,66,0
219,389,66,1
219,390,66,1
219,391,66,1
219,392,66,1
219,393,66,1
219,394,39,1
219,395,75,0
219,396,75,0
219,397,75,1
219,398,75,0
219,399,75,1
219,400,75,1
219,401,75,1
219,402,86,1
219,403,39,1
219,404,85,0
219,405,64,0
219,406,85,0
219,407,85,0
219,408,84,0
219,409,28,0
219,410,84,0
219,411,28,0
219,412,84,0
219,413,28,0
219,414,64,0
219,415,64,0
219,416,84,1
219,417,28,1
219,418,84,1
219,419,28,1
219,420,84,1
219,421,28,1
219,422,64,1
219,423,64,1
219,424,10,0
219,425,10,0
219,426,10,1
219,427,10,1
219,428,10,1
219,429,64,0
219,430,85,0
219,431,64,1
219,432,64,1
219,433,85,1
219,434,10,1
219,435,10,0
219,436,10,1
219,437,10,1
219,438,10,1
219,439,10,1
219,440,10,1
219,441,10,0
219,442,35,0
219,443,10,0
219,444,35,0
219,445,10,0
219,446,35,0
219,447,10,1
219,448,35,1
219,449,10,1
219,450,35,1
219,451,10,1
219,452,35,1
219,453,10,1
219,454,35,1
219,455,10,1
219,456,35,1
219,457,6,0
219,458,9,0
219,459,6,1
219,460,9,1
219,461,6,0
219,462,5,0
219,463,6,1
219,464,7,1
219,465,6,1
219,466,7,1
219,467,6,1
219,468,9,1
219,469,6,0
219,470,9,0
219,471,6,1
219,472,7,1
219,473,6,1
219,474,7,1
219,475,6,1
219,476,8,1
219,477,17,0
219,478,17,1
219,479,17,1
219,480,17,1
219,481,17,1
219,482,17,1
219,483,17,1
219,484,17,1
219,485,11,1
219,486,4,1
219,487,9,1
219,488,4,0
219,489,9,0
219,490,4,1
219,491,9,1
219,492,4,1
219,493,9,1
219,494,4,1
219,495,9,1
219,496,4,0
219,497,5,0
219,498,4,1
219,499,5,1
219,500,4,0
219,501,5,0
219,502,4,1
219,503,5,1
219,504,4,1
219,505,5,1
219,506,50,0
219,507,4,1
219,508,7,1
219,509,4,1
219,510,7,1
219,511,4,1
219,512,5,1
219,513,9,0
219,514,5,1
219,515,5,1
219,516,9,1
219,517,8,0
219,518,9,1
219,519,5,0
219,520,8,0
219,521,8,0
219,522,8,0
219,523,8,0
219,524,4,0
219,525,22,0
219,526,4,0
219,527,22,0
219,528,4,1
219,529,22,1
219,530,4,0
219,531,22,0
219,532,25,0
219,533,42,0
219,534,25,0
219,535,42,0
219,536,25,0
219,537,42,0
219,538,4,1
219,539,22,1
219,540,4,1
219,541,22,1
219,542,8,0
219,543,9,1
219,544,25,1
219,545,42,1
219,546,25,1
219,547,42,1
219,548,25,1
219,549,42,1
219,550,25,1
219,551,42,1
219,552,25,1
219,553,42,1
219,554,4,1
219,555,22,1
219,556,9,1
219,557,9,1
219,558,3,0
219,559,3,1
219,560,3,0
219,561,29,0
219,562,29,0
219,563,29,0
219,564,29,0
219,565,29,0
219,566,29,1
219,567,29,1
219,568,3,1
219,569,4,0
219,570,22,0
219,571,4,1
219,572,22,1
219,573,4,1
219,574,22,1
219,575,25,1
219,576,42,1
219,577,25,1
219,578,42,1
219,579,25,0
219,580,42,0
219,581,25,1
219,582,42,1
219,583,25,1
219,584,42,1
219,585,25,1
219,586,42,1
219,587,25,1
219,588,42,1
219,589,25,1
219,590,42,1
219,591,25,1
219,592,42,1
219,593,29,1
219,594,25,1
219,595,42,1
219,596,32,0
219,597,9,0
219,598,32,1
219,599,9,1
219,600,32,0
219,601,5,0
219,602,32,0
219,603,5,0
219,604,32,1
219,605,5,1
219,606,12,0
219,607,13,0
219,608,41,0
219,609,12,1
219,610,13,1
219,611,41,1
219,612,12,1
219,613,35,1
219,614,12,1
219,615,35,1
219,616,32,1
219,617,5,1
219,618,32,1
219,619,5,1
219,620,12,0
219,621,13,0
219,622,14,0
219,623,12,1
219,624,13,1
219,625,14,1
219,626,18,1
219,627,12,1
219,628,13,1
219,629,14,1
219,630,12,0
219,631,35,0
219,632,12,1
219,633,13,1
219,634,14,1
219,635,12,1
219,636,35,1
219,637,12,1
219,638,35,1
219,639,11,1
219,640,11,1
219,641,11,0
219,642,11,1
219,643,11,1
219,644,11,1
219,645,14,0
219,646,14,1
219,647,14,1
219,648,14,0
219,649,14,1
219,650,14,1
219,651,14,1
219,652,14,1
219,653,14,1
219,654,16,0
219,655,16,1
219,656,16,1
219,657,16,1
219,658,16,1
219,659,16,1
219,660,16,1
219,661,24,0
219,662,24,1
219,663,24,1
219,664,24,1
219,665,24,1
219,666,24,1
219,667,19,0
219,668,19,0
219,669,19,1
219,670,19,0
219,671,19,1
219,672,19,1
219,673,19,1
219,674,19,1
219,675,19,1
219,676,60,0
219,677,60,0
219,678,60,0
219,679,60,0
219,680,60,1
219,681,60,1
219,682,60,0
219,683,60,1
219,684,60,1
219,685,60,1
219,686,41,0
219,687,41,0
219,688,41,0
219,689,41,1
219,690,41,1
219,691,41,0
219,692,41,1
219,693,41,1
219,694,41,1
219,695,41,1
219,696,18,1
219,697,18,1
219,698,18,1
219,699,18,0
219,700,18,0
219,701,18,1
219,702,18,1
219,703,18,1
219,704,18,1
219,705,18,1
219,706,74,1
219,707,74,1
219,708,74,1
219,709,74,1
219,710,74,1
219,711,60,1
219,712,60,1
219,713,12,0
219,714,35,0
219,715,41,0
219,716,41,1
219,717,35,1
219,718,41,1
219,719,41,0
219,720,41,1
219,721,41,1
219,722,12,1
219,723,35,1
219,724,41,1
219,725,34,1
219,726,34,1
219,727,34,1
219,728,34,1
219,729,34,1
219,730,23,0
219,731,23,1
219,732,23,1
219,733,23,0
219,734,23,1
219,735,23,1
219,736,23,1
219,737,23,1
219,738,23,1
219,739,23,1
219,740,23,1
219,741,23,1
219,742,23,1
219,743,4,1
219,744,16,1
219,745,4,0
219,746,16,0
219,747,4,1
219,748,15,1
219,749,4,1
219,750,16,1
219,751,4,1
219,752,15,1
219,753,35,1
219,754,41,0
219,755,41,0
219,756,3,0
219,757,3,0
219,758,3,0
219,759,3,0
219,760,3,0
219,761,3,0
219,762,29,0
219,763,3,0
219,764,29,0
219,765,3,0
219,766,29,0
219,767,3,0
219,768,29,1
219,769,3,1
219,770,29,0
219,771,3,0
219,772,29,1
219,773,3,1
219,774,29,0
219,775,3,0
219,776,29,0
219,777,3,0
219,778,16,1
219,779,29,0
219,780,3,0
219,781,29,0
219,782,3,0
219,783,32,1
219,784,5,1
219,785,32,1
219,786,5,1
219,787,32,1
219,788,5,1
219,789,32,1
219,790,5,1
219,791,32,1
219,792,5,1
219,793,6,1
219,794,7,1
219,795,6,1
219,796,7,1
219,797,6,1
219,798,5,1
219,799,6,1
219,800,8,1
219,801,6,0
219,802,5,0
219,803,49,1
219,804,52,1
219,805,48,1
219,806,3,0
219,807,3,1
219,808,3,1
219,809,3,1
219,810,29,0
219,811,3,0
219,812,29,0
219,813,3,0
219,814,29,0
219,815,3,0
219,816,29,0
219,817,3,0
219,818,17,0
219,819,17,1
219,820,17,1
219,821,17,1
219,822,17,1
219,823,17,1
219,824,50,1
219,825,50,0
219,826,50,1
219,827,50,0
219,828,56,0
219,829,50,1
219,830,50,1
219,831,16,1
219,832,4,1
219,833,16,1
219,834,16,1
219,835,16,1
219,836,16,1
219,837,50,1
219,838,51,1
219,839,50,1
219,840,50,0
219,841,50,1
219,842,50,0
219,843,50,1
219,844,50,0
219,845,50,1
219,846,50,1
219,847,50,0
219,848,50,0
219,849,50,1
219,850,50,0
219,851,54,1
219,852,50,0
219,853,50,0
219,854,50,1
219,855,50,0
219,856,50,0
219,857,50,0
219,858,50,0
219,859,50,1
219,860,50,1
219,861,50,1
219,862,50,1
219,863,50,1
219,864,49,1
219,865,50,1
219,866,29,1
219,867,3,1
219,868,29,1
219,869,3,1
219,870,93,0
219,871,92,0
219,872,94,1
219,873,94,0
219,874,93,0
219,875,92,0
219,876,94,0
219,877,28,0
219,878,28,1
219,879,28,1
219,880,28,0
219,881,28,1
219,882,28,0
219,883,28,1
219,884,28,1
219,885,28,0
219,886,28,0
219,887,6,0
219,888,8,0
219,889,6,1
219,890,9,1
219,891,6,1
219,892,9,1
219,893,6,0
219,894,8,0
219,895,6,0
219,896,5,0
219,897,6,1
219,898,7,1
219,899,6,1
219,900,5,1
219,901,6,1
219,902,5,1
219,903,6,1
219,904,5,1
219,905,41,1
219,906,41,1
219,907,41,1
219,908,41,1
219,909,41,1
219,910,28,1
219,911,28,1
219,912,28,0
219,913,28,1
219,914,28,1
219,915,28,0
219,916,28,0
219,917,28,1
219,918,28,1
219,919,28,1
219,920,92,1
219,921,50,0
219,922,11,1
219,923,11,1
219,924,11,1
219,925,11,1
219,926,32,1
219,927,5,1
219,928,32,1
219,929,9,1
220,0,22,0
220,1,22,1
220,2,22,1
220,3,22,0
220,4,22,0
220,5,22,1
220,6,22,1
220,7,20,1
220,8,20,1
220,9,20,1
220,10,21,1
220,11,21,0
220,12,21,1
220,13,21,1
220,14,21,1
220,15,22,0
220,16,22,1
220,17,22,1
220,18,22,0
220,19,22,1
220,20,22,1
220,21,21,1
220,22,21,1
220,23,18,0
220,24,18,0
220,25,18,1
220,26,18,0
220,27,18,0
220,28,22,0
220,29,18,1
220,30,18,1
220,31,18,1
220,32,33,1
220,33,33,1
220,34,37,1
220,35,37,1
220,36,37,1
220,37,30,1
220,38,30,1
220,39,37,1
220,40,30,1
220,41,69,0
220,42,69,1
220,43,69,1
220,44,69,1
220,45,69,1
220,46,69,1
220,47,24,0
220,48,24,1
220,49,24,1
220,50,24,0
220,51,24,0
220,52,24,0
220,53,19,0
220,54,19,0
220,55,19,1
220,56,19,1
220,57,27,1
220,58,27,1
220,59,59,0
220,60,59,0
220,61,59,0
220,62,59,1
220,63,59,1
220,64,24,1
220,65,24,1
220,66,24,1
220,67,24,1
220,68,24,1
220,69,24,0
220,70,24,1
220,71,24,1
220,72,24,0
220,73,24,1
220,74,24,1
220,75,19,1
220,76,19,1
220,77,34,1
220,78,34,0
220,79,34,1
220,80,34,0
220,81,34,1
220,82,34,1
220,83,34,1
220,84,34,1
220,85,24,1
220,86,24,0
220,87,24,1
220,88,24,1
220,89,24,0
220,90,59,0
220,91,59,1
220,92,59,1
220,93,59,1
220,94,41,0
220,95,41,0
220,96,41,0
220,97,41,0
220,98,41,0
220,99,41,0
220,100,41,0
220,101,35,0
220,102,35,1
220,103,35,1
220,104,35,1
220,105,21,0
220,106,21,1
220,107,21,1
220,108,21,1
220,109,14,1
220,110,14,1
220,111,41,0
220,112,41,0
220,113,26,1
220,114,26,1
220,115,26,1
220,116,26,1
220,117,26,1
220,118,24,1
220,119,41,0
220,120,41,1
220,121,41,1
220,122,41,0
220,123,41,0
220,124,41,1
220,125,41,1
220,126,41,1
220,127,26,1
220,128,26,1
220,129,26,1
220,130,26,1
220,131,26,0
220,132,26,0
220,133,26,1
220,134,26,0
220,135,26,1
220,136,26,0
220,137,26,1
220,138,26,0
220,139,26,0
220,140,26,0
220,141,26,0
220,142,70,0
220,143,70,1
220,144,70,1
220,145,70,1
220,146,70,0
220,147,70,1
220,148,70,1
220,149,70,1
220,150,70,0
220,151,70,1
220,152,70,1
220,153,70,1
220,154,70,0
220,155,70,1
220,156,70,0
220,157,70,1
220,158,70,1
220,159,70,1
220,160,70,0
220,161,58,1
220,162,58,0
220,163,58,1
220,164,58,0
220,165,58,0
220,166,58,1
220,167,26,1
220,168,26,0
220,169,26,0
220,170,58,0
220,171,26,0
220,172,26,0
220,173,26,0
220,174,26,1
220,175,26,0
220,176,26,0
220,177,26,0
220,178,42,1
220,179,25,1
220,180,42,1
220,181,25,1
220,182,42,1
220,183,25,1
220,184,42,1
220,185,25,1
220,186,42,1
220,187,25,0
220,188,42,0
220,189,25,0
220,190,42,0
220,191,25,0
220,192,42,0
220,193,25,1
220,194,42,1
220,195,25,0
220,196,42,0
220,197,25,0
220,198,42,0
220,199,25,0
220,200,42,0
220,201,26,0
220,202,26,1
220,203,26,1
220,204,26,0
220,205,26,1
220,206,26,0
220,207,26,1
220,208,70,0
220,209,70,1
220,210,70,1
220,211,70,1
220,212,68,0
220,213,68,1
220,214,68,1
220,215,68,1
220,216,68,1
220,217,31,1
220,218,31,0
220,219,31,1
220,220,31,1
220,221,31,1
220,222,31,1
220,223,28,0
220,224,28,1
220,225,28,1
220,226,28,1
220,227,60,0
220,228,60,0
220,229,26,0
220,230,26,0
220,231,57,1
220,232,28,1
220,233,28,1
220,234,28,0
220,235,28,0
220,236,28,0
220,237,28,0
220,238,28,1
220,239,28,1
220,240,36,0
220,241,36,1
220,242,36,1
220,243,36,1
220,244,82,1
220,245,72,0
220,246,72,0
220,247,72,1
220,248,43,0
220,249,43,0
220,250,60,1
220,251,60,1
220,252,26,1
220,253,25,1
220,254,42,1
220,255,66,0
220,256,66,0
220,257,66,1
220,258,66,1
220,259,66,0
220,260,66,0
220,261,80,0
220,262,18,0
220,263,80,0
220,264,1,0
220,265,1,0
220,266,1,1
220,267,1,1
220,268,1,1
220,269,1,1
220,270,1,1
220,271,1,1
220,272,1,1
220,273,1,0
220,274,1,1
220,275,1,1
220,276,1,1
220,277,1,1
220,278,1,1
220,279,1,1
220,280,1,1
220,281,1,1
220,282,1,1
220,283,1,1
220,284,2,1
220,285,80,0
220,286,80,0
220,287,18,0
220,288,26,1
220,289,26,1
220,290,26,1
220,291,70,0
220,292,70,1
220,293,80,1
220,294,18,1
220,295,80,1
220,296,18,1
220,297,28,0
220,298,28,0
220,299,28,0
220,300,14,0
220,301,28,0
220,302,28,0
220,303,28,0
220,304,28,0
220,305,28,0
220,306,66,1
220,307,66,0
220,308,66,0
220,309,72,0
220,310,72,0
220,311,72,0
220,312,72,1
220,313,70,0
220,314,70,1
220,315,70,1
220,316,70,1
220,317,70,0
220,318,70,1
220,319,70,0
220,320,26,0
220,321,26,0
220,322,26,0
220,323,26,1
220,324,26,1
220,325,26,1
220,326,26,1
220,327,70,0
220,328,26,1
220,329,26,1
220,330,72,0
220,331,72,1
220,332,72,1
220,333,72,1
220,334,43,1
220,335,43,1
220,336,43,1
220,337,43,1
220,338,43,1
220,339,66,0
220,340,28,1
220,341,28,1
220,342,28,1
220,343,58,0
220,344,58,0
220,345,70,1
220,346,70,1
220,347,70,1
220,348,70,1
220,349,70,0
220,350,70,1
220,351,70,0
220,352,70,1
220,353,70,1
220,354,70,1
220,355,70,0
220,356,70,1
220,357,70,1
220,358,70,1
220,359,70,0
220,360,70,1
220,361,70,1
220,362,70,1
220,363,26,0
220,364,26,0
220,365,26,1
220,366,26,1
220,367,26,1
220,368,26,1
220,369,26,1
220,370,26,1
220,371,26,1
220,372,70,0
220,373,70,1
220,374,70,1
220,375,70,1
220,376,70,0
220,377,70,1
220,378,70,1
220,379,70,1
220,380,70,1
220,381,70,1
220,382,70,1
220,383,58,1
220,384,58,0
220,385,58,1
220,386,58,1
220,387,58,0
220,388,58,1
220,389,58,0
220,390,26,0
220,391,26,1
220,392,26,1
220,393,26,0
220,394,26,1
220,395,25,1
220,396,42,1
220,397,25,1
220,398,42,1
220,399,25,1
220,400,42,1
220,401,66,1
220,402,66,0
220,403,58,1
220,404,58,0
220,405,58,1
220,406,58,0
220,407,58,1
220,408,58,1
220,409,58,0
220,410,58,0
220,411,26,0
220,412,26,1
220,413,26,1
220,414,26,1
220,415,58,1
220,416,58,1
220,417,58,1
220,418,84,0
220,419,28,0
220,420,84,0
220,421,28,0
220,422,84,1
220,423,28,1
220,424,84,0
220,425,28,0
220,426,84,0
220,427,28,0
220,428,84,1
220,429,28,1
220,430,84,0
220,431,28,0
220,432,84,1
220,433,28,1
220,434,84,1
220,435,28,1
220,436,84,1
220,437,28,1
220,438,64,0
220,439,64,0
220,440,64,1
220,441,64,1
220,442,64,1
220,443,64,0
220,444,85,0
220,445,64,1
220,446,64,1
220,447,64,1
220,448,39,1
220,449,86,0
220,450,86,1
220,451,86,1
220,452,86,1
220,453,39,1
220,454,75,1
220,455,10,1
220,456,10,0
220,457,10,1
220,458,10,1
220,459,10,1
220,460,10,1
220,461,10,1
220,462,10,1
220,463,35,1
220,464,10,0
220,465,35,0
220,466,10,0
220,467,35,0
220,468,10,1
220,469,35,1
220,470,10,1
220,471,35,1
220,472,10,1
220,473,35,1
220,474,10,0
220,475,35,0
220,476,10,0
220,477,35,0
220,478,10,1
220,479,35,1
220,480,10,1
220,481,35,1
220,482,10,1
220,483,35,1
220,484,6,0
220,485,9,0
220,486,6,0
220,487,8,0
220,488,6,0
220,489,8,0
220,490,6,0
220,491,8,0
220,492,6,0
220,493,8,0
220,494,6,0
220,495,5,0
220,496,6,0
220,497,5,0
220,498,6,1
220,499,5,1
220,500,6,1
220,501,9,1
220,502,6,1
220,503,9,1
220,504,6,1
220,505,9,1
220,506,6,0
220,507,8,0
220,508,6,1
220,509,8,1
220,510,6,1
220,511,9,1
220,512,6,1
220,513,8,1
220,514,17,1
220,515,17,1
220,516,17,1
220,517,11,1
220,518,4,0
220,519,9,0
220,520,4,0
220,521,9,0
220,522,4,1
220,523,9,1
220,524,4,1
220,525,9,1
220,526,4,1
220,527,9,1
220,528,4,0
220,529,5,0
220,530,4,1
220,531,5,1
220,532,4,1
220,533,7,1
220,534,4,1
220,535,7,1
220,536,50,1
220,537,50,0
220,538,50,1
220,539,50,1
220,540,50,1
220,541,8,1
220,542,5,1
220,543,4,1
220,544,22,1
220,545,25,1
220,546,42,1
220,547,25,1
220,548,42,1
220,549,25,1
220,550,42,1
220,551,25,1
220,552,42,1
220,553,25,1
220,554,42,1
220,555,3,1
220,556,3,1
220,557,29,1
220,558,4,1
220,559,22,1
220,560,25,1
220,561,42,1
220,562,25,1
220,563,42,1
220,564,25,1
220,565,42,1
220,566,25,1
220,567,42,1
220,568,25,1
220,569,42,1
220,570,32,0
220,571,5,0
220,572,32,1
220,573,5,1
220,574,32,1
220,575,5,1
220,576,32,0
220,577,9,0
220,578,32,1
220,579,9,1
220,580,32,1
220,581,9,1
220,582,32,1
220,583,5,1
220,584,12,0
220,585,35,0
220,586,12,1
220,587,35,1
220,588,12,0
220,589,13,0
220,590,41,0
220,591,12,1
220,592,13,1
220,593,41,1
220,594,12,1
220,595,13,1
220,596,41,1
220,597,12,1
220,598,35,1
220,599,12,0
220,600,13,0
220,601,14,0
220,602,12,0
220,603,13,0
220,604,12,0
220,605,13,0
220,606,12,0
220,607,35,0
220,608,12,0
220,609,13,0
220,610,12,0
220,611,13,0
220,612,14,0
220,613,12,0
220,614,13,0
220,615,14,0
220,616,12,1
220,617,13,1
220,618,14,1
220,619,12,1
220,620,13,1
220,621,12,1
220,622,13,1
220,623,12,1
220,624,35,1
220,625,12,1
220,626,13,1
220,627,14,1
220,628,11,0
220,629,11,1
220,630,11,1
220,631,11,1
220,632,11,1
220,633,18,0
220,634,18,1
220,635,18,1
220,636,18,1
220,637,18,1
220,638,18,1
220,639,24,1
220,640,24,1
220,641,24,1
220,642,24,1
220,643,24,1
220,644,74,1
220,645,74,1
220,646,74,1
220,647,74,1
220,648,74,0
220,649,74,1
220,650,74,1
220,651,74,1
220,652,74,1
220,653,74,1
220,654,60,0
220,655,60,0
220,656,60,0
220,657,60,0
220,658,60,0
220,659,60,1
220,660,60,1
220,661,60,0
220,662,60,0
220,663,60,0
220,664,14,1
220,665,14,1
220,666,14,1
220,667,14,1
220,668,14,0
220,669,14,1
220,670,14,1
220,671,14,1
220,672,14,1
220,673,14,1
220,674,35,1
220,675,41,0
220,676,41,1
220,677,35,1
220,678,12,1
220,679,35,1
220,680,35,0
220,681,12,1
220,682,35,1
220,683,12,1
220,684,35,1
220,685,35,0
220,686,35,0
220,687,41,0
220,688,41,0
220,689,41,1
220,690,41,1
220,691,41,1
220,692,41,1
220,693,41,1
220,694,34,1
220,695,34,1
220,696,34,1
220,697,34,1
220,698,34,1
220,699,19,0
220,700,19,0
220,701,19,0
220,702,19,0
220,703,19,0
220,704,19,0
220,705,19,1
220,706,19,1
220,707,19,0
220,708,19,0
220,709,60,0
220,710,60,1
220,711,16,0
220,712,16,1
220,713,16,1
220,714,16,1
220,715,16,0
220,716,16,1
220,717,16,1
220,718,16,1
220,719,19,1
220,720,19,1
220,721,19,1
220,722,19,0
220,723,19,1
220,724,19,1
220,725,19,1
220,726,19,1
220,727,19,1
220,728,60,1
220,729,60,0
220,730,60,1
220,731,60,1
220,732,60,1
220,733,60,1
220,734,60,0
220,735,60,1
220,736,60,1
220,737,60,1
220,738,12,1
220,739,35,1
220,740,41,1
220,741,35,1
220,742,41,1
220,743,60,1
220,744,60,1
220,745,41,1
220,746,4,1
220,747,16,1
220,748,4,1
220,749,15,1
220,750,3,0
220,751,3,0
220,752,3,0
220,753,3,0
220,754,3,0
220,755,3,0
220,756,3,0
220,757,29,1
220,758,3,1
220,759,29,0
220,760,3,0
220,761,29,0
220,762,3,0
220,763,29,0
220,764,3,0
220,765,29,0
220,766,3,0
220,767,3,0
220,768,3,0
220,769,3,1
220,770,3,1
220,771,3,1
220,772,29,0
220,773,3,0
220,774,29,1
220,775,3,1
220,776,29,1
220,777,3,1
220,778,29,0
220,779,3,0
220,780,29,1
220,781,3,1
220,782,29,0
220,783,3,0
220,784,29,1
220,785,3,1
220,786,29,0
220,787,3,0
220,788,29,0
220,789,3,0
220,790,29,0
220,791,3,0
220,792,29,1
220,793,3,1
220,794,29,1
220,795,3,1
220,796,29,1
220,797,3,1
220,798,23,0
220,799,23,1
220,800,23,1
220,801,23,1
220,802,23,1
220,803,23,1
220,804,23,1
220,805,23,1
220,806,23,1
220,807,29,0
220,808,3,0
220,809,29,0
220,810,3,0
220,811,29,0
220,812,3,0
220,813,29,1
220,814,3,1
220,815,29,0
220,816,3,0
220,817,29,0
220,818,3,0
220,819,29,0
220,820,3,0
220,821,29,0
220,822,3,0
220,823,29,0
220,824,3,0
220,825,29,0
220,826,3,0
220,827,29,0
220,828,3,0
220,829,29,1
220,830,3,1
220,831,29,1
220,832,3,1
220,833,71,1
220,834,29,0
220,835,3,0
220,836,29,0
220,837,3,0
220,838,29,0
220,839,3,0
220,840,29,1
220,841,3,1
220,842,29,0
220,843,3,0
220,844,29,0
220,845,3,0
220,846,16,1
220,847,16,1
220,848,52,1
220,849,48,1
220,850,29,0
220,851,3,0
220,852,16,1
220,853,16,1
220,854,32,1
220,855,5,1
220,856,32,1
220,857,5,1
220,858,32,1
220,859,9,1
220,860,32,1
220,861,5,1
220,862,32,1
220,863,5,1
220,864,17,1
220,865,17,1
220,866,17,1
220,867,17,1
220,868,17,1
220,869,6,1
220,870,9,1
220,871,6,1
220,872,9,1
220,873,6,1
220,874,9,1
220,875,6,1
220,876,5,1
220,877,50,1
220,878,50,1
220,879,6,1
220,880,5,1
220,881,51,1
220,882,51,1
220,883,50,0
220,884,50,1
220,885,50,1
220,886,50,1
220,887,4,0
220,888,16,0
220,889,16,1
220,890,16,1
220,891,16,1
220,892,3,0
220,893,3,0
220,894,4,1
220,895,16,1
220,896,4,1
220,897,16,1
220,898,16,1
220,899,16,1
220,900,3,1
220,901,3,1
220,902,50,0
220,903,57,0
220,904,57,0
220,905,57,0
220,906,57,0
220,907,50,1
220,908,57,1
220,909,50,0
220,910,50,1
220,911,50,1
220,912,50,1
220,913,50,1
220,914,50,1
220,915,50,1
220,916,50,0
220,917,50,0
220,918,50,0
220,919,50,0
220,920,50,1
220,921,50,1
220,922,50,1
220,923,50,1
220,924,54,1
220,925,49,1
220,926,53,0
220,927,54,0
220,928,53,1
220,929,54,1
220,930,53,1
220,931,54,1
220,932,53,0
220,933,54,0
220,934,53,1
220,935,54,1
220,936,94,0
220,937,93,1
220,938,93,1
220,939,94,0
220,940,92,0
220,941,94,1
220,942,94,1
220,943,28,0
220,944,28,0
220,945,93,1
220,946,28,1
220,947,28,1
220,948,28,0
220,949,28,1
220,950,28,1
220,951,28,1
220,952,28,0
220,953,28,1
220,954,28,1
220,955,28,1
220,956,53,1
220,957,54,1
220,958,11,0
220,959,11,0
220,960,11,1
220,961,11,1
220,962,11,1
220,963,32,1
220,964,5,1
220,965,32,1
220,966,9,1
221,0,22,1
221,1,20,1
221,2,20,0
221,3,20,0
221,4,20,0
221,5,20,0
221,6,20,1
221,7,20,1
221,8,20,0
221,9,20,1
221,10,20,1
221,11,20,1
221,12,20,1
221,13,21,1
221,14,21,1
221,15,21,1
221,16,21,1
221,17,18,0
221,18,18,1
221,19,18,1
221,20,18,1
221,21,33,1
221,22,33,1
221,23,30,1
221,24,30,1
221,25,37,1
221,26,37,1
221,27,37,0
221,28,30,0
221,29,37,0
221,30,30,0
221,31,37,1
221,32,30,1
221,33,37,1
221,34,30,1
221,35,37,1
221,36,30,1
221,37,69,0
221,38,69,1
221,39,69,1
221,40,69,1
221,41,69,0
221,42,69,0
221,43,69,1
221,44,69,1
221,45,69,1
221,46,37,0
221,47,37,0
221,48,37,0
221,49,37,1
221,50,37,0
221,51,24,1
221,52,24,0
221,53,24,0
221,54,24,1
221,55,24,1
221,56,24,1
221,57,24,0
221,58,24,0
221,59,24,1
221,60,24,1
221,61,24,1
221,62,19,0
221,63,19,1
221,64,19,1
221,65,19,1
221,66,19,1
221,67,60,0
221,68,60,0
221,69,60,1
221,70,60,1
221,71,60,1
221,72,27,1
221,73,40,1
221,74,59,1
221,75,34,1
221,76,34,0
221,77,34,0
221,78,34,0
221,79,34,1
221,80,34,1
221,81,34,1
221,82,34,0
221,83,34,0
221,84,34,1
221,85,34,1
221,86,34,1
221,87,41,0
221,88,41,1
221,89,41,1
221,90,41,1
221,91,35,0
221,92,35,1
221,93,35,1
221,94,35,1
221,95,21,0
221,96,21,0
221,97,14,0
221,98,14,0
221,99,14,0
221,100,14,0
221,101,14,0
221,102,14,1
221,103,26,1
221,104,26,1
221,105,26,1
221,106,26,1
221,107,26,1
221,108,70,1
221,109,70,0
221,110,70,1
221,111,70,1
221,112,70,1
221,113,70,1
221,114,70,1
221,115,26,1
221,116,26,1
221,117,26,1
221,118,26,1
221,119,37,1
221,120,37,1
221,121,37,1
221,122,21,1
221,123,21,1
221,124,14,1
221,125,14,1
221,126,14,1
221,127,14,1
221,128,14,1
221,129,26,1
221,130,26,0
221,131,26,1
221,132,26,1
221,133,26,1
221,134,26,1
221,135,26,1
221,136,26,1
221,137,66,0
221,138,66,0
221,139,36,1
221,140,80,1
221,141,18,1
221,142,28,1
221,143,57,1
221,144,28,1
221,145,31,1
221,146,31,1
221,147,31,1
221,148,81,1
221,149,28,1
221,150,28,1
221,151,28,1
221,152,28,0
221,153,28,1
221,154,28,1
221,155,28,1
221,156,28,0
221,157,58,1
221,158,58,1
221,159,26,1
221,160,42,1
221,161,25,0
221,162,42,0
221,163,25,0
221,164,42,0
221,165,42,0
221,166,43,0
221,167,42,0
221,168,43,0
221,169,26,1
221,170,26,1
221,171,70,1
221,172,70,1
221,173,70,0
221,174,70,1
221,175,70,1
221,176,70,1
221,177,70,1
221,178,70,1
221,179,70,1
221,180,26,1
221,181,72,0
221,182,72,1
221,183,72,0
221,184,72,0
221,185,72,0
221,186,43,1
221,187,43,0
221,188,43,1
221,189,43,1
221,190,43,1
221,191,43,1
221,192,43,1
221,193,68,0
221,194,68,1
221,195,68,0
221,196,68,1
221,197,68,1
221,198,68,1
221,199,2,1
221,200,28,1
221,201,28,1
221,202,28,1
221,203,1,0
221,204,1,1
221,205,1,1
221,206,1,1
221,207,1,1
221,208,1,1
221,209,1,1
221,210,1,1
221,211,1,0
221,212,1,1
221,213,1,1
221,214,1,1
221,215,1,1
221,216,1,1
221,217,1,0
221,218,1,1
221,219,1,0
221,220,1,1
221,221,1,1
221,222,1,1
221,223,1,1
221,224,1,1
221,225,1,1
221,226,1,1
221,227,1,1
221,228,1,1
221,229,1,0
221,230,1,1
221,231,1,1
221,232,1,1
221,233,1,1
221,234,1,1
221,235,1,1
221,236,1,1
221,237,1,1
221,238,72,1
221,239,72,1
221,240,72,1
221,241,68,1
221,242,25,1
221,243,42,1
221,244,25,1
221,245,42,1
221,246,25,1
221,247,42,1
221,248,25,1
221,249,42,1
221,250,25,1
221,251,42,1
221,252,42,1
221,253,43,1
221,254,42,1
221,255,43,1
221,256,42,1
221,257,43,1
221,258,66,0
221,259,66,0
221,260,66,0
221,261,66,0
221,262,66,1
221,263,66,1
221,264,66,0
221,265,66,1
221,266,66,1
221,267,66,1
221,268,66,1
221,269,66,1
221,270,66,0
221,271,66,0
221,272,1,1
221,273,1,1
221,274,84,0
221,275,28,0
221,276,84,1
221,277,28,1
221,278,84,1
221,279,28,1
221,280,84,1
221,281,28,1
221,282,64,0
221,283,64,1
221,284,64,1
221,285,64,1
221,286,85,1
221,287,39,1
221,288,86,0
221,289,86,1
221,290,86,1
221,291,86,1
221,292,39,1
221,293,75,0
221,294,75,1
221,295,75,0
221,296,75,0
221,297,75,1
221,298,75,1
221,299,75,1
221,300,66,1
221,301,66,0
221,302,10,1
221,303,10,0
221,304,10,1
221,305,10,1
221,306,10,0
221,307,10,1
221,308,10,0
221,309,10,1
221,310,10,1
221,311,10,1
221,312,10,1
221,313,10,1
221,314,10,1
221,315,35,1
221,316,10,0
221,317,35,0
221,318,10,1
221,319,35,1
221,320,10,1
221,321,35,1
221,322,10,1
221,323,35,1
221,324,10,1
221,325,35,1
221,326,10,1
221,327,35,1
221,328,6,0
221,329,7,0
221,330,6,1
221,331,7,1
221,332,6,0
221,333,8,0
221,334,6,1
221,335,9,1
221,336,6,0
221,337,8,0
221,338,6,1
221,339,9,1
221,340,6,0
221,341,8,0
221,342,6,1
221,343,8,1
221,344,6,0
221,345,9,0
221,346,6,1
221,347,7,1
221,348,6,1
221,349,9,1
221,350,6,1
221,351,9,1
221,352,6,1
221,353,7,1
221,354,6,0
221,355,8,0
221,356,6,1
221,357,8,1
221,358,17,1
221,359,17,1
221,360,17,1
221,361,6,1
221,362,8,1
221,363,6,1
221,364,7,1
221,365,11,1
221,366,4,1
221,367,9,1
221,368,4,1
221,369,9,1
221,370,4,0
221,371,5,0
221,372,4,1
221,373,5,1
221,374,4,0
221,375,5,0
221,376,4,0
221,377,5,0
221,378,4,0
221,379,5,0
221,380,4,0
221,381,5,0
221,382,4,1
221,383,7,1
221,384,4,1
221,385,7,1
221,386,50,0
221,387,8,0
221,388,8,1
221,389,8,1
221,390,8,1
221,391,50,1
221,392,50,0
221,393,50,1
221,394,50,1
221,395,50,1
221,396,4,1
221,397,5,1
221,398,4,1
221,399,5,1
221,400,5,1
221,401,4,1
221,402,22,1
221,403,25,1
221,404,42,1
221,405,25,1
221,406,42,1
221,407,25,1
221,408,42,1
221,409,25,1
221,410,42,1
221,411,25,0
221,412,42,0
221,413,25,0
221,414,42,0
221,415,25,1
221,416,42,1
221,417,25,1
221,418,42,1
221,419,25,1
221,420,42,1
221,421,25,1
221,422,42,1
221,423,25,0
221,424,42,0
221,425,25,0
221,426,42,0
221,427,3,0
221,428,3,1
221,429,3,1
221,430,3,1
221,431,29,0
221,432,29,1
221,433,29,1
221,434,29,1
221,435,25,1
221,436,42,1
221,437,18,1
221,438,18,1
221,439,18,1
221,440,18,1
221,441,18,1
221,442,24,1
221,443,24,1
221,444,24,1
221,445,24,1
221,446,24,1
221,447,74,1
221,448,74,1
221,449,74,1
221,450,74,1
221,451,74,1
221,452,25,0
221,453,42,0
221,454,25,0
221,455,42,0
221,456,25,0
221,457,42,0
221,458,25,1
221,459,42,1
221,460,25,0
221,461,42,0
221,462,25,0
221,463,42,0
221,464,25,1
221,465,42,1
221,466,25,0
221,467,42,0
221,468,25,1
221,469,42,1
221,470,25,1
221,471,42,1
221,472,25,1
221,473,42,1
221,474,25,1
221,475,42,1
221,476,25,0
221,477,42,0
221,478,25,1
221,479,42,1
221,480,25,0
221,481,42,0
221,482,25,1
221,483,42,1
221,484,32,1
221,485,5,1
221,486,32,0
221,487,9,0
221,488,32,1
221,489,5,1
221,490,32,1
221,491,9,1
221,492,32,1
221,493,9,1
221,494,12,0
221,495,35,0
221,496,12,0
221,497,13,0
221,498,41,0
221,499,12,0
221,500,13,0
221,501,41,0
221,502,12,1
221,503,35,1
221,504,12,1
221,505,35,1
221,506,12,0
221,507,13,0
221,508,41,0
221,509,12,1
221,510,13,1
221,511,41,1
221,512,12,0
221,513,13,0
221,514,14,0
221,515,12,0
221,516,13,0
221,517,14,0
221,518,12,0
221,519,13,0
221,520,14,0
221,521,12,0
221,522,13,0
221,523,14,0
221,524,12,0
221,525,13,0
221,526,14,0
221,527,60,1
221,528,12,1
221,529,35,1
221,530,12,1
221,531,35,1
221,532,60,1
221,533,60,0
221,534,60,0
221,535,25,1
221,536,42,1
221,537,25,1
221,538,42,1
221,539,25,1
221,540,42,1
221,541,25,1
221,542,42,1
221,543,25,1
221,544,42,1
221,545,25,1
221,546,42,1
221,547,11,1
221,548,11,1
221,549,11,0
221,550,11,1
221,551,11,1
221,552,11,1
221,553,16,1
221,554,16,1
221,555,16,1
221,556,16,1
221,557,14,1
221,558,14,0
221,559,14,1
221,560,14,0
221,561,14,1
221,562,14,1
221,563,14,0
221,564,14,1
221,565,14,1
221,566,14,1
221,567,19,1
221,568,19,0
221,569,60,1
221,570,60,1
221,571,60,1
221,572,60,1
221,573,60,1
221,574,35,0
221,575,41,0
221,576,12,1
221,577,35,1
221,578,12,1
221,579,35,1
221,580,12,1
221,581,35,1
221,582,41,1
221,583,35,1
221,584,14,0
221,585,14,0
221,586,14,1
221,587,14,1
221,588,14,1
221,589,14,0
221,590,14,1
221,591,14,1
221,592,14,1
221,593,14,1
221,594,14,1
221,595,41,0
221,596,41,0
221,597,34,1
221,598,34,1
221,599,34,1
221,600,34,0
221,601,34,0
221,602,34,1
221,603,34,1
221,604,34,1
221,605,34,1
221,606,34,1
221,607,23,0
221,608,23,1
221,609,23,1
221,610,23,1
221,611,23,1
221,612,23,1
221,613,23,1
221,614,23,1
221,615,23,1
221,616,23,0
221,617,23,1
221,618,23,1
221,619,23,1
221,620,23,1
221,621,23,1
221,622,4,1
221,623,16,1
221,624,4,1
221,625,15,1
221,626,3,0
221,627,3,0
221,628,3,0
221,629,29,1
221,630,3,1
221,631,29,0
221,632,3,0
221,633,29,0
221,634,3,0
221,635,29,0
221,636,3,0
221,637,29,1
221,638,3,1
221,639,3,1
221,640,17,1
221,641,17,0
221,642,17,1
221,643,17,1
221,644,17,1
221,645,17,1
221,646,17,1
221,647,6,1
221,648,9,1
221,649,6,1
221,650,5,1
221,651,6,1
221,652,9,1
221,653,6,1
221,654,9,1
221,655,6,0
221,656,8,0
221,657,6,1
221,658,7,1
221,659,6,0
221,660,8,0
221,661,6,1
221,662,7,1
221,663,6,0
221,664,8,0
221,665,6,1
221,666,9,1
221,667,32,1
221,668,32,1
221,669,32,1
221,670,32,1
221,671,32,1
221,672,52,1
221,673,51,1
221,674,29,0
221,675,3,0
221,676,29,0
221,677,3,0
221,678,29,1
221,679,3,1
221,680,29,0
221,681,3,0
221,682,29,1
221,683,3,1
221,684,49,1
221,685,12,1
221,686,13,1
221,687,41,1
221,688,12,1
221,689,13,1
221,690,14,1
221,691,12,1
221,692,13,1
221,693,29,1
221,694,3,1
221,695,29,1
221,696,3,1
221,697,29,1
221,698,3,1
221,699,29,0
221,700,3,0
221,701,50,1
221,702,50,0
221,703,50,1
221,704,50,1
221,705,50,1
221,706,48,1
221,707,50,0
221,708,50,0
221,709,50,1
221,710,50,0
221,711,50,0
221,712,50,0
221,713,50,1
221,714,51,1
221,715,50,1
221,716,50,1
221,717,50,1
221,718,50,1
221,719,50,1
221,720,50,1
221,721,50,1
221,722,50,1
221,723,50,1
221,724,16,0
221,725,16,1
221,726,16,1
221,727,16,1
221,728,16,1
221,729,16,0
221,730,16,1
221,731,16,1
221,732,16,1
221,733,16,1
221,734,53,1
221,735,49,1
221,736,53,1
221,737,54,1
221,738,28,1
221,739,28,0
221,740,28,1
221,741,28,1
221,742,28,1
221,743,28,1
221,744,28,1
221,745,93,0
221,746,93,0
221,747,92,0
221,748,93,0
221,749,93,0
221,750,94,1
221,751,94,1
221,752,93,0
221,753,94,1
221,754,11,0
221,755,37,1
221,756,37,1
221,757,30,1
221,758,30,1
221,759,30,1
221,760,30,1
221,761,30,1
221,762,30,1
221,763,37,1
221,764,30,1
221,765,37,1
221,766,24,0
222,0,21,1
222,1,21,1
222,2,21,1
222,3,20,1
222,4,20,1
222,5,27,0
222,6,40,1
222,7,23,0
222,8,23,1
222,9,40,0
222,10,40,0
222,11,40,1
222,12,40,0
222,13,40,0
222,14,40,0
222,15,40,1
222,16,40,1
222,17,40,1
222,18,23,1
222,19,23,1
222,20,25,1
222,21,23,1
222,22,25,1
222,23,23,1
222,24,22,1
222,25,23,1
222,26,23,1
222,27,40,1
222,28,27,1
222,29,40,1
222,30,60,1
222,31,24,1
222,32,60,1
222,33,19,1
222,34,24,1
222,35,46,0
222,36,46,1
222,37,26,0
222,38,26,0
222,39,26,1
222,40,26,1
222,41,26,1
222,42,26,1
222,43,26,0
222,44,26,1
222,45,26,1
222,46,26,0
222,47,26,1
222,48,26,1
222,49,26,1
222,50,26,1
222,51,26,1
222,52,26,1
222,53,37,0
222,54,30,0
222,55,37,1
222,56,30,1
222,57,37,1
222,58,30,1
222,59,37,0
222,60,30,0
222,61,37,1
222,62,30,1
222,63,37,1
222,64,30,1
222,65,37,1
222,66,30,1
222,67,30,0
222,68,30,0
222,69,30,0
222,70,30,1
222,71,30,0
222,72,30,1
222,73,30,1
222,74,30,0
222,75,30,0
222,76,30,1
222,77,34,1
222,78,78,0
222,79,67,1
222,80,34,1
222,81,34,0
222,82,67,1
222,83,34,0
223,0,22,1
223,1,20,1
223,2,20,1
223,3,20,1
223,4,21,1
223,5,21,1
223,6,21,1
223,7,21,1
223,8,18,1
223,9,33,1
223,10,33,1
223,11,37,1
223,12,37,1
223,13,37,1
223,14,30,1
223,15,30,1
223,16,37,1
223,17,30,1
223,18,69,1
223,19,69,1
223,20,69,1
223,21,69,1
223,22,24,0
223,23,24,1
223,24,24,1
223,25,24,1
223,26,24,1
223,27,24,1
223,28,19,1
223,29,19,1
223,30,60,1
223,31,27,1
223,32,27,1
223,33,59,1
223,34,34,1
223,35,34,1
223,36,34,1
223,37,41,1
223,38,41,1
223,39,41,1
223,40,35,1
223,41,21,1
223,42,14,1
223,43,14,1
223,44,26,0
223,45,26,1
223,46,26,1
223,47,26,1
223,48,26,0
223,49,26,1
223,50,26,0
223,51,26,0
223,52,26,1
223,53,26,1
223,54,26,1
223,55,26,0
223,56,26,1
223,57,26,1
223,58,26,1
223,59,26,0
223,60,70,1
223,61,70,0
223,62,70,1
223,63,26,0
223,64,26,0
223,65,26,1
223,66,26,1
223,67,26,0
223,68,26,0
223,69,26,0
223,70,26,1
223,71,26,1
223,72,26,1
223,73,26,1
223,74,26,1
223,75,26,1
223,76,70,0
223,77,70,1
223,78,70,0
223,79,70,1
223,80,70,0
223,81,70,1
223,82,70,1
223,83,70,1
223,84,70,0
223,85,70,1
223,86,70,1
223,87,70,1
223,88,70,0
223,89,70,1
223,90,70,1
223,91,70,1
223,92,70,1
223,93,70,0
223,94,70,1
223,95,70,1
223,96,26,1
223,97,26,1
223,98,26,1
223,99,26,0
223,100,26,1
223,101,26,1
223,102,26,1
223,103,26,0
223,104,26,1
223,105,26,1
223,106,26,1
223,107,66,0
223,108,66,0
223,109,66,1
223,110,66,0
223,111,43,1
223,112,43,1
223,113,43,1
223,114,43,1
223,115,43,1
223,116,72,0
223,117,26,1
223,118,42,1
223,119,43,1
223,120,68,0
223,121,58,1
223,122,58,0
223,123,58,1
223,124,58,0
223,125,58,1
223,126,68,1
223,127,25,1
223,128,42,1
223,129,31,0
223,130,80,0
223,131,18,0
223,132,80,1
223,133,18,1
223,134,80,0
223,135,18,0
223,136,80,1
223,137,18,1
223,138,80,1
223,139,18,1
223,140,31,0
223,141,31,1
223,142,31,1
223,143,31,1
223,144,31,1
223,145,31,1
223,146,83,1
223,147,2,0
223,148,2,1
223,149,2,0
223,150,1,1
223,151,42,1
223,152,28,1
223,153,57,0
223,154,57,1
223,155,57,1
223,156,57,1
223,157,28,1
223,158,28,0
223,159,28,1
223,160,28,1
223,161,28,1
223,162,28,1
223,163,2,0
223,164,2,1
223,165,2,1
223,166,68,0
223,167,68,1
223,168,68,1
223,169,68,0
223,170,68,1
223,171,68,1
223,172,68,0
223,173,68,1
223,174,68,1
223,175,68,1
223,176,66,0
223,177,66,1
223,178,66,0
223,179,66,1
223,180,66,0
223,181,66,0
223,182,66,1
223,183,66,0
223,184,66,0
223,185,66,0
223,186,66,1
223,187,66,0
223,188,66,0
223,189,42,1
223,190,43,1
223,191,42,1
223,192,43,1
223,193,66,0
223,194,66,1
223,195,66,0
223,196,66,0
223,197,66,0
223,198,66,1
223,199,66,0
223,200,66,0
223,201,66,0
223,202,66,1
223,203,66,1
223,204,66,0
223,205,66,0
223,206,66,1
223,207,66,0
223,208,25,1
223,209,42,1
223,210,25,0
223,211,42,0
223,212,25,1
223,213,42,1
223,214,25,1
223,215,42,1
223,216,25,1
223,217,42,1
223,218,25,1
223,219,42,1
223,220,42,1
223,221,42,1
223,222,26,0
223,223,26,0
223,224,26,1
223,225,26,1
223,226,26,1
223,227,58,0
223,228,58,1
223,229,58,0
223,230,58,0
223,231,58,0
223,232,58,0
223,233,58,0
223,234,36,0
223,235,36,1
223,236,36,0
223,237,36,0
223,238,36,1
223,239,26,0
223,240,26,1
223,241,26,1
223,242,26,1
223,243,26,1
223,244,36,0
223,245,68,1
223,246,68,1
223,247,66,0
223,248,66,1
223,249,66,1
223,250,66,1
223,251,66,1
223,252,66,1
223,253,66,1
223,254,25,1
223,255,42,1
223,256,25,1
223,257,42,1
223,258,25,1
223,259,42,1
223,260,25,1
223,261,42,1
223,262,25,1
223,263,42,1
223,264,58,0
223,265,58,1
223,266,58,0
223,267,58,0
223,268,58,0
223,269,58,0
223,270,58,1
223,271,58,1
223,272,36,1
223,273,36,1
223,274,36,1
223,275,84,0
223,276,28,0
223,277,84,0
223,278,28,0
223,279,84,0
223,280,28,0
223,281,84,1
223,282,28,1
223,283,84,0
223,284,28,0
223,285,64,0
223,286,84,1
223,287,28,1
223,288,84,1
223,289,28,1
223,290,84,1
223,291,28,1
223,292,85,0
223,293,64,1
223,294,85,0
223,295,64,1
223,296,85,1
223,297,64,1
223,298,64,1
223,299,28,1
223,300,80,0
223,301,80,1
223,302,80,0
223,303,18,0
223,304,80,1
223,305,80,1
223,306,80,1
223,307,58,0
223,308,58,0
223,309,58,0
223,310,58,0
223,311,58,0
223,312,58,1
223,313,58,0
223,314,58,0
223,315,26,1
223,316,26,1
223,317,26,0
223,318,26,1
223,319,26,1
223,320,26,1
223,321,26,0
223,322,26,1
223,323,26,1
223,324,26,1
223,325,26,1
223,326,26,1
223,327,26,1
223,328,70,1
223,329,70,1
223,330,72,1
223,331,70,1
223,332,70,1
223,333,70,1
223,334,70,1
223,335,70,0
223,336,70,1
223,337,70,1
223,338,70,1
223,339,70,1
223,340,70,1
223,341,70,1
223,342,72,1
223,343,72,1
223,344,58,1
223,345,58,1
223,346,58,1
223,347,26,1
223,348,26,0
223,349,26,1
223,350,26,0
223,351,26,0
223,352,26,1
223,353,26,1
223,354,26,1
223,355,26,1
223,356,26,0
223,357,26,1
223,358,26,1
223,359,26,1
223,360,26,1
223,361,70,1
223,362,26,1
223,363,26,1
223,364,26,1
223,365,26,0
223,366,39,1
223,367,86,1
223,368,86,1
223,369,75,1
223,370,10,1
223,371,10,0
223,372,10,1
223,373,10,1
223,374,10,1
223,375,10,1
223,376,35,1
223,377,10,0
223,378,35,0
223,379,10,1
223,380,35,1
223,381,10,1
223,382,35,1
223,383,10,1
223,384,35,1
223,385,10,0
223,386,35,0
223,387,10,1
223,388,35,1
223,389,10,1
223,390,35,1
223,391,10,1
223,392,35,1
223,393,6,1
223,394,8,1
223,395,6,1
223,396,9,1
223,397,6,0
223,398,8,0
223,399,6,1
223,400,7,1
223,401,6,1
223,402,7,1
223,403,6,1
223,404,7,1
223,405,17,1
223,406,17,1
223,407,17,1
223,408,11,1
223,409,4,1
223,410,9,1
223,411,4,1
223,412,9,1
223,413,4,1
223,414,5,1
223,415,4,0
223,416,5,0
223,417,50,1
223,418,4,1
223,419,7,1
223,420,4,1
223,421,7,1
223,422,50,1
223,423,50,1
223,424,5,0
223,425,5,1
223,426,9,1
223,427,5,1
223,428,9,1
223,429,4,1
223,430,22,1
223,431,25,0
223,432,42,0
223,433,25,1
223,434,42,1
223,435,25,1
223,436,42,1
223,437,25,1
223,438,42,1
223,439,25,1
223,440,42,1
223,441,25,1
223,442,42,1
223,443,25,1
223,444,42,1
223,445,25,1
223,446,42,1
223,447,3,1
223,448,3,1
223,449,29,1
223,450,25,0
223,451,42,0
223,452,25,1
223,453,42,1
223,454,25,0
223,455,42,0
223,456,25,0
223,457,42,0
223,458,18,1
223,459,32,1
223,460,5,1
223,461,25,1
223,462,42,1
223,463,25,1
223,464,42,1
223,465,4,1
223,466,22,1
223,467,4,1
223,468,22,1
223,469,4,1
223,470,22,1
223,471,25,1
223,472,42,1
223,473,25,1
223,474,42,1
223,475,25,1
223,476,42,1
223,477,25,1
223,478,42,1
223,479,32,1
223,480,5,1
223,481,12,1
223,482,13,1
223,483,41,1
223,484,12,1
223,485,13,1
223,486,14,1
223,487,18,1
223,488,18,1
223,489,18,0
223,490,18,1
223,491,18,1
223,492,18,1
223,493,18,1
223,494,18,1
223,495,24,1
223,496,24,1
223,497,24,1
223,498,24,1
223,499,24,1
223,500,74,1
223,501,74,1
223,502,74,1
223,503,74,1
223,504,74,1
223,505,60,0
223,506,19,1
223,507,60,1
223,508,60,1
223,509,60,1
223,510,60,1
223,511,60,1
223,512,19,1
223,513,19,1
223,514,19,0
223,515,19,0
223,516,19,0
223,517,19,1
223,518,19,1
223,519,19,1
223,520,19,0
223,521,19,1
223,522,19,1
223,523,19,1
223,524,19,1
223,525,19,1
223,526,12,1
223,527,13,1
223,528,12,0
223,529,13,0
223,530,12,1
223,531,13,1
223,532,14,1
223,533,12,1
223,534,13,1
223,535,12,1
223,536,13,1
223,537,14,1
223,538,12,1
223,539,35,1
223,540,12,1
223,541,35,1
223,542,11,0
223,543,11,1
223,544,11,1
223,545,11,0
223,546,11,1
223,547,14,0
223,548,14,0
223,549,14,0
223,550,14,0
223,551,14,1
223,552,14,0
223,553,14,0
223,554,14,0
223,555,14,0
223,556,14,0
223,557,12,1
223,558,35,1
223,559,11,1
223,560,11,1
223,561,11,1
223,562,16,1
223,563,16,1
223,564,16,1
223,565,16,1
223,566,12,1
223,567,35,1
223,568,41,1
223,569,41,1
223,570,12,0
223,571,35,0
223,572,41,1
223,573,35,1
223,574,12,1
223,575,35,1
223,576,35,1
223,577,41,0
223,578,41,1
223,579,41,0
223,580,4,1
223,581,16,1
223,582,4,1
223,583,16,1
223,584,3,0
223,585,3,0
223,586,3,0
223,587,3,0
223,588,3,0
223,589,3,0
223,590,3,0
223,591,29,1
223,592,3,1
223,593,23,0
223,594,23,1
223,595,23,1
223,596,23,1
223,597,23,1
223,598,23,1
223,599,49,1
223,600,3,0
223,601,3,1
223,602,29,1
223,603,3,1
223,604,29,1
223,605,3,1
223,606,29,1
223,607,3,1
223,608,29,1
223,609,3,1
223,610,29,0
223,611,3,0
223,612,29,1
223,613,3,1
223,614,29,1
223,615,3,1
223,616,29,1
223,617,3,1
223,618,52,1
223,619,48,1
223,620,50,1
223,621,50,1
223,622,51,1
223,623,50,1
223,624,50,1
223,625,50,1
223,626,50,1
223,627,50,1
223,628,50,1
223,629,50,1
223,630,50,1
223,631,50,1
223,632,50,1
223,633,14,0
223,634,14,1
223,635,14,0
223,636,14,0
223,637,14,1
223,638,14,0
223,639,14,0
223,640,14,1
223,641,14,0
223,642,14,0
223,643,14,1
223,644,17,1
223,645,17,1
223,646,17,1
223,647,17,1
223,648,17,1
223,649,6,1
223,650,7,1
223,651,32,1
223,652,9,1
223,653,32,1
223,654,32,1
223,655,32,1
223,656,32,0
223,657,9,0
223,658,32,1
223,659,32,0
223,660,9,0
223,661,32,1
223,662,32,1
223,663,9,1
223,664,32,1
223,665,9,1
223,666,14,0
223,667,35,1
223,668,41,1
223,669,35,1
223,670,41,1
223,671,41,1
223,672,14,1
223,673,14,0
223,674,14,1
223,675,14,1
223,676,14,0
223,677,14,1
223,678,14,1
223,679,14,1
223,680,14,1
223,681,14,1
223,682,41,1
223,683,41,1
223,684,41,1
223,685,41,1
223,686,41,1
223,687,34,1
223,688,34,1
223,689,34,1
223,690,34,1
223,691,34,0
223,692,34,1
223,693,34,1
223,694,34,1
223,695,34,1
223,696,34,0
223,697,6,1
223,698,7,1
223,699,6,1
223,700,5,1
223,701,6,1
223,702,9,1
223,703,6,0
223,704,8,0
223,705,6,1
223,706,7,1
223,707,6,1
223,708,9,1
223,709,6,0
223,710,5,0
223,711,6,1
223,712,7,1
223,713,6,1
223,714,9,1
223,715,6,1
223,716,8,1
223,717,32,1
223,718,32,1
223,719,9,1
223,720,16,0
223,721,16,1
223,722,16,1
223,723,16,1
223,724,16,1
223,725,16,1
223,726,3,1
223,727,3,1
223,728,3,1
223,729,93,1
223,730,53,0
223,731,53,1
223,732,53,0
223,733,53,1
223,734,53,0
223,735,54,1
223,736,54,1
223,737,49,1
223,738,53,1
223,739,54,1
223,740,28,1
223,741,28,1
223,742,28,0
223,743,28,0
223,744,28,0
223,745,28,0
223,746,28,0
223,747,28,0
223,748,28,0
223,749,28,0
223,750,53,1
223,751,28,1
223,752,28,0
223,753,28,1
223,754,28,1
223,755,28,1
223,756,28,1
223,757,28,1
224,0,37,1
224,1,37,1
224,2,30,1
224,3,30,1
224,4,37,1
224,5,30,1
224,6,37,0
224,7,37,0
224,8,37,1
224,9,37,1
224,10,37,1
224,11,24,1
224,12,24,1
224,13,24,1
224,14,19,1
224,15,60,1
224,16,20,1
224,17,21,1
224,18,20,1
224,19,21,1
224,20,21,1
224,21,27,1
224,22,27,1
224,23,59,1
224,24,19,1
224,25,60,1
224,26,40,0
224,27,40,0
224,28,40,0
224,29,40,1
224,30,40,1
224,31,40,1
224,32,40,1
224,33,40,1
224,34,34,1
224,35,34,0
224,36,34,1
224,37,34,0
224,38,34,1
224,39,34,1
224,40,34,1
224,41,34,1
224,42,18,1
224,43,21,1
224,44,60,1
224,45,41,1
224,46,35,1
224,47,14,1
224,48,14,1
224,49,36,0
224,50,26,1
224,51,26,1
224,52,26,1
224,53,26,1
224,54,26,0
224,55,26,1
224,56,26,1
224,57,26,0
224,58,70,0
224,59,70,1
224,60,70,0
224,61,70,1
224,62,70,1
224,63,26,0
224,64,26,1
224,65,26,1
224,66,26,1
224,67,26,0
224,68,26,1
224,69,26,1
224,70,26,1
224,71,26,0
224,72,26,0
224,73,26,1
224,74,26,1
224,75,26,1
224,76,26,1
224,77,26,1
224,78,26,1
224,79,26,1
224,80,58,1
224,81,58,1
224,82,26,1
224,83,42,1
224,84,26,1
224,85,25,0
224,86,42,0
224,87,25,1
224,88,42,1
224,89,25,0
224,90,42,0
224,91,1,0
224,92,1,1
224,93,1,1
224,94,1,1
224,95,1,1
224,96,1,1
224,97,1,1
224,98,1,0
224,99,57,1
224,100,31,1
224,101,31,1
224,102,31,1
224,103,68,0
224,104,68,0
224,105,68,1
224,106,68,1
224,107,68,1
224,108,82,1
224,109,68,1
224,110,2,0
224,111,2,1
224,112,2,1
224,113,2,1
224,114,2,1
224,115,2,1
224,116,2,1
224,117,1,1
224,118,1,1
224,119,43,1
224,120,43,1
224,121,43,1
224,122,72,1
224,123,42,1
224,124,43,1
224,125,25,1
224,126,42,1
224,127,25,1
224,128,42,1
224,129,39,1
224,130,77,1
224,131,79,1
224,132,77,0
224,133,79,0
224,134,77,1
224,135,79,1
224,136,77,1
224,137,79,1
224,138,77,1
224,139,79,1
224,140,66,0
224,141,77,1
224,142,79,1
224,143,80,0
224,144,18,0
224,145,80,0
224,146,18,0
224,147,80,1
224,148,80,1
224,149,80,1
224,150,18,1
224,151,86,1
224,152,87,1
224,153,75,0
224,154,75,1
224,155,75,1
224,156,75,0
224,157,28,1
224,158,28,1
224,159,28,1
224,160,28,0
224,161,28,0
224,162,28,1
224,163,28,1
224,164,28,1
224,165,28,1
224,166,64,1
224,167,85,0
224,168,84,0
224,169,28,0
224,170,66,0
224,171,66,1
224,172,66,1
224,173,66,1
224,174,66,1
224,175,66,0
224,176,66,0
224,177,84,1
224,178,28,1
224,179,84,1
224,180,28,1
224,181,85,0
224,182,66,1
224,183,66,1
224,184,64,1
224,185,85,1
224,186,30,1
224,187,30,1
224,188,30,0
224,189,75,1
224,190,75,0
224,191,75,1
224,192,75,1
224,193,75,0
224,194,75,1
224,195,75,1
224,196,75,0
224,197,75,1
224,198,75,1
224,199,75,0
224,200,30,1
224,201,30,1
224,202,30,1
224,203,30,1
224,204,30,1
224,205,75,0
224,206,75,0
224,207,75,1
224,208,75,0
224,209,75,0
224,210,75,1
224,211,75,1
224,212,75,1
224,213,75,1
224,214,75,1
224,215,75,1
224,216,37,1
224,217,30,1
224,218,37,1
224,219,30,1
224,220,37,1
224,221,30,1
224,222,37,1
224,223,30,1
224,224,37,1
224,225,30,1
224,226,26,1
224,227,26,1
224,228,26,0
224,229,26,1
224,230,26,1
224,231,26,1
224,232,26,1
224,233,26,1
224,234,70,0
224,235,70,1
224,236,70,1
224,237,70,0
224,238,70,1
224,239,70,1
224,240,70,1
224,241,70,1
224,242,70,0
224,243,70,0
224,244,70,1
224,245,70,1
224,246,70,0
224,247,70,1
224,248,70,0
224,249,70,1
224,250,70,1
224,251,70,1
224,252,70,1
224,253,26,0
224,254,26,1
224,255,26,1
224,256,26,1
224,257,26,0
224,258,26,1
224,259,26,1
224,260,26,1
224,261,26,1
224,262,26,1
224,263,26,1
224,264,26,1
224,265,26,1
224,266,70,1
224,267,41,1
224,268,41,1
224,269,41,1
224,270,41,1
224,271,41,1
224,272,70,1
224,273,70,1
224,274,70,1
224,275,70,0
224,276,70,1
224,277,70,1
224,278,70,1
224,279,70,1
224,280,70,1
224,281,70,1
224,282,70,1
224,283,70,1
224,284,52,1
224,285,52,1
224,286,48,1
224,287,50,0
224,288,50,1
224,289,50,1
224,290,50,1
224,291,50,1
224,292,50,0
224,293,50,1
224,294,50,1
224,295,50,0
224,296,50,0
224,297,50,1
224,298,51,1
224,299,50,1
224,300,50,1
224,301,50,1
224,302,50,1
224,303,50,0
224,304,50,0
224,305,50,0
224,306,50,0
224,307,50,0
224,308,50,0
224,309,50,0
224,310,50,1
224,311,50,0
224,312,50,0
224,313,28,0
224,314,49,1
224,315,28,1
224,316,28,0
224,317,28,1
224,318,28,1
224,319,28,1
224,320,28,1
224,321,28,1
224,322,53,1
224,323,54,1
224,324,53,1
224,325,50,1
224,326,50,1
224,327,19,1
224,328,19,1
224,329,19,0
224,330,50,1
224,331,50,0
224,332,50,0
224,333,50,1
224,334,50,0
224,335,3,1
224,336,3,1
224,337,29,1
224,338,12,1
224,339,13,1
224,340,41,1
224,341,50,1
224,342,50,1
224,343,12,0
224,344,13,0
224,345,14,0
224,346,12,0
224,347,13,0
224,348,14,0
224,349,12,1
224,350,13,1
224,351,14,1
224,352,12,1
224,353,13,1
224,354,41,1
224,355,12,1
224,356,13,1
224,357,14,1
224,358,50,0
224,359,50,1
224,360,50,0
224,361,96,1
224,362,19,1
224,363,19,1
224,364,19,1
224,365,19,0
224,366,19,1
224,367,19,1
224,368,19,1
224,369,19,1
224,370,19,1
224,371,60,1
224,372,60,1
224,373,60,1
224,374,60,1
224,375,60,1
224,376,74,1
224,377,74,1
224,378,74,1
224,379,74,1
224,380,74,1
224,381,24,1
224,382,24,1
224,383,24,1
224,384,24,1
224,385,24,1
224,386,18,1
224,387,18,1
224,388,18,1
224,389,18,1
224,390,18,1
224,391,14,1
224,392,14,1
224,393,14,1
224,394,14,1
224,395,14,1
224,396,35,1
224,397,12,1
224,398,35,1
224,399,35,1
224,400,41,1
224,401,12,0
224,402,35,0
224,403,12,1
224,404,35,1
224,405,41,1
224,406,35,1
224,407,35,1
224,408,41,1
224,409,41,1
224,410,11,1
224,411,12,1
224,412,35,1
224,413,12,1
224,414,35,1
224,415,50,1
224,416,50,1
224,417,11,1
224,418,11,1
224,419,11,1
224,420,41,1
224,421,41,1
224,422,4,1
224,423,8,1
224,424,4,1
224,425,8,1
224,426,41,1
224,427,41,1
224,428,34,1
224,429,34,1
224,430,34,1
224,431,34,1
224,432,34,1
224,433,23,1
224,434,23,1
224,435,23,1
224,436,23,1
224,437,23,1
224,438,23,1
224,439,23,1
224,440,23,1
224,441,17,1
224,442,17,1
224,443,17,1
224,444,17,1
224,445,17,1
224,446,6,0
224,447,8,0
224,448,6,1
224,449,8,1
224,450,6,1
224,451,9,1
224,452,6,1
224,453,9,1
224,454,6,1
224,455,5,1
224,456,6,1
224,457,9,1
224,458,32,0
224,459,32,1
224,460,32,1
224,461,32,1
224,462,32,1
224,463,32,1
224,464,4,1
224,465,5,1
224,466,4,0
224,467,5,0
224,468,4,1
224,469,5,1
224,470,4,1
224,471,5,1
224,472,4,1
224,473,7,1
224,474,4,1
224,475,7,1
224,476,4,1
224,477,9,1
224,478,4,1
224,479,9,1
224,480,9,1
224,481,8,1
224,482,4,1
224,483,22,1
224,484,16,1
224,485,16,1
224,486,16,0
224,487,16,1
224,488,16,1
224,489,16,0
224,490,16,1
224,491,16,0
224,492,16,1
224,493,16,0
224,494,16,1
224,495,16,1
224,496,16,1
224,497,16,1
224,498,3,0
224,499,25,0
224,500,42,0
224,501,25,0
224,502,42,0
224,503,25,1
224,504,42,1
224,505,25,1
224,506,42,1
224,507,25,1
224,508,42,1
224,509,25,1
224,510,42,1
224,511,25,1
224,512,42,1
224,513,25,1
224,514,42,1
224,515,16,1
224,516,16,1
224,517,16,1
224,518,16,1
224,519,4,1
224,520,16,1
224,521,4,1
224,522,16,1
224,523,3,1
224,524,29,1
224,525,3,1
224,526,29,1
224,527,3,1
224,528,29,1
224,529,3,1
224,530,29,1
224,531,3,1
224,532,16,1
224,533,29,1
224,534,3,1
224,535,17,1
224,536,17,1
224,537,32,0
224,538,9,0
224,539,32,1
224,540,9,1
224,541,32,0
224,542,5,0
224,543,32,1
224,544,5,1
224,545,32,1
224,546,5,1
224,547,32,1
224,548,5,1
224,549,6,1
224,550,8,1
224,551,6,1
224,552,7,1
224,553,17,1
224,554,16,1
224,555,16,1
224,556,16,1
224,557,6,0
224,558,8,0
224,559,10,1
224,560,3,0
224,561,3,1
224,562,3,1
224,563,3,1
224,564,10,1
224,565,10,1
224,566,10,0
224,567,10,1
224,568,10,1
224,569,10,1
224,570,10,0
224,571,35,0
224,572,10,1
224,573,35,1
224,574,10,1
224,575,35,1
224,576,10,0
224,577,35,0
224,578,10,1
224,579,35,1
224,580,10,1
224,581,35,1
224,582,32,1
224,583,5,1
224,584,32,1
224,585,5,1
224,586,11,1
224,587,11,1
225,0,22,1
225,1,20,1
225,2,20,1
225,3,20,1
225,4,21,1
225,5,21,1
225,6,21,1
225,7,21,1
225,8,18,0
225,9,18,0
225,10,18,1
225,11,18,0
225,12,18,0
225,13,18,0
225,14,18,0
225,15,18,0
225,16,18,0
225,17,18,1
225,18,18,0
225,19,18,0
225,20,18,1
225,21,33,1
225,22,33,1
225,23,18,1
225,24,18,1
225,25,37,1
225,26,37,1
225,27,37,0
225,28,37,1
225,29,37,1
225,30,37,0
225,31,37,1
225,32,37,1
225,33,37,1
225,34,30,1
225,35,30,1
225,36,37,1
225,37,30,1
225,38,69,0
225,39,69,0
225,40,69,1
225,41,69,1
225,42,69,1
225,43,69,0
225,44,69,0
225,45,69,0
225,46,69,0
225,47,69,0
225,48,69,0
225,49,69,0
225,50,69,0
225,51,69,0
225,52,69,0
225,53,69,0
225,54,69,0
225,55,69,0
225,56,69,0
225,57,69,0
225,58,24,1
225,59,24,1
225,60,24,0
225,61,24,0
225,62,24,0
225,63,24,0
225,64,24,1
225,65,24,1
225,66,24,1
225,67,69,0
225,68,69,1
225,69,69,1
225,70,19,1
225,71,19,1
225,72,60,0
225,73,60,0
225,74,60,0
225,75,60,1
225,76,60,0
225,77,60,1
225,78,60,1
225,79,27,0
225,80,27,0
225,81,27,0
225,82,27,1
225,83,27,1
225,84,27,0
225,85,27,1
225,86,27,0
225,87,27,0
225,88,60,1
225,89,40,1
225,90,59,1
225,91,27,0
225,92,27,0
225,93,27,1
225,94,27,1
225,95,27,1
225,96,27,1
225,97,34,1
225,98,34,0
225,99,34,0
225,100,34,0
225,101,34,0
225,102,34,0
225,103,34,1
225,104,34,1
225,105,34,1
225,106,21,0
225,107,21,0
225,108,21,0
225,109,21,1
225,110,21,0
225,111,14,1
225,112,14,1
225,113,34,1
225,114,21,1
225,115,21,1
225,116,21,1
225,117,26,1
225,118,26,1
225,119,58,1
225,120,58,0
225,121,58,0
225,122,58,0
225,123,58,0
225,124,26,1
225,125,42,0
225,126,42,1
225,127,42,1
225,128,42,1
225,129,25,0
225,130,42,0
225,131,25,0
225,132,42,0
225,133,25,0
225,134,42,0
225,135,25,0
225,136,42,0
225,137,25,0
225,138,42,0
225,139,25,0
225,140,42,0
225,141,25,0
225,142,42,0
225,143,25,0
225,144,42,0
225,145,25,0
225,146,42,0
225,147,25,0
225,148,42,0
225,149,25,0
225,150,42,0
225,151,25,0
225,152,42,0
225,153,25,0
225,154,42,0
225,155,25,0
225,156,42,0
225,157,25,0
225,158,42,0
225,159,25,1
225,160,42,1
225,161,42,1
225,162,43,1
225,163,68,0
225,164,68,0
225,165,68,0
225,166,68,0
225,167,68,0
225,168,68,0
225,169,68,0
225,170,68,0
225,171,68,0
225,172,68,0
225,173,68,0
225,174,68,0
225,175,68,0
225,176,68,0
225,177,1,0
225,178,1,1
225,179,1,1
225,180,1,1
225,181,1,0
225,182,1,0
225,183,1,0
225,184,1,0
225,185,1,0
225,186,1,0
225,187,1,1
225,188,1,0
225,189,1,0
225,190,1,0
225,191,1,0
225,192,1,0
225,193,1,0
225,194,1,1
225,195,1,0
225,196,1,1
225,197,1,0
225,198,1,1
225,199,1,0
225,200,1,0
225,201,1,0
225,202,1,0
225,203,1,0
225,204,1,0
225,205,1,0
225,206,1,0
225,207,1,0
225,208,1,0
225,209,1,0
225,210,1,1
225,211,1,0
225,212,1,1
225,213,1,0
225,214,1,0
225,215,1,0
225,216,1,0
225,217,1,0
225,218,1,0
225,219,1,1
225,220,1,1
225,221,1,0
225,222,1,0
225,223,1,0
225,224,1,0
225,225,1,0
225,226,1,1
225,227,1,0
225,228,1,1
225,229,1,0
225,230,1,0
225,231,1,0
225,232,1,0
225,233,80,1
225,234,18,1
225,235,57,1
225,236,41,0
225,237,41,0
225,238,26,1
225,239,26,1
225,240,26,1
225,241,26,0
225,242,26,1
225,243,26,1
225,244,26,1
225,245,26,0
225,246,26,1
225,247,28,0
225,248,28,0
225,249,28,0
225,250,28,0
225,251,28,0
225,252,28,0
225,253,28,0
225,254,28,0
225,255,28,1
225,256,31,0
225,257,41,1
225,258,41,0
225,259,41,1
225,260,41,1
225,261,41,1
225,262,41,0
225,263,41,1
225,264,35,0
225,265,35,1
225,266,35,1
225,267,35,1
225,268,36,0
225,269,36,0
225,270,36,0
225,271,36,0
225,272,36,1
225,273,26,0
225,274,26,1
225,275,26,0
225,276,26,0
225,277,26,0
225,278,26,1
225,279,26,0
225,280,26,1
225,281,26,1
225,282,26,0
225,283,26,0
225,284,26,1
225,285,26,1
225,286,26,0
225,287,26,0
225,288,26,1
225,289,26,1
225,290,26,0
225,291,26,0
225,292,26,1
225,293,26,1
225,294,26,0
225,295,26,1
225,296,26,1
225,297,26,1
225,298,26,0
225,299,26,1
225,300,26,1
225,301,26,1
225,302,26,0
225,303,26,1
225,304,26,1
225,305,26,1
225,306,26,0
225,307,26,1
225,308,26,1
225,309,26,1
225,310,26,0
225,311,26,1
225,312,26,1
225,313,26,1
225,314,26,0
225,315,26,1
225,316,26,1
225,317,26,1
225,318,26,0
225,319,26,1
225,320,26,1
225,321,26,1
225,322,26,1
225,323,26,1
225,324,26,0
225,325,26,0
225,326,26,1
225,327,26,0
225,328,26,1
225,329,26,1
225,330,28,1
225,331,28,1
225,332,28,0
225,333,28,1
225,334,28,1
225,335,28,1
225,336,28,1
225,337,31,0
225,338,31,0
225,339,31,0
225,340,26,1
225,341,26,1
225,342,70,1
225,343,70,1
225,344,70,1
225,345,58,1
225,346,58,1
225,347,58,0
225,348,58,1
225,349,58,1
225,350,58,1
225,351,25,1
225,352,42,1
225,353,25,1
225,354,42,1
225,355,25,0
225,356,42,0
225,357,25,1
225,358,42,1
225,359,25,1
225,360,42,1
225,361,25,1
225,362,42,1
225,363,26,0
225,364,26,1
225,365,26,0
225,366,26,1
225,367,26,1
225,368,26,1
225,369,72,0
225,370,72,0
225,371,72,1
225,372,72,1
225,373,72,0
225,374,43,0
225,375,43,1
225,376,43,1
225,377,43,1
225,378,43,1
225,379,43,1
225,380,66,0
225,381,66,0
225,382,66,0
225,383,66,0
225,384,66,0
225,385,28,0
225,386,28,0
225,387,28,0
225,388,28,0
225,389,28,1
225,390,28,1
225,391,68,0
225,392,68,0
225,393,68,1
225,394,68,1
225,395,68,1
225,396,68,1
225,397,68,1
225,398,68,1
225,399,1,0
225,400,1,1
225,401,1,1
225,402,1,1
225,403,1,0
225,404,1,1
225,405,1,0
225,406,1,0
225,407,1,0
225,408,1,1
225,409,1,1
225,410,1,1
225,411,1,0
225,412,1,1
225,413,1,1
225,414,1,1
225,415,1,0
225,416,1,0
225,417,1,1
225,418,1,1
225,419,1,0
225,420,1,1
225,421,1,1
225,422,1,1
225,423,1,0
225,424,1,1
225,425,1,1
225,426,1,1
225,427,1,0
225,428,1,1
225,429,1,1
225,430,1,1
225,431,1,0
225,432,1,1
225,433,1,1
225,434,1,1
225,435,1,0
225,436,1,1
225,437,1,1
225,438,1,1
225,439,1,1
225,440,2,0
225,441,2,0
225,442,2,1
225,443,2,1
225,444,2,0
225,445,2,0
225,446,2,1
225,447,2,1
225,448,2,1
225,449,2,1
225,450,2,1
225,451,83,0
225,452,1,1
225,453,81,1
225,454,82,1
225,455,31,0
225,456,31,1
225,457,31,1
225,458,31,1
225,459,31,1
225,460,31,1
225,461,31,1
225,462,28,1
225,463,28,1
225,464,70,1
225,465,70,1
225,466,70,1
225,467,31,1
225,468,31,1
225,469,31,0
225,470,66,0
225,471,66,0
225,472,66,0
225,473,66,0
225,474,66,0
225,475,66,1
225,476,66,1
225,477,66,1
225,478,66,0
225,479,66,0
225,480,66,1
225,481,66,1
225,482,28,0
225,483,41,1
225,484,41,1
225,485,41,1
225,486,41,1
225,487,36,0
225,488,36,0
225,489,36,1
225,490,36,1
225,491,36,1
225,492,26,1
225,493,26,1
225,494,26,1
225,495,26,1
225,496,26,1
225,497,26,1
225,498,26,1
225,499,26,1
225,500,25,1
225,501,42,1
225,502,25,0
225,503,42,0
225,504,25,1
225,505,42,1
225,506,25,1
225,507,42,1
225,508,25,1
225,509,42,1
225,510,25,1
225,511,42,1
225,512,25,1
225,513,42,1
225,514,25,1
225,515,42,1
225,516,72,1
225,517,72,1
225,518,72,1
225,519,66,0
225,520,66,0
225,521,66,1
225,522,66,1
225,523,66,1
225,524,66,0
225,525,66,0
225,526,66,1
225,527,66,1
225,528,66,0
225,529,66,0
225,530,66,1
225,531,66,1
225,532,66,0
225,533,66,0
225,534,66,1
225,535,66,1
225,536,66,0
225,537,66,0
225,538,66,1
225,539,66,1
225,540,66,0
225,541,66,0
225,542,66,1
225,543,66,1
225,544,66,1
225,545,1,0
225,546,1,1
225,547,1,1
225,548,1,1
225,549,1,1
225,550,1,1
225,551,1,1
225,552,1,1
225,553,1,1
225,554,1,1
225,555,1,1
225,556,28,0
225,557,28,0
225,558,28,1
225,559,28,1
225,560,28,1
225,561,84,0
225,562,28,0
225,563,84,1
225,564,28,1
225,565,84,0
225,566,28,0
225,567,84,0
225,568,28,0
225,569,84,1
225,570,28,1
225,571,84,1
225,572,28,1
225,573,84,1
225,574,28,1
225,575,25,0
225,576,42,0
225,577,25,1
225,578,42,1
225,579,25,0
225,580,42,0
225,581,25,1
225,582,42,1
225,583,25,1
225,584,42,1
225,585,25,1
225,586,42,1
225,587,25,0
225,588,42,0
225,589,25,0
225,590,42,0
225,591,25,1
225,592,42,1
225,593,64,0
225,594,64,0
225,595,64,1
225,596,64,1
225,597,64,1
225,598,85,0
225,599,64,0
225,600,64,0
225,601,85,0
225,602,85,0
225,603,64,0
225,604,64,0
225,605,64,1
225,606,64,1
225,607,85,1
225,608,39,1
225,609,86,1
225,610,39,1
225,611,75,1
225,612,66,0
225,613,66,0
225,614,66,1
225,615,66,1
225,616,66,0
225,617,66,1
225,618,66,1
225,619,66,0
225,620,66,0
225,621,66,0
225,622,66,1
225,623,66,1
225,624,66,0
225,625,66,1
225,626,66,1
225,627,66,1
225,628,66,0
225,629,66,0
225,630,66,1
225,631,66,1
225,632,66,0
225,633,66,0
225,634,66,1
225,635,66,0
225,636,66,0
225,637,66,0
225,638,66,1
225,639,66,0
225,640,66,1
225,641,10,0
225,642,10,0
225,643,10,0
225,644,10,0
225,645,10,0
225,646,10,1
225,647,10,0
225,648,66,0
225,649,10,0
225,650,10,1
225,651,10,1
225,652,10,1
225,653,10,0
225,654,10,0
225,655,10,1
225,656,10,1
225,657,10,1
225,658,66,0
225,659,66,0
225,660,66,1
225,661,66,1
225,662,66,1
225,663,10,1
225,664,10,1
225,665,10,0
225,666,35,0
225,667,10,0
225,668,35,0
225,669,10,0
225,670,35,0
225,671,10,1
225,672,35,1
225,673,10,1
225,674,35,1
225,675,10,0
225,676,35,0
225,677,10,0
225,678,35,0
225,679,10,0
225,680,35,0
225,681,10,0
225,682,35,0
225,683,10,0
225,684,35,0
225,685,10,1
225,686,35,1
225,687,10,1
225,688,35,1
225,689,10,1
225,690,35,1
225,691,10,1
225,692,35,1
225,693,10,1
225,694,35,1
225,695,6,1
225,696,8,1
225,697,6,1
225,698,9,1
225,699,6,1
225,700,9,1
225,701,17,1
225,702,17,1
225,703,11,0
225,704,11,1
225,705,11,0
225,706,11,1
225,707,11,1
225,708,11,1
225,709,4,1
225,710,9,1
225,711,4,1
225,712,9,1
225,713,4,0
225,714,5,0
225,715,4,1
225,716,5,1
225,717,4,1
225,718,5,1
225,719,4,1
225,720,5,1
225,721,4,1
225,722,7,1
225,723,4,1
225,724,7,1
225,725,5,0
225,726,8,1
225,727,5,1
225,728,8,1
225,729,8,1
225,730,4,1
225,731,22,1
225,732,25,0
225,733,42,0
225,734,25,1
225,735,42,1
225,736,25,1
225,737,42,1
225,738,25,0
225,739,42,0
225,740,25,1
225,741,42,1
225,742,25,1
225,743,42,1
225,744,25,1
225,745,42,1
225,746,3,0
225,747,3,0
225,748,3,1
225,749,3,1
225,750,3,0
225,751,29,1
225,752,18,1
225,753,4,0
225,754,22,0
225,755,4,1
225,756,22,1
225,757,25,1
225,758,42,1
225,759,4,0
225,760,22,0
225,761,4,1
225,762,22,1
225,763,25,1
225,764,42,1
225,765,25,1
225,766,42,1
225,767,25,1
225,768,42,1
225,769,25,1
225,770,42,1
225,771,25,0
225,772,42,0
225,773,25,0
225,774,42,0
225,775,25,0
225,776,42,0
225,777,25,0
225,778,42,0
225,779,25,0
225,780,42,0
225,781,25,1
225,782,42,1
225,783,3,1
225,784,3,1
225,785,3,1
225,786,24,0
225,787,32,0
225,788,9,0
225,789,32,1
225,790,5,1
225,791,32,0
225,792,9,0
225,793,32,0
225,794,5,0
225,795,32,0
225,796,5,0
225,797,12,0
225,798,35,0
225,799,12,1
225,800,13,1
225,801,41,1
225,802,18,0
225,803,18,1
225,804,18,1
225,805,18,0
225,806,18,1
225,807,18,1
225,808,18,1
225,809,18,1
225,810,18,0
225,811,18,1
225,812,24,1
225,813,24,1
225,814,24,0
225,815,24,1
225,816,24,1
225,817,24,1
225,818,24,0
225,819,24,1
225,820,24,1
225,821,24,1
225,822,74,1
225,823,74,1
225,824,74,0
225,825,74,1
225,826,74,1
225,827,74,1
225,828,74,1
225,829,60,0
225,830,19,1
225,831,19,0
225,832,19,0
225,833,12,0
225,834,35,0
225,835,25,1
225,836,42,1
225,837,25,1
225,838,42,1
225,839,25,0
225,840,42,0
225,841,25,1
225,842,42,1
225,843,25,1
225,844,42,1
225,845,32,0
225,846,5,0
225,847,32,0
225,848,9,0
225,849,32,1
225,850,5,1
225,851,32,0
225,852,5,0
225,853,32,1
225,854,5,1
225,855,32,1
225,856,5,1
225,857,32,1
225,858,5,1
225,859,12,0
225,860,13,0
225,861,41,0
225,862,12,0
225,863,13,0
225,864,41,0
225,865,12,0
225,866,35,0
225,867,12,0
225,868,35,0
225,869,11,0
225,870,11,0
225,871,11,1
225,872,16,1
225,873,16,1
225,874,16,0
225,875,16,1
225,876,16,1
225,877,16,1
225,878,11,1
225,879,11,1
225,880,11,1
225,881,12,0
225,882,13,0
225,883,14,0
225,884,12,1
225,885,13,1
225,886,14,1
225,887,12,1
225,888,13,1
225,889,12,1
225,890,13,1
225,891,14,1
225,892,12,0
225,893,13,0
225,894,14,0
225,895,12,0
225,896,35,0
225,897,12,1
225,898,13,1
225,899,14,1
225,900,12,0
225,901,35,0
225,902,12,0
225,903,35,0
225,904,12,1
225,905,35,1
225,906,12,0
225,907,35,0
225,908,12,0
225,909,13,0
225,910,41,0
225,911,12,0
225,912,35,0
225,913,12,0
225,914,13,0
225,915,41,0
225,916,12,0
225,917,13,0
225,918,41,0
225,919,25,1
225,920,42,1
225,921,25,0
225,922,42,0
225,923,25,1
225,924,42,1
225,925,25,1
225,926,42,1
225,927,25,1
225,928,42,1
225,929,25,1
225,930,42,1
225,931,25,0
225,932,42,0
225,933,25,0
225,934,42,0
225,935,25,1
225,936,42,1
225,937,25,0
225,938,42,0
225,939,25,1
225,940,42,1
225,941,25,1
225,942,42,1
225,943,18,1
225,944,18,1
225,945,18,1
225,946,18,1
225,947,24,1
225,948,24,1
225,949,74,1
225,950,60,0
225,951,60,0
225,952,60,0
225,953,60,0
225,954,60,0
225,955,60,0
225,956,60,0
225,957,60,0
225,958,60,0
225,959,60,0
225,960,19,0
225,961,19,1
225,962,19,1
225,963,19,1
225,964,19,0
225,965,19,1
225,966,19,1
225,967,19,1
225,968,19,1
225,969,19,1
225,970,14,0
225,971,14,1
225,972,14,0
225,973,14,1
225,974,14,1
225,975,14,0
225,976,14,0
225,977,14,0
225,978,14,1
225,979,14,1
225,980,34,1
225,981,34,1
225,982,34,1
225,983,34,1
225,984,34,1
225,985,41,0
225,986,41,1
225,987,41,0
225,988,35,0
225,989,41,0
225,990,41,0
225,991,35,0
225,992,35,0
225,993,12,0
225,994,35,0
225,995,35,0
225,996,41,0
225,997,41,0
225,998,41,0
225,999,41,0
225,1000,41,0
225,1001,41,0
225,1002,41,0
225,1003,41,0
225,1004,41,0
225,1005,41,0
225,1006,4,0
225,1007,15,0
225,1008,4,1
225,1009,16,1
225,1010,4,1
225,1011,16,1
225,1012,4,1
225,1013,15,1
225,1014,3,0
225,1015,3,0
225,1016,3,0
225,1017,3,0
225,1018,3,0
225,1019,3,0
225,1020,3,1
225,1021,29,0
225,1022,3,0
225,1023,29,0
225,1024,3,0
225,1025,29,0
225,1026,3,0
225,1027,29,1
225,1028,3,1
225,1029,29,0
225,1030,3,0
225,1031,12,1
225,1032,13,1
225,1033,14,1
225,1034,23,0
225,1035,23,0
225,1036,23,0
225,1037,23,1
225,1038,23,1
225,1039,23,1
225,1040,23,1
225,1041,23,1
225,1042,25,1
225,1043,42,1
225,1044,12,1
225,1045,35,1
225,1046,29,1
225,1047,3,1
225,1048,29,0
225,1049,3,0
225,1050,29,1
225,1051,3,1
225,1052,29,1
225,1053,3,1
225,1054,29,1
225,1055,3,1
225,1056,25,1
225,1057,42,1
225,1058,25,0
225,1059,42,0
225,1060,25,1
225,1061,42,1
225,1062,25,1
225,1063,42,1
225,1064,25,1
225,1065,42,1
225,1066,25,1
225,1067,42,1
225,1068,25,1
225,1069,42,1
225,1070,41,1
225,1071,60,1
225,1072,60,1
225,1073,60,1
225,1074,60,1
225,1075,60,1
225,1076,29,0
225,1077,3,0
225,1078,29,1
225,1079,3,1
225,1080,25,1
225,1081,42,1
225,1082,25,1
225,1083,42,1
225,1084,14,1
225,1085,14,1
225,1086,14,1
225,1087,41,1
225,1088,12,1
225,1089,35,1
225,1090,12,1
225,1091,35,1
225,1092,41,1
225,1093,35,1
225,1094,41,1
225,1095,41,0
225,1096,41,1
225,1097,41,1
225,1098,41,1
225,1099,41,0
225,1100,41,1
225,1101,41,1
225,1102,41,1
225,1103,41,1
225,1104,23,1
225,1105,23,1
225,1106,49,1
225,1107,52,1
225,1108,48,1
225,1109,17,1
225,1110,17,0
225,1111,17,1
225,1112,17,1
225,1113,17,1
225,1114,17,1
225,1115,17,1
225,1116,6,1
225,1117,7,1
225,1118,6,0
225,1119,5,0
225,1120,6,1
225,1121,5,1
225,1122,6,1
225,1123,9,1
225,1124,6,1
225,1125,9,1
225,1126,6,1
225,1127,9,1
225,1128,6,1
225,1129,7,1
225,1130,32,0
225,1131,5,0
225,1132,32,0
225,1133,9,0
225,1134,32,0
225,1135,9,0
225,1136,32,1
225,1137,5,1
225,1138,32,1
225,1139,5,1
225,1140,32,1
225,1141,5,1
225,1142,32,1
225,1143,5,1
225,1144,32,1
225,1145,5,1
225,1146,50,1
225,1147,50,0
225,1148,50,1
225,1149,50,1
225,1150,50,1
225,1151,29,0
225,1152,3,0
225,1153,16,1
225,1154,16,1
225,1155,4,1
225,1156,16,1
225,1157,51,1
225,1158,51,1
225,1159,50,0
225,1160,50,0
225,1161,50,0
225,1162,50,1
225,1163,50,1
225,1164,50,1
225,1165,50,0
225,1166,50,1
225,1167,50,1
225,1168,50,1
225,1169,50,0
225,1170,50,0
225,1171,50,1
225,1172,50,0
225,1173,50,0
225,1174,50,0
225,1175,50,1
225,1176,50,1
225,1177,50,0
225,1178,50,0
225,1179,50,0
225,1180,50,0
225,1181,50,0
225,1182,50,0
225,1183,50,0
225,1184,50,0
225,1185,50,0
225,1186,50,1
225,1187,50,0
225,1188,50,1
225,1189,50,1
225,1190,50,1
225,1191,50,1
225,1192,50,1
225,1193,53,1
225,1194,49,1
225,1195,53,0
225,1196,54,0
225,1197,53,1
225,1198,54,1
225,1199,53,0
225,1200,54,0
225,1201,53,1
225,1202,54,1
225,1203,53,1
225,1204,54,1
225,1205,92,0
225,1206,93,0
225,1207,92,0
225,1208,93,0
225,1209,94,0
225,1210,93,0
225,1211,93,0
225,1212,28,1
225,1213,28,0
225,1214,28,0
225,1215,28,1
225,1216,28,1
225,1217,28,0
225,1218,28,1
225,1219,28,1
225,1220,28,0
225,1221,28,0
225,1222,94,0
225,1223,93,0
225,1224,4,0
225,1225,16,0
225,1226,16,0
225,1227,16,0
225,1228,16,0
225,1229,16,0
225,1230,16,0
225,1231,4,0
225,1232,16,0
225,1233,16,0
225,1234,28,0
225,1235,28,0
225,1236,28,0
225,1237,28,1
225,1238,28,1
225,1239,28,0
225,1240,28,1
225,1241,28,0
225,1242,28,0
225,1243,28,0
225,1244,28,1
225,1245,28,1
225,1246,28,0
225,1247,28,1
225,1248,92,0
225,1249,11,1
225,1250,11,1
225,1251,32,0
225,1252,9,0
225,1253,32,1
225,1254,5,1
225,1255,32,0
225,1256,9,0
225,1257,32,1
225,1258,5,1
225,1259,32,0
225,1260,9,0
226,0,22,1
226,1,20,1
226,2,20,1
226,3,20,1
226,4,21,1
226,5,21,1
226,6,21,1
226,7,21,1
226,8,18,0
226,9,33,1
226,10,33,1
226,11,37,1
226,12,37,1
226,13,37,1
226,14,30,1
226,15,30,1
226,16,37,0
226,17,30,0
226,18,37,1
226,19,30,1
226,20,37,1
226,21,30,1
226,22,37,1
226,23,30,1
226,24,24,1
226,25,69,0
226,26,69,1
226,27,69,1
226,28,69,1
226,29,69,0
226,30,69,1
226,31,69,1
226,32,69,1
226,33,24,0
226,34,24,1
226,35,24,1
226,36,24,1
226,37,24,0
226,38,24,1
226,39,24,1
226,40,24,1
226,41,19,0
226,42,19,1
226,43,19,1
226,44,19,1
226,45,19,1
226,46,60,0
226,47,60,0
226,48,60,1
226,49,60,1
226,50,60,1
226,51,27,1
226,52,27,1
226,53,59,0
226,54,59,0
226,55,59,1
226,56,59,1
226,57,59,1
226,58,34,1
226,59,34,0
226,60,34,1
226,61,34,1
226,62,34,1
226,63,34,1
226,64,41,0
226,65,41,1
226,66,41,0
226,67,41,1
226,68,41,1
226,69,41,1
226,70,35,0
226,71,35,1
226,72,35,1
226,73,35,1
226,74,21,0
226,75,21,0
226,76,21,1
226,77,21,1
226,78,21,1
226,79,26,1
226,80,26,0
226,81,26,1
226,82,26,1
226,83,26,1
226,84,26,0
226,85,26,0
226,86,26,0
226,87,26,0
226,88,26,1
226,89,26,1
226,90,26,1
226,91,70,0
226,92,70,1
226,93,70,1
226,94,70,1
226,95,70,1
226,96,70,1
226,97,70,1
226,98,14,0
226,99,14,0
226,100,14,1
226,101,14,1
226,102,14,1
226,103,14,1
226,104,36,1
226,105,26,1
226,106,26,1
226,107,26,1
226,108,26,1
226,109,26,1
226,110,70,1
226,111,70,1
226,112,70,1
226,113,70,0
226,114,70,1
226,115,70,1
226,116,70,1
226,117,70,1
226,118,70,1
226,119,70,1
226,120,70,1
226,121,26,0
226,122,26,1
226,123,26,1
226,124,26,1
226,125,58,1
226,126,58,1
226,127,70,1
226,128,70,1
226,129,70,1
226,130,70,1
226,131,70,0
226,132,70,1
226,133,70,1
226,134,70,0
226,135,70,1
226,136,70,1
226,137,70,1
226,138,70,1
226,139,26,1
226,140,26,0
226,141,26,1
226,142,26,1
226,143,26,1
226,144,26,0
226,145,42,1
226,146,25,0
226,147,42,0
226,148,25,1
226,149,42,1
226,150,25,1
226,151,42,1
226,152,25,0
226,153,42,0
226,154,25,1
226,155,42,1
226,156,25,0
226,157,42,0
226,158,25,1
226,159,42,1
226,160,25,1
226,161,42,1
226,162,25,1
226,163,42,1
226,164,25,1
226,165,42,1
226,166,25,1
226,167,42,1
226,168,42,1
226,169,43,1
226,170,26,1
226,171,72,0
226,172,72,1
226,173,72,1
226,174,72,1
226,175,43,1
226,176,43,1
226,177,43,1
226,178,43,1
226,179,43,0
226,180,43,0
226,181,43,0
226,182,43,1
226,183,43,1
226,184,43,1
226,185,43,1
226,186,43,1
226,187,66,0
226,188,66,0
226,189,66,1
226,190,66,0
226,191,66,1
226,192,66,0
226,193,66,1
226,194,66,1
226,195,66,0
226,196,66,0
226,197,66,1
226,198,66,1
226,199,66,1
226,200,66,1
226,201,66,1
226,202,66,0
226,203,66,0
226,204,66,1
226,205,66,1
226,206,66,0
226,207,66,0
226,208,66,1
226,209,66,1
226,210,66,1
226,211,66,0
226,212,66,1
226,213,66,1
226,214,66,1
226,215,66,1
226,216,66,1
226,217,68,0
226,218,68,1
226,219,68,1
226,220,68,1
226,221,68,1
226,222,66,1
226,223,1,1
226,224,2,0
226,225,2,1
226,226,2,1
226,227,2,1
226,228,2,1
226,229,2,1
226,230,2,1
226,231,82,1
226,232,31,1
226,233,31,1
226,234,31,1
226,235,80,1
226,236,18,1
226,237,26,1
226,238,26,1
226,239,26,1
226,240,26,1
226,241,26,1
226,242,26,1
226,243,26,1
226,244,26,1
226,245,26,1
226,246,26,1
226,247,57,1
226,248,28,1
226,249,28,0
226,250,28,1
226,251,28,1
226,252,28,1
226,253,28,1
226,254,28,1
226,255,28,1
226,256,84,0
226,257,28,0
226,258,84,1
226,259,28,1
226,260,84,0
226,261,28,0
226,262,84,1
226,263,28,1
226,264,84,1
226,265,28,1
226,266,84,0
226,267,28,0
226,268,84,1
226,269,28,1
226,270,84,1
226,271,28,1
226,272,84,1
226,273,28,1
226,274,64,0
226,275,64,1
226,276,64,1
226,277,64,1
226,278,85,0
226,279,64,0
226,280,64,1
226,281,85,0
226,282,64,1
226,283,85,0
226,284,64,0
226,285,85,0
226,286,85,1
226,287,85,1
226,288,64,1
226,289,39,0
226,290,39,1
226,291,39,1
226,292,39,1
226,293,86,0
226,294,86,1
226,295,86,1
226,296,86,1
226,297,86,1
226,298,75,0
226,299,75,1
226,300,75,1
226,301,75,1
226,302,75,1
226,303,75,0
226,304,75,1
226,305,75,1
226,306,75,0
226,307,75,1
226,308,75,1
226,309,75,0
226,310,75,1
226,311,75,1
226,312,75,1
226,313,10,1
226,314,10,1
226,315,10,1
226,316,10,0
226,317,10,1
226,318,10,1
226,319,10,1
226,320,10,1
226,321,35,1
226,322,10,1
226,323,35,1
226,324,10,0
226,325,35,0
226,326,10,1
226,327,35,1
226,328,6,0
226,329,8,0
226,330,6,1
226,331,7,1
226,332,6,0
226,333,8,0
226,334,6,0
226,335,8,0
226,336,6,1
226,337,9,1
226,338,6,1
226,339,9,1
226,340,6,0
226,341,9,0
226,342,6,1
226,343,7,1
226,344,6,1
226,345,7,1
226,346,6,1
226,347,8,1
226,348,6,1
226,349,8,1
226,350,6,1
226,351,9,1
226,352,17,1
226,353,17,1
226,354,17,1
226,355,11,1
226,356,4,0
226,357,9,0
226,358,4,1
226,359,9,1
226,360,4,1
226,361,9,1
226,362,4,1
226,363,9,1
226,364,4,1
226,365,5,1
226,366,4,1
226,367,5,1
226,368,50,1
226,369,50,0
226,370,50,1
226,371,50,1
226,372,50,0
226,373,4,0
226,374,7,0
226,375,4,1
226,376,7,1
226,377,4,1
226,378,7,1
226,379,4,1
226,380,7,1
226,381,5,1
226,382,9,1
226,383,4,1
226,384,22,1
226,385,25,1
226,386,42,1
226,387,25,1
226,388,42,1
226,389,25,0
226,390,42,0
226,391,25,0
226,392,42,0
226,393,25,1
226,394,42,1
226,395,25,1
226,396,42,1
226,397,25,1
226,398,42,1
226,399,25,1
226,400,42,1
226,401,25,1
226,402,42,1
226,403,25,1
226,404,42,1
226,405,3,1
226,406,3,1
226,407,29,1
226,408,4,1
226,409,22,1
226,410,25,0
226,411,42,0
226,412,25,0
226,413,42,0
226,414,25,1
226,415,42,1
226,416,25,1
226,417,42,1
226,418,25,0
226,419,42,0
226,420,25,1
226,421,42,1
226,422,25,1
226,423,42,1
226,424,25,1
226,425,42,1
226,426,25,0
226,427,42,0
226,428,25,1
226,429,42,1
226,430,25,1
226,431,42,1
226,432,25,1
226,433,42,1
226,434,25,1
226,435,42,1
226,436,25,1
226,437,42,1
226,438,25,1
226,439,42,1
226,440,25,1
226,441,42,1
226,442,32,1
226,443,9,1
226,444,32,1
226,445,9,1
226,446,12,0
226,447,35,0
226,448,12,0
226,449,35,0
226,450,12,0
226,451,13,0
226,452,41,0
226,453,12,1
226,454,13,1
226,455,41,1
226,456,12,1
226,457,13,1
226,458,41,1
226,459,12,1
226,460,13,1
226,461,41,1
226,462,18,1
226,463,18,1
226,464,18,1
226,465,18,1
226,466,18,1
226,467,24,1
226,468,24,1
226,469,24,1
226,470,24,1
226,471,24,1
226,472,74,1
226,473,74,1
226,474,74,1
226,475,74,1
226,476,74,1
226,477,12,1
226,478,13,1
226,479,41,1
226,480,12,1
226,481,13,1
226,482,60,0
226,483,60,0
226,484,60,1
226,485,60,1
226,486,60,0
226,487,60,1
226,488,60,1
226,489,60,1
226,490,60,1
226,491,60,1
226,492,19,1
226,493,19,1
226,494,19,1
226,495,19,1
226,496,19,1
226,497,12,1
226,498,13,1
226,499,14,1
226,500,12,1
226,501,35,1
226,502,14,0
226,503,14,1
226,504,14,0
226,505,14,1
226,506,14,0
226,507,14,0
226,508,14,1
226,509,14,1
226,510,14,1
226,511,14,1
226,512,41,1
226,513,11,1
226,514,11,1
226,515,14,0
226,516,14,0
226,517,14,1
226,518,14,0
226,519,14,0
226,520,14,0
226,521,14,0
226,522,14,1
226,523,14,0
226,524,14,1
226,525,14,1
226,526,12,0
226,527,35,0
226,528,35,1
226,529,35,1
226,530,41,1
226,531,12,1
226,532,35,1
226,533,41,1
226,534,11,1
226,535,14,0
226,536,14,1
226,537,14,1
226,538,14,1
226,539,14,0
226,540,14,0
226,541,14,0
226,542,14,1
226,543,14,0
226,544,14,1
226,545,14,1
226,546,41,0
226,547,41,1
226,548,41,1
226,549,41,1
226,550,41,1
226,551,41,1
226,552,14,0
226,553,14,1
226,554,14,1
226,555,14,1
226,556,14,1
226,557,14,1
226,558,34,1
226,559,34,1
226,560,34,1
226,561,34,1
226,562,34,0
226,563,34,1
226,564,34,1
226,565,34,1
226,566,34,1
226,567,34,1
226,568,23,0
226,569,23,1
226,570,23,1
226,571,23,1
226,572,23,1
226,573,23,1
226,574,23,1
226,575,23,1
226,576,16,0
226,577,16,1
226,578,16,1
226,579,16,1
226,580,16,1
226,581,16,1
226,582,4,1
226,583,16,1
226,584,4,1
226,585,16,1
226,586,3,0
226,587,3,0
226,588,3,1
226,589,3,1
226,590,3,0
226,591,3,0
226,592,3,1
226,593,29,0
226,594,3,0
226,595,29,1
226,596,3,1
226,597,29,0
226,598,3,0
226,599,29,0
226,600,3,0
226,601,29,0
226,602,3,0
226,603,3,0
226,604,3,1
226,605,29,0
226,606,3,0
226,607,29,1
226,608,3,1
226,609,29,1
226,610,3,1
226,611,29,0
226,612,3,0
226,613,29,1
226,614,3,1
226,615,29,0
226,616,3,0
226,617,29,1
226,618,3,1
226,619,29,1
226,620,3,1
226,621,29,1
226,622,3,1
226,623,29,0
226,624,3,0
226,625,16,1
226,626,29,0
226,627,3,0
226,628,29,1
226,629,3,1
226,630,29,0
226,631,3,0
226,632,49,1
226,633,29,0
226,634,3,0
226,635,29,0
226,636,3,0
226,637,52,1
226,638,29,0
226,639,3,0
226,640,48,1
226,641,17,1
226,642,17,1
226,643,17,1
226,644,17,1
226,645,17,1
226,646,6,1
226,647,5,1
226,648,6,1
226,649,9,1
226,650,6,0
226,651,7,0
226,652,6,1
226,653,7,1
226,654,6,1
226,655,7,1
226,656,6,1
226,657,5,1
226,658,6,1
226,659,7,1
226,660,6,1
226,661,9,1
226,662,32,1
226,663,9,1
226,664,32,0
226,665,32,1
226,666,32,1
226,667,32,1
226,668,32,0
226,669,9,0
226,670,32,1
226,671,32,1
226,672,32,1
226,673,32,1
226,674,50,1
226,675,50,1
226,676,51,1
226,677,16,1
226,678,16,0
226,679,16,1
226,680,16,1
226,681,16,1
226,682,16,1
226,683,16,1
226,684,50,1
226,685,50,1
226,686,51,1
226,687,32,1
226,688,3,1
226,689,3,1
226,690,3,1
226,691,50,0
226,692,50,1
226,693,50,1
226,694,50,1
226,695,50,1
226,696,50,1
226,697,50,1
226,698,50,1
226,699,50,0
226,700,50,1
226,701,50,1
226,702,50,1
226,703,50,1
226,704,50,1
226,705,49,1
226,706,53,0
226,707,54,0
226,708,53,1
226,709,53,1
226,710,54,1
226,711,53,1
226,712,54,1
226,713,94,1
226,714,28,1
226,715,28,1
226,716,28,1
226,717,28,1
226,718,28,1
226,719,11,1
226,720,11,1
226,721,32,1
226,722,5,1
226,723,32,1
226,724,9,1
227,0,22,1
227,1,20,1
227,2,20,1
227,3,20,1
227,4,21,1
227,5,21,1
227,6,21,1
227,7,21,1
227,8,18,1
227,9,33,1
227,10,33,1
227,11,37,1
227,12,37,1
227,13,37,1
227,14,30,1
227,15,30,1
227,16,37,1
227,17,30,1
227,18,69,1
227,19,69,0
227,20,69,1
227,21,69,1
227,22,69,1
227,23,69,0
227,24,69,0
227,25,69,1
227,26,69,1
227,27,69,1
227,28,24,1
227,29,24,1
227,30,24,1
227,31,19,1
227,32,19,1
227,33,60,1
227,34,27,1
227,35,27,1
227,36,59,1
227,37,34,1
227,38,34,0
227,39,34,1
227,40,34,1
227,41,34,1
227,42,34,1
227,43,41,1
227,44,41,1
227,45,41,1
227,46,35,1
227,47,21,1
227,48,14,1
227,49,14,1
227,50,36,0
227,51,36,0
227,52,36,0
227,53,36,0
227,54,36,0
227,55,36,1
227,56,36,1
227,57,36,1
227,58,26,1
227,59,26,1
227,60,26,1
227,61,26,1
227,62,26,0
227,63,26,1
227,64,26,1
227,65,26,0
227,66,26,1
227,67,26,1
227,68,26,1
227,69,26,1
227,70,26,0
227,71,26,1
227,72,26,1
227,73,26,1
227,74,26,1
227,75,26,0
227,76,26,0
227,77,26,1
227,78,26,1
227,79,26,0
227,80,26,1
227,81,26,1
227,82,26,1
227,83,26,0
227,84,26,0
227,85,26,1
227,86,26,0
227,87,26,0
227,88,26,1
227,89,26,1
227,90,26,0
227,91,26,1
227,92,26,1
227,93,26,1
227,94,26,0
227,95,26,1
227,96,26,1
227,97,26,1
227,98,26,0
227,99,26,1
227,100,26,1
227,101,26,1
227,102,26,1
227,103,26,0
227,104,26,1
227,105,26,1
227,106,26,1
227,107,26,1
227,108,26,1
227,109,26,0
227,110,26,1
227,111,26,1
227,112,26,1
227,113,26,0
227,114,26,1
227,115,26,1
227,116,26,1
227,117,26,1
227,118,26,1
227,119,26,1
227,120,26,1
227,121,26,1
227,122,26,1
227,123,26,1
227,124,26,1
227,125,26,1
227,126,26,1
227,127,70,1
227,128,70,1
227,129,70,1
227,130,70,1
227,131,70,1
227,132,70,1
227,133,70,1
227,134,58,1
227,135,58,1
227,136,26,1
227,137,42,1
227,138,25,1
227,139,42,1
227,140,42,0
227,141,43,0
227,142,42,1
227,143,43,1
227,144,42,1
227,145,43,1
227,146,42,1
227,147,43,1
227,148,42,0
227,149,43,0
227,150,42,1
227,151,43,1
227,152,42,1
227,153,43,1
227,154,42,1
227,155,43,1
227,156,42,1
227,157,43,1
227,158,25,1
227,159,42,1
227,160,25,1
227,161,42,1
227,162,25,1
227,163,42,1
227,164,25,1
227,165,42,1
227,166,42,1
227,167,43,1
227,168,70,1
227,169,70,1
227,170,26,1
227,171,72,1
227,172,43,1
227,173,43,1
227,174,43,1
227,175,43,1
227,176,43,1
227,177,66,1
227,178,68,0
227,179,68,0
227,180,68,1
227,181,68,1
227,182,68,1
227,183,68,1
227,184,1,0
227,185,1,1
227,186,1,1
227,187,1,1
227,188,1,1
227,189,1,1
227,190,1,1
227,191,1,1
227,192,1,1
227,193,2,1
227,194,81,1
227,195,1,0
227,196,1,1
227,197,1,1
227,198,1,1
227,199,1,0
227,200,1,1
227,201,1,1
227,202,1,1
227,203,1,0
227,204,1,1
227,205,1,1
227,206,1,1
227,207,1,1
227,208,1,1
227,209,1,1
227,210,1,1
227,211,1,0
227,212,1,1
227,213,1,1
227,214,1,1
227,215,1,1
227,216,1,1
227,217,1,1
227,218,1,1
227,219,1,0
227,220,1,1
227,221,1,1
227,222,1,1
227,223,1,1
227,224,1,1
227,225,1,1
227,226,1,1
227,227,1,1
227,228,1,0
227,229,1,0
227,230,1,1
227,231,1,1
227,232,1,1
227,233,1,1
227,234,1,1
227,235,1,1
227,236,1,1
227,237,1,1
227,238,1,1
227,239,31,1
227,240,31,0
227,241,31,1
227,242,31,1
227,243,31,1
227,244,31,1
227,245,80,1
227,246,18,1
227,247,57,1
227,248,28,1
227,249,28,1
227,250,28,1
227,251,28,0
227,252,28,1
227,253,28,1
227,254,28,0
227,255,28,0
227,256,28,1
227,257,28,0
227,258,28,1
227,259,28,1
227,260,28,1
227,261,84,0
227,262,28,0
227,263,84,0
227,264,28,0
227,265,84,1
227,266,28,1
227,267,84,1
227,268,28,1
227,269,84,1
227,270,28,1
227,271,64,0
227,272,64,1
227,273,64,1
227,274,64,1
227,275,64,1
227,276,39,1
227,277,86,0
227,278,86,1
227,279,86,1
227,280,86,1
227,281,39,1
227,282,75,0
227,283,75,1
227,284,75,1
227,285,75,0
227,286,75,0
227,287,75,1
227,288,75,1
227,289,75,0
227,290,75,0
227,291,75,1
227,292,75,1
227,293,75,0
227,294,75,1
227,295,75,1
227,296,75,0
227,297,75,1
227,298,75,1
227,299,75,0
227,300,75,1
227,301,75,1
227,302,75,1
227,303,10,1
227,304,10,1
227,305,10,1
227,306,10,1
227,307,10,1
227,308,10,0
227,309,35,0
227,310,10,1
227,311,35,1
227,312,10,1
227,313,35,1
227,314,10,1
227,315,35,1
227,316,10,1
227,317,35,1
227,318,10,1
227,319,35,1
227,320,6,0
227,321,5,0
227,322,6,1
227,323,8,1
227,324,6,1
227,325,9,1
227,326,6,1
227,327,7,1
227,328,6,1
227,329,9,1
227,330,6,0
227,331,8,0
227,332,6,0
227,333,9,0
227,334,6,1
227,335,9,1
227,336,6,1
227,337,9,1
227,338,17,1
227,339,17,1
227,340,6,1
227,341,9,1
227,342,11,0
227,343,11,1
227,344,11,1
227,345,11,1
227,346,4,1
227,347,9,1
227,348,4,1
227,349,9,1
227,350,4,1
227,351,5,1
227,352,4,1
227,353,5,1
227,354,4,1
227,355,7,1
227,356,4,1
227,357,7,1
227,358,50,1
227,359,50,1
227,360,5,1
227,361,9,0
227,362,9,1
227,363,5,1
227,364,5,1
227,365,4,1
227,366,22,1
227,367,25,0
227,368,42,0
227,369,25,1
227,370,42,1
227,371,25,0
227,372,42,0
227,373,25,0
227,374,42,0
227,375,25,1
227,376,42,1
227,377,25,0
227,378,42,0
227,379,25,1
227,380,42,1
227,381,25,1
227,382,42,1
227,383,25,1
227,384,42,1
227,385,25,1
227,386,42,1
227,387,25,1
227,388,42,1
227,389,3,1
227,390,3,1
227,391,29,1
227,392,4,0
227,393,22,0
227,394,4,1
227,395,22,1
227,396,25,1
227,397,42,1
227,398,4,1
227,399,22,1
227,400,25,1
227,401,42,1
227,402,25,1
227,403,42,1
227,404,25,1
227,405,42,1
227,406,25,1
227,407,42,1
227,408,25,0
227,409,42,0
227,410,25,1
227,411,42,1
227,412,25,1
227,413,42,1
227,414,25,1
227,415,42,1
227,416,25,1
227,417,42,1
227,418,25,1
227,419,42,1
227,420,25,1
227,421,42,1
227,422,25,1
227,423,42,1
227,424,32,0
227,425,5,0
227,426,32,0
227,427,9,0
227,428,32,1
227,429,5,1
227,430,32,1
227,431,5,1
227,432,32,1
227,433,5,1
227,434,18,1
227,435,18,1
227,436,18,0
227,437,18,1
227,438,18,1
227,439,18,1
227,440,18,1
227,441,18,1
227,442,24,1
227,443,24,1
227,444,24,1
227,445,24,0
227,446,24,1
227,447,24,1
227,448,24,1
227,449,24,1
227,450,24,1
227,451,74,1
227,452,74,1
227,453,74,1
227,454,74,1
227,455,74,1
227,456,60,1
227,457,60,1
227,458,60,0
227,459,60,1
227,460,12,1
227,461,35,1
227,462,12,1
227,463,13,1
227,464,14,1
227,465,12,1
227,466,13,1
227,467,14,1
227,468,12,1
227,469,35,1
227,470,12,1
227,471,35,1
227,472,60,1
227,473,60,1
227,474,60,1
227,475,60,1
227,476,19,1
227,477,19,1
227,478,19,0
227,479,19,1
227,480,19,0
227,481,19,1
227,482,19,1
227,483,19,1
227,484,19,1
227,485,19,1
227,486,11,0
227,487,11,1
227,488,11,0
227,489,11,0
227,490,11,1
227,491,11,1
227,492,11,1
227,493,11,1
227,494,14,1
227,495,12,0
227,496,35,0
227,497,41,1
227,498,35,1
227,499,41,1
227,500,41,1
227,501,12,0
227,502,35,0
227,503,41,1
227,504,12,1
227,505,35,1
227,506,41,1
227,507,35,1
227,508,41,1
227,509,34,1
227,510,34,1
227,511,34,1
227,512,34,1
227,513,34,1
227,514,41,1
227,515,41,0
227,516,41,1
227,517,41,1
227,518,41,1
227,519,41,1
227,520,41,1
227,521,14,1
227,522,14,1
227,523,14,1
227,524,14,1
227,525,12,1
227,526,35,1
227,527,23,1
227,528,16,1
227,529,16,1
227,530,23,1
227,531,23,1
227,532,23,1
227,533,23,1
227,534,23,1
227,535,23,1
227,536,23,1
227,537,23,1
227,538,16,0
227,539,16,1
227,540,16,1
227,541,16,1
227,542,4,1
227,543,15,1
227,544,4,1
227,545,16,1
227,546,3,1
227,547,29,0
227,548,3,0
227,549,29,1
227,550,3,1
227,551,29,1
227,552,3,1
227,553,29,1
227,554,3,1
227,555,29,0
227,556,3,0
227,557,29,1
227,558,3,1
227,559,29,0
227,560,3,0
227,561,29,0
227,562,3,0
227,563,29,1
227,564,3,1
227,565,29,0
227,566,3,0
227,567,29,0
227,568,3,0
227,569,29,1
227,570,3,1
227,571,29,0
227,572,3,0
227,573,29,1
227,574,3,1
227,575,29,1
227,576,3,1
227,577,29,0
227,578,3,0
227,579,29,0
227,580,3,0
227,581,32,1
227,582,5,1
227,583,32,1
227,584,5,1
227,585,32,1
227,586,9,1
227,587,32,1
227,588,9,1
227,589,32,1
227,590,9,1
227,591,17,1
227,592,17,1
227,593,17,1
227,594,17,1
227,595,17,1
227,596,6,1
227,597,5,1
227,598,6,1
227,599,7,1
227,600,6,0
227,601,5,0
227,602,6,1
227,603,9,1
227,604,6,1
227,605,9,1
227,606,6,0
227,607,5,0
227,608,6,1
227,609,7,1
227,610,6,0
227,611,9,0
227,612,6,1
227,613,5,1
227,614,6,0
227,615,8,0
227,616,6,1
227,617,9,1
227,618,6,0
227,619,8,0
227,620,6,1
227,621,7,1
227,622,6,1
227,623,9,1
227,624,6,1
227,625,8,1
227,626,6,1
227,627,7,1
227,628,6,1
227,629,5,1
227,630,29,0
227,631,3,0
227,632,29,0
227,633,3,0
227,634,29,0
227,635,3,0
227,636,29,0
227,637,3,0
227,638,29,0
227,639,3,0
227,640,29,0
227,641,3,0
227,642,52,1
227,643,16,1
227,644,29,0
227,645,3,0
227,646,29,1
227,647,3,1
227,648,29,0
227,649,3,0
227,650,29,1
227,651,3,1
227,652,29,0
227,653,3,0
227,654,29,1
227,655,3,1
227,656,29,0
227,657,3,0
227,658,52,1
227,659,29,0
227,660,3,0
227,661,29,0
227,662,3,0
227,663,29,1
227,664,3,1
227,665,29,1
227,666,3,1
227,667,29,0
227,668,3,0
227,669,29,0
227,670,3,0
227,671,29,0
227,672,3,0
227,673,29,1
227,674,3,1
227,675,48,1
227,676,50,1
227,677,50,0
227,678,50,1
227,679,50,0
227,680,50,0
227,681,50,1
227,682,50,1
227,683,4,1
227,684,16,1
227,685,50,1
227,686,51,1
227,687,16,1
227,688,16,1
227,689,3,0
227,690,3,1
227,691,3,1
227,692,3,1
227,693,3,0
227,694,3,1
227,695,51,1
227,696,16,1
227,697,50,0
227,698,50,1
227,699,50,1
227,700,50,1
227,701,3,0
227,702,3,1
227,703,3,1
227,704,3,1
227,705,50,0
227,706,50,0
227,707,50,1
227,708,50,1
227,709,50,1
227,710,50,0
227,711,50,1
227,712,50,1
227,713,50,0
227,714,50,1
227,715,50,1
227,716,50,1
227,717,50,1
227,718,50,1
227,719,53,0
227,720,53,1
227,721,53,1
227,722,53,1
227,723,49,1
227,724,53,1
227,725,54,1
227,726,94,1
227,727,28,0
227,728,28,0
227,729,28,0
227,730,28,1
227,731,28,1
227,732,28,1
227,733,28,1
227,734,28,1
227,735,28,1
227,736,28,1
227,737,11,1
227,738,11,1
227,739,32,1
227,740,9,1
227,741,32,1
227,742,5,1
228,0,22,1
228,1,20,1
228,2,20,1
228,3,20,1
228,4,21,1
228,5,21,1
228,6,21,1
228,7,21,0
228,8,21,1
228,9,21,1
228,10,21,1
228,11,18,0
228,12,33,1
228,13,33,1
228,14,37,1
228,15,37,1
228,16,37,1
228,17,30,1
228,18,30,1
228,19,37,1
228,20,30,1
228,21,69,0
228,22,69,1
228,23,69,1
228,24,69,1
228,25,69,1
228,26,69,1
228,27,24,1
228,28,24,1
228,29,24,1
228,30,19,1
228,31,19,1
228,32,60,1
228,33,27,1
228,34,27,1
228,35,59,1
228,36,34,1
228,37,34,0
228,38,34,0
228,39,34,1
228,40,34,1
228,41,34,0
228,42,34,1
228,43,34,1
228,44,34,1
228,45,41,1
228,46,41,0
228,47,34,1
228,48,41,0
228,49,41,0
228,50,41,1
228,51,41,1
228,52,41,1
228,53,35,1
228,54,21,0
228,55,21,1
228,56,21,1
228,57,21,1
228,58,14,1
228,59,14,1
228,60,36,0
228,61,26,0
228,62,26,0
228,63,26,1
228,64,26,0
228,65,26,0
228,66,26,0
228,67,26,1
228,68,26,1
228,69,26,1
228,70,26,1
228,71,26,1
228,72,26,0
228,73,26,1
228,74,26,0
228,75,26,1
228,76,26,0
228,77,26,0
228,78,70,0
228,79,70,1
228,80,70,1
228,81,70,1
228,82,70,0
228,83,70,1
228,84,70,0
228,85,26,0
228,86,26,1
228,87,26,0
228,88,26,1
228,89,26,0
228,90,26,1
228,91,26,0
228,92,26,1
228,93,26,1
228,94,26,1
228,95,26,0
228,96,26,1
228,97,26,1
228,98,26,1
228,99,26,0
228,100,26,1
228,101,26,1
228,102,26,1
228,103,26,0
228,104,26,1
228,105,26,1
228,106,26,1
228,107,26,1
228,108,26,0
228,109,26,1
228,110,26,1
228,111,26,1
228,112,26,0
228,113,26,1
228,114,26,0
228,115,26,1
228,116,26,1
228,117,26,1
228,118,26,1
228,119,70,1
228,120,70,0
228,121,70,1
228,122,70,1
228,123,70,1
228,124,70,1
228,125,70,0
228,126,70,1
228,127,26,0
228,128,26,1
228,129,26,1
228,130,26,1
228,131,26,0
228,132,26,1
228,133,26,1
228,134,26,1
228,135,26,0
228,136,26,1
228,137,26,1
228,138,26,1
228,139,26,0
228,140,26,1
228,141,26,1
228,142,26,1
228,143,26,0
228,144,26,1
228,145,26,1
228,146,26,0
228,147,26,1
228,148,26,1
228,149,26,0
228,150,26,1
228,151,26,0
228,152,26,1
228,153,26,1
228,154,70,1
228,155,70,1
228,156,70,1
228,157,70,1
228,158,70,0
228,159,70,1
228,160,70,1
228,161,70,1
228,162,70,1
228,163,70,1
228,164,26,1
228,165,26,1
228,166,26,1
228,167,26,1
228,168,26,0
228,169,26,1
228,170,26,1
228,171,26,1
228,172,26,0
228,173,26,1
228,174,26,1
228,175,26,1
228,176,26,0
228,177,26,1
228,178,26,1
228,179,26,1
228,180,26,1
228,181,26,1
228,182,26,1
228,183,26,1
228,184,26,0
228,185,26,1
228,186,26,0
228,187,26,1
228,188,26,1
228,189,26,0
228,190,26,1
228,191,26,1
228,192,26,1
228,193,26,1
228,194,26,1
228,195,58,1
228,196,58,0
228,197,58,0
228,198,58,1
228,199,58,1
228,200,58,1
228,201,26,1
228,202,42,0
228,203,25,0
228,204,42,0
228,205,25,1
228,206,42,1
228,207,25,1
228,208,42,1
228,209,25,1
228,210,42,1
228,211,25,1
228,212,42,1
228,213,25,1
228,214,42,1
228,215,25,1
228,216,42,1
228,217,25,0
228,218,42,0
228,219,25,1
228,220,42,1
228,221,25,1
228,222,42,1
228,223,25,1
228,224,42,1
228,225,25,1
228,226,42,1
228,227,25,1
228,228,42,1
228,229,25,1
228,230,42,1
228,231,42,0
228,232,43,0
228,233,42,0
228,234,43,0
228,235,42,0
228,236,43,0
228,237,42,1
228,238,43,1
228,239,42,1
228,240,43,1
228,241,42,1
228,242,43,1
228,243,25,1
228,244,42,1
228,245,26,0
228,246,26,1
228,247,26,1
228,248,26,0
228,249,26,0
228,250,26,1
228,251,26,1
228,252,26,0
228,253,26,1
228,254,26,1
228,255,26,1
228,256,43,1
228,257,43,1
228,258,43,1
228,259,43,1
228,260,43,1
228,261,72,1
228,262,66,0
228,263,66,0
228,264,66,1
228,265,66,0
228,266,68,0
228,267,68,1
228,268,68,1
228,269,68,1
228,270,1,1
228,271,2,1
228,272,82,1
228,273,68,1
228,274,31,0
228,275,31,1
228,276,31,1
228,277,80,1
228,278,18,1
228,279,57,0
228,280,57,1
228,281,57,1
228,282,57,1
228,283,28,1
228,284,28,1
228,285,28,1
228,286,28,0
228,287,28,1
228,288,28,1
228,289,28,1
228,290,28,1
228,291,84,0
228,292,28,0
228,293,84,1
228,294,28,1
228,295,84,0
228,296,28,0
228,297,84,1
228,298,28,1
228,299,84,1
228,300,28,1
228,301,84,1
228,302,28,1
228,303,64,0
228,304,64,0
228,305,85,0
228,306,64,1
228,307,64,1
228,308,64,0
228,309,64,1
228,310,64,1
228,311,64,1
228,312,64,1
228,313,64,0
228,314,64,1
228,315,64,1
228,316,64,1
228,317,39,1
228,318,86,0
228,319,86,0
228,320,86,1
228,321,86,0
228,322,86,1
228,323,86,1
228,324,86,1
228,325,87,1
228,326,75,0
228,327,75,1
228,328,75,0
228,329,75,0
228,330,75,1
228,331,75,1
228,332,75,1
228,333,10,1
228,334,10,1
228,335,10,1
228,336,10,1
228,337,10,1
228,338,10,0
228,339,35,0
228,340,10,1
228,341,35,1
228,342,10,1
228,343,35,1
228,344,10,1
228,345,35,1
228,346,10,1
228,347,35,1
228,348,10,1
228,349,35,1
228,350,6,0
228,351,7,0
228,352,6,1
228,353,7,1
228,354,6,1
228,355,8,1
228,356,6,1
228,357,9,1
228,358,6,1
228,359,8,1
228,360,6,1
228,361,9,1
228,362,17,0
228,363,17,1
228,364,17,1
228,365,11,0
228,366,11,1
228,367,11,1
228,368,11,1
228,369,4,0
228,370,9,0
228,371,4,1
228,372,9,1
228,373,4,1
228,374,9,1
228,375,4,1
228,376,9,1
228,377,4,1
228,378,5,1
228,379,4,1
228,380,5,1
228,381,4,1
228,382,7,1
228,383,4,1
228,384,7,1
228,385,5,0
228,386,9,0
228,387,8,0
228,388,5,0
228,389,5,1
228,390,9,1
228,391,5,1
228,392,5,1
228,393,4,1
228,394,22,1
228,395,25,1
228,396,42,1
228,397,25,0
228,398,42,0
228,399,25,0
228,400,42,0
228,401,25,1
228,402,42,1
228,403,25,1
228,404,42,1
228,405,25,0
228,406,42,0
228,407,25,1
228,408,42,1
228,409,25,1
228,410,42,1
228,411,25,1
228,412,42,1
228,413,25,1
228,414,42,1
228,415,25,1
228,416,42,1
228,417,25,1
228,418,42,1
228,419,25,0
228,420,42,0
228,421,25,0
228,422,42,0
228,423,25,1
228,424,42,1
228,425,25,1
228,426,42,1
228,427,25,1
228,428,42,1
228,429,25,1
228,430,42,1
228,431,25,0
228,432,42,0
228,433,25,1
228,434,42,1
228,435,25,0
228,436,42,0
228,437,25,0
228,438,42,0
228,439,25,1
228,440,42,1
228,441,3,1
228,442,3,1
228,443,29,1
228,444,25,1
228,445,42,1
228,446,25,1
228,447,42,1
228,448,25,1
228,449,42,1
228,450,25,1
228,451,42,1
228,452,25,1
228,453,42,1
228,454,4,0
228,455,22,0
228,456,4,1
228,457,22,1
228,458,4,1
228,459,22,1
228,460,4,1
228,461,22,1
228,462,25,0
228,463,42,0
228,464,25,1
228,465,42,1
228,466,25,1
228,467,42,1
228,468,25,1
228,469,42,1
228,470,25,1
228,471,42,1
228,472,25,1
228,473,42,1
228,474,25,1
228,475,42,1
228,476,25,1
228,477,42,1
228,478,18,1
228,479,18,1
228,480,18,0
228,481,18,1
228,482,18,1
228,483,18,1
228,484,18,1
228,485,18,1
228,486,24,1
228,487,24,1
228,488,24,1
228,489,24,1
228,490,24,1
228,491,74,1
228,492,74,1
228,493,74,1
228,494,74,1
228,495,74,1
228,496,19,1
228,497,19,1
228,498,19,1
228,499,19,1
228,500,19,0
228,501,19,1
228,502,19,1
228,503,19,1
228,504,19,1
228,505,19,0
228,506,60,1
228,507,19,0
228,508,19,1
228,509,19,1
228,510,19,1
228,511,19,1
228,512,19,1
228,513,60,1
228,514,60,1
228,515,60,1
228,516,60,1
228,517,32,0
228,518,5,0
228,519,32,1
228,520,9,1
228,521,32,1
228,522,5,1
228,523,32,1
228,524,9,1
228,525,12,0
228,526,13,0
228,527,41,0
228,528,12,0
228,529,13,0
228,530,41,0
228,531,12,1
228,532,13,1
228,533,41,1
228,534,12,0
228,535,13,0
228,536,41,0
228,537,12,1
228,538,13,1
228,539,41,1
228,540,12,1
228,541,13,1
228,542,41,1
228,543,12,1
228,544,13,1
228,545,41,1
228,546,12,1
228,547,13,1
228,548,14,1
228,549,12,0
228,550,13,0
228,551,12,0
228,552,13,0
228,553,12,1
228,554,13,1
228,555,14,1
228,556,12,1
228,557,13,1
228,558,14,1
228,559,12,1
228,560,13,1
228,561,14,1
228,562,12,0
228,563,13,0
228,564,14,0
228,565,12,1
228,566,35,1
228,567,12,1
228,568,35,1
228,569,12,1
228,570,35,1
228,571,14,1
228,572,14,1
228,573,14,1
228,574,14,1
228,575,14,1
228,576,12,1
228,577,35,1
228,578,35,1
228,579,41,1
228,580,41,0
228,581,12,1
228,582,35,1
228,583,35,1
228,584,41,1
228,585,35,1
228,586,41,1
228,587,41,1
228,588,41,1
228,589,41,1
228,590,41,1
228,591,41,0
228,592,41,1
228,593,41,1
228,594,41,1
228,595,41,1
228,596,41,1
228,597,34,1
228,598,34,1
228,599,34,1
228,600,34,1
228,601,34,1
228,602,11,0
228,603,11,0
228,604,11,1
228,605,11,1
228,606,11,0
228,607,11,1
228,608,11,1
228,609,11,1
228,610,11,1
228,611,23,0
228,612,23,1
228,613,23,1
228,614,23,1
228,615,23,1
228,616,23,1
228,617,23,1
228,618,23,1
228,619,23,1
228,620,16,1
228,621,16,1
228,622,16,1
228,623,16,1
228,624,4,1
228,625,15,1
228,626,4,1
228,627,15,1
228,628,3,0
228,629,3,0
228,630,3,1
228,631,3,1
228,632,3,0
228,633,3,1
228,634,3,1
228,635,29,0
228,636,3,0
228,637,29,1
228,638,3,1
228,639,29,0
228,640,3,0
228,641,29,1
228,642,3,1
228,643,29,1
228,644,3,1
228,645,3,1
228,646,29,1
228,647,3,1
228,648,29,0
228,649,3,0
228,650,29,0
228,651,3,0
228,652,29,1
228,653,3,1
228,654,29,1
228,655,3,1
228,656,32,1
228,657,32,1
228,658,9,1
228,659,32,1
228,660,9,1
228,661,32,1
228,662,32,1
228,663,17,1
228,664,17,1
228,665,17,1
228,666,17,1
228,667,17,1
228,668,6,1
228,669,7,1
228,670,6,0
228,671,8,0
228,672,6,1
228,673,9,1
228,674,6,1
228,675,9,1
228,676,6,0
228,677,5,0
228,678,6,1
228,679,8,1
228,680,6,1
228,681,7,1
228,682,6,1
228,683,9,1
228,684,6,0
228,685,7,0
228,686,6,0
228,687,8,0
228,688,29,0
228,689,3,0
228,690,6,1
228,691,5,1
228,692,6,1
228,693,9,1
228,694,6,1
228,695,7,1
228,696,6,1
228,697,7,1
228,698,29,0
228,699,3,0
228,700,29,0
228,701,3,0
228,702,29,1
228,703,3,1
228,704,29,0
228,705,3,0
228,706,52,1
228,707,16,1
228,708,29,1
228,709,3,1
228,710,52,1
228,711,48,1
228,712,16,1
228,713,16,1
228,714,16,1
228,715,16,1
228,716,16,0
228,717,16,0
228,718,16,1
228,719,16,1
228,720,16,1
228,721,16,1
228,722,16,1
228,723,50,1
228,724,50,0
228,725,50,0
228,726,50,1
228,727,50,1
228,728,50,1
228,729,51,0
228,730,51,1
228,731,51,1
228,732,50,1
228,733,50,0
228,734,50,1
228,735,50,1
228,736,50,1
228,737,50,0
228,738,3,1
228,739,3,1
228,740,50,1
228,741,50,1
228,742,50,1
228,743,50,1
228,744,50,1
228,745,50,1
228,746,50,1
228,747,50,1
228,748,50,1
228,749,54,0
228,750,54,1
228,751,53,1
228,752,53,0
228,753,53,1
228,754,53,1
228,755,53,1
228,756,49,1
228,757,53,1
228,758,54,1
228,759,92,0
228,760,93,0
228,761,92,1
228,762,93,0
228,763,94,1
228,764,94,1
228,765,94,1
228,766,28,0
228,767,28,1
228,768,28,1
228,769,28,1
228,770,28,1
228,771,28,1
228,772,32,0
228,773,9,0
228,774,32,1
228,775,9,1
228,776,32,1
228,777,5,1
228,778,32,1
228,779,5,1
228,780,11,0
228,781,11,1
228,782,11,1
228,783,11,1
229,0,22,1
229,1,20,0
229,2,20,1
229,3,20,1
229,4,20,1
229,5,20,1
229,6,20,1
229,7,21,1
229,8,21,1
229,9,21,0
229,10,21,1
229,11,21,0
229,12,21,1
229,13,21,1
229,14,21,1
229,15,21,1
229,16,18,0
229,17,18,1
229,18,18,0
229,19,18,1
229,20,18,1
229,21,18,0
229,22,18,0
229,23,18,1
229,24,18,1
229,25,18,1
229,26,33,1
229,27,33,1
229,28,37,1
229,29,37,1
229,30,37,1
229,31,30,1
229,32,30,1
229,33,37,1
229,34,30,1
229,35,69,0
229,36,69,0
229,37,69,0
229,38,69,1
229,39,69,1
229,40,69,1
229,41,69,0
229,42,69,0
229,43,69,1
229,44,69,1
229,45,69,0
229,46,69,1
229,47,69,1
229,48,69,1
229,49,24,1
229,50,24,1
229,51,24,1
229,52,19,1
229,53,19,1
229,54,60,0
229,55,60,1
229,56,60,1
229,57,60,1
229,58,27,1
229,59,27,1
229,60,59,0
229,61,59,0
229,62,59,1
229,63,59,0
229,64,59,1
229,65,34,0
229,66,34,1
229,67,34,1
229,68,34,1
229,69,59,1
229,70,59,1
229,71,34,1
229,72,34,0
229,73,34,1
229,74,34,1
229,75,34,1
229,76,41,0
229,77,41,1
229,78,41,1
229,79,41,1
229,80,35,0
229,81,35,1
229,82,35,1
229,83,35,1
229,84,21,1
229,85,14,0
229,86,14,0
229,87,14,0
229,88,14,1
229,89,14,1
229,90,14,1
229,91,36,1
229,92,55,0
229,93,26,1
229,94,26,1
229,95,55,1
229,96,26,1
229,97,73,1
229,98,26,1
229,99,26,0
229,100,26,1
229,101,26,1
229,102,26,1
229,103,26,0
229,104,26,1
229,105,26,1
229,106,26,0
229,107,26,1
229,108,26,0
229,109,26,1
229,110,26,1
229,111,26,1
229,112,26,1
229,113,70,1
229,114,70,0
229,115,70,1
229,116,70,1
229,117,70,1
229,118,70,1
229,119,70,1
229,120,70,1
229,121,26,1
229,122,26,0
229,123,26,1
229,124,26,0
229,125,26,1
229,126,14,0
229,127,14,0
229,128,14,0
229,129,14,1
229,130,14,0
229,131,14,0
229,132,14,0
229,133,14,1
229,134,14,0
229,135,14,1
229,136,14,0
229,137,14,0
229,138,14,0
229,139,14,0
229,140,14,0
229,141,14,1
229,142,26,0
229,143,26,1
229,144,26,1
229,145,26,1
229,146,26,0
229,147,26,0
229,148,26,1
229,149,26,1
229,150,26,1
229,151,14,0
229,152,14,1
229,153,14,0
229,154,14,1
229,155,14,0
229,156,14,1
229,157,14,1
229,158,14,1
229,159,26,1
229,160,26,0
229,161,26,0
229,162,26,0
229,163,26,0
229,164,26,1
229,165,26,1
229,166,26,1
229,167,26,0
229,168,26,1
229,169,26,1
229,170,26,1
229,171,26,0
229,172,26,1
229,173,26,1
229,174,26,1
229,175,26,0
229,176,26,1
229,177,26,0
229,178,26,1
229,179,26,1
229,180,70,0
229,181,70,1
229,182,70,1
229,183,70,1
229,184,70,1
229,185,70,1
229,186,70,1
229,187,58,1
229,188,58,0
229,189,58,0
229,190,58,0
229,191,58,0
229,192,58,0
229,193,26,0
229,194,26,1
229,195,26,1
229,196,26,1
229,197,42,1
229,198,25,0
229,199,42,0
229,200,25,1
229,201,42,1
229,202,25,1
229,203,42,1
229,204,25,1
229,205,42,1
229,206,25,1
229,207,42,1
229,208,25,1
229,209,42,1
229,210,25,1
229,211,42,1
229,212,26,1
229,213,72,0
229,214,72,1
229,215,72,1
229,216,72,1
229,217,43,0
229,218,43,1
229,219,43,1
229,220,43,1
229,221,43,1
229,222,43,1
229,223,66,0
229,224,66,0
229,225,66,1
229,226,66,0
229,227,66,0
229,228,66,0
229,229,66,1
229,230,66,1
229,231,66,0
229,232,66,0
229,233,66,1
229,234,66,1
229,235,66,0
229,236,66,0
229,237,66,1
229,238,66,0
229,239,68,1
229,240,68,1
229,241,1,0
229,242,1,1
229,243,1,1
229,244,1,1
229,245,1,1
229,246,1,1
229,247,1,1
229,248,1,1
229,249,1,1
229,250,1,0
229,251,1,1
229,252,1,1
229,253,1,1
229,254,1,1
229,255,1,1
229,256,1,1
229,257,1,1
229,258,1,0
229,259,1,1
229,260,1,1
229,261,1,1
229,262,1,1
229,263,1,1
229,264,1,1
229,265,1,0
229,266,1,1
229,267,1,1
229,268,1,0
229,269,1,1
229,270,1,1
229,271,1,1
229,272,1,1
229,273,1,1
229,274,1,1
229,275,1,1
229,276,2,0
229,277,2,0
229,278,2,0
229,279,2,0
229,280,2,1
229,281,2,1
229,282,2,1
229,283,81,1
229,284,31,1
229,285,31,0
229,286,31,0
229,287,31,0
229,288,31,1
229,289,31,1
229,290,31,1
229,291,31,1
229,292,80,0
229,293,18,0
229,294,80,1
229,295,18,1
229,296,80,1
229,297,18,1
229,298,80,0
229,299,80,1
229,300,18,1
229,301,57,1
229,302,80,1
229,303,18,1
229,304,28,1
229,305,28,1
229,306,28,1
229,307,28,0
229,308,28,1
229,309,80,1
229,310,18,1
229,311,28,1
229,312,28,1
229,313,28,0
229,314,26,0
229,315,26,1
229,316,26,1
229,317,26,1
229,318,58,0
229,319,58,1
229,320,58,0
229,321,58,0
229,322,58,0
229,323,58,0
229,324,58,0
229,325,58,1
229,326,26,0
229,327,26,1
229,328,26,1
229,329,26,0
229,330,26,1
229,331,26,1
229,332,26,1
229,333,42,1
229,334,43,1
229,335,42,1
229,336,43,1
229,337,42,1
229,338,43,1
229,339,66,0
229,340,66,0
229,341,66,1
229,342,66,1
229,343,66,0
229,344,66,0
229,345,66,1
229,346,66,1
229,347,66,0
229,348,66,0
229,349,66,1
229,350,66,0
229,351,66,0
229,352,66,0
229,353,66,1
229,354,66,1
229,355,66,0
229,356,66,1
229,357,66,1
229,358,66,1
229,359,66,0
229,360,66,0
229,361,28,0
229,362,28,1
229,363,28,1
229,364,28,1
229,365,1,0
229,366,1,1
229,367,1,0
229,368,1,1
229,369,1,1
229,370,1,1
229,371,1,1
229,372,1,1
229,373,1,1
229,374,1,1
229,375,1,1
229,376,84,0
229,377,28,0
229,378,84,0
229,379,28,0
229,380,84,0
229,381,28,0
229,382,84,0
229,383,28,0
229,384,84,0
229,385,28,0
229,386,58,0
229,387,58,0
229,388,58,1
229,389,58,1
229,390,58,1
229,391,84,0
229,392,28,0
229,393,84,0
229,394,28,0
229,395,84,1
229,396,28,1
229,397,84,1
229,398,28,1
229,399,84,1
229,400,28,1
229,401,64,0
229,402,64,0
229,403,64,1
229,404,64,1
229,405,64,1
229,406,64,0
229,407,85,0
229,408,85,0
229,409,85,0
229,410,64,0
229,411,85,1
229,412,85,0
229,413,66,1
229,414,66,1
229,415,66,0
229,416,66,0
229,417,66,1
229,418,66,0
229,419,66,0
229,420,66,0
229,421,66,1
229,422,66,0
229,423,66,0
229,424,66,0
229,425,66,1
229,426,66,1
229,427,66,1
229,428,66,0
229,429,66,0
229,430,66,1
229,431,66,0
229,432,66,1
229,433,66,1
229,434,64,0
229,435,64,0
229,436,64,0
229,437,85,0
229,438,85,1
229,439,85,0
229,440,66,1
229,441,85,0
229,442,85,0
229,443,64,0
229,444,85,0
229,445,64,1
229,446,64,0
229,447,39,0
229,448,39,1
229,449,39,1
229,450,39,1
229,451,86,0
229,452,86,1
229,453,86,1
229,454,86,1
229,455,85,0
229,456,85,1
229,457,64,1
229,458,64,1
229,459,39,1
229,460,75,0
229,461,75,1
229,462,75,0
229,463,75,0
229,464,75,1
229,465,75,1
229,466,75,1
229,467,10,1
229,468,10,1
229,469,10,1
229,470,10,0
229,471,10,1
229,472,10,1
229,473,10,1
229,474,10,0
229,475,35,0
229,476,10,0
229,477,35,0
229,478,10,1
229,479,35,1
229,480,10,0
229,481,35,0
229,482,10,1
229,483,35,1
229,484,10,0
229,485,35,0
229,486,10,0
229,487,35,0
229,488,10,1
229,489,35,1
229,490,10,1
229,491,35,1
229,492,10,1
229,493,35,1
229,494,10,1
229,495,35,1
229,496,10,1
229,497,35,1
229,498,6,1
229,499,9,1
229,500,6,1
229,501,9,1
229,502,6,0
229,503,8,0
229,504,6,0
229,505,7,0
229,506,6,0
229,507,8,0
229,508,6,1
229,509,9,1
229,510,17,1
229,511,17,1
229,512,17,1
229,513,6,1
229,514,7,1
229,515,6,1
229,516,7,1
229,517,11,0
229,518,11,1
229,519,11,0
229,520,11,1
229,521,11,0
229,522,11,0
229,523,11,1
229,524,11,1
229,525,4,1
229,526,9,1
229,527,4,0
229,528,9,0
229,529,4,1
229,530,9,1
229,531,4,1
229,532,9,1
229,533,4,1
229,534,9,1
229,535,11,1
229,536,50,1
229,537,4,0
229,538,5,0
229,539,4,0
229,540,5,0
229,541,4,0
229,542,5,0
229,543,4,0
229,544,5,0
229,545,4,0
229,546,5,0
229,547,4,1
229,548,7,1
229,549,4,1
229,550,7,1
229,551,5,0
229,552,9,1
229,553,5,1
229,554,5,1
229,555,4,1
229,556,5,1
229,557,4,0
229,558,5,0
229,559,4,1
229,560,5,1
229,561,4,0
229,562,5,0
229,563,4,1
229,564,5,1
229,565,4,1
229,566,5,1
229,567,4,1
229,568,5,1
229,569,3,1
229,570,3,1
229,571,25,1
229,572,42,1
229,573,25,1
229,574,42,1
229,575,25,1
229,576,42,1
229,577,25,1
229,578,42,1
229,579,25,1
229,580,42,1
229,581,5,1
229,582,4,0
229,583,22,0
229,584,4,1
229,585,22,1
229,586,25,0
229,587,42,0
229,588,25,0
229,589,42,0
229,590,25,1
229,591,42,1
229,592,25,0
229,593,42,0
229,594,25,0
229,595,42,0
229,596,25,0
229,597,42,0
229,598,4,1
229,599,22,1
229,600,4,0
229,601,22,0
229,602,4,0
229,603,22,0
229,604,29,1
229,605,4,1
229,606,22,1
229,607,4,1
229,608,22,1
229,609,4,1
229,610,22,1
229,611,4,1
229,612,22,1
229,613,25,1
229,614,42,1
229,615,25,1
229,616,42,1
229,617,25,1
229,618,42,1
229,619,25,1
229,620,42,1
229,621,25,1
229,622,42,1
229,623,18,1
229,624,18,1
229,625,18,1
229,626,18,1
229,627,18,1
229,628,24,1
229,629,24,1
229,630,24,1
229,631,24,1
229,632,24,1
229,633,74,1
229,634,74,1
229,635,74,0
229,636,74,1
229,637,74,1
229,638,74,1
229,639,74,1
229,640,74,1
229,641,32,0
229,642,9,0
229,643,32,0
229,644,5,0
229,645,32,0
229,646,5,0
229,647,32,1
229,648,5,1
229,649,32,0
229,650,9,0
229,651,32,0
229,652,9,0
229,653,32,0
229,654,5,0
229,655,12,0
229,656,35,0
229,657,12,0
229,658,13,0
229,659,41,0
229,660,12,0
229,661,13,0
229,662,41,0
229,663,12,1
229,664,13,1
229,665,41,1
229,666,12,1
229,667,35,1
229,668,12,1
229,669,13,1
229,670,41,1
229,671,12,1
229,672,13,1
229,673,12,1
229,674,13,1
229,675,14,1
229,676,60,0
229,677,60,1
229,678,60,1
229,679,60,1
229,680,60,1
229,681,60,1
229,682,19,1
229,683,19,0
229,684,19,1
229,685,19,1
229,686,19,1
229,687,19,1
229,688,19,1
229,689,12,1
229,690,35,1
229,691,12,1
229,692,35,1
229,693,11,0
229,694,14,0
229,695,41,1
229,696,11,1
229,697,11,0
229,698,11,1
229,699,11,1
229,700,11,1
229,701,32,0
229,702,5,0
229,703,32,0
229,704,5,0
229,705,32,0
229,706,5,0
229,707,32,1
229,708,5,1
229,709,32,0
229,710,5,0
229,711,32,1
229,712,9,1
229,713,32,0
229,714,5,0
229,715,14,1
229,716,14,0
229,717,14,1
229,718,14,1
229,719,14,1
229,720,14,1
229,721,14,1
229,722,12,0
229,723,35,0
229,724,12,1
229,725,35,1
229,726,12,0
229,727,35,0
229,728,41,1
229,729,12,0
229,730,35,0
229,731,41,1
229,732,12,0
229,733,35,0
229,734,41,1
229,735,41,1
229,736,41,1
229,737,41,1
229,738,41,1
229,739,41,1
229,740,41,1
229,741,34,1
229,742,34,0
229,743,34,1
229,744,34,1
229,745,34,1
229,746,34,1
229,747,34,1
229,748,16,1
229,749,16,1
229,750,23,1
229,751,23,1
229,752,23,1
229,753,16,1
229,754,16,1
229,755,32,0
229,756,5,0
229,757,32,0
229,758,5,0
229,759,32,0
229,760,5,0
229,761,32,0
229,762,5,0
229,763,32,0
229,764,5,0
229,765,32,1
229,766,9,1
229,767,32,1
229,768,5,1
229,769,32,1
229,770,9,1
229,771,41,1
229,772,35,0
229,773,35,0
229,774,35,1
229,775,35,1
229,776,41,1
229,777,41,1
229,778,35,1
229,779,4,1
229,780,16,1
229,781,4,1
229,782,15,1
229,783,3,0
229,784,3,0
229,785,3,0
229,786,3,1
229,787,3,0
229,788,3,0
229,789,3,1
229,790,29,0
229,791,3,0
229,792,29,0
229,793,3,0
229,794,29,1
229,795,3,1
229,796,29,1
229,797,3,1
229,798,29,1
229,799,3,1
229,800,29,0
229,801,3,0
229,802,29,1
229,803,3,1
229,804,29,0
229,805,3,0
229,806,29,1
229,807,3,1
229,808,29,0
229,809,3,0
229,810,3,0
229,811,3,1
229,812,23,1
229,813,23,1
229,814,23,1
229,815,23,1
229,816,23,1
229,817,29,0
229,818,3,0
229,819,29,0
229,820,3,0
229,821,29,1
229,822,3,1
229,823,29,1
229,824,3,1
229,825,29,0
229,826,3,0
229,827,29,1
229,828,3,1
229,829,29,1
229,830,3,1
229,831,29,1
229,832,3,1
229,833,29,0
229,834,3,0
229,835,16,1
229,836,29,0
229,837,3,0
229,838,29,0
229,839,3,0
229,840,29,0
229,841,3,0
229,842,52,1
229,843,52,1
229,844,48,1
229,845,17,0
229,846,17,0
229,847,17,0
229,848,17,0
229,849,17,0
229,850,17,1
229,851,17,1
229,852,17,1
229,853,17,1
229,854,17,1
229,855,6,1
229,856,5,1
229,857,6,0
229,858,8,0
229,859,6,1
229,860,8,1
229,861,6,1
229,862,5,1
229,863,6,1
229,864,7,1
229,865,6,0
229,866,8,0
229,867,6,1
229,868,5,1
229,869,6,1
229,870,5,1
229,871,6,1
229,872,9,1
229,873,6,1
229,874,8,1
229,875,32,1
229,876,9,1
229,877,32,0
229,878,32,0
229,879,32,0
229,880,32,0
229,881,32,0
229,882,32,0
229,883,32,0
229,884,32,0
229,885,9,0
229,886,32,1
229,887,9,1
229,888,6,1
229,889,8,1
229,890,32,1
229,891,32,1
229,892,32,1
229,893,32,1
229,894,29,1
229,895,3,1
229,896,29,1
229,897,3,1
229,898,16,1
229,899,16,1
229,900,16,1
229,901,16,0
229,902,16,0
229,903,16,1
229,904,16,1
229,905,16,0
229,906,16,1
229,907,16,1
229,908,16,1
229,909,16,1
229,910,50,0
229,911,50,0
229,912,50,0
229,913,50,0
229,914,50,1
229,915,50,0
229,916,50,0
229,917,50,0
229,918,51,0
229,919,51,1
229,920,16,1
229,921,3,0
229,922,3,1
229,923,3,1
229,924,3,1
229,925,3,1
229,926,50,0
229,927,50,1
229,928,50,1
229,929,50,0
229,930,50,0
229,931,50,1
229,932,50,0
229,933,50,0
229,934,50,1
229,935,50,1
229,936,50,1
229,937,50,0
229,938,50,0
229,939,50,0
229,940,50,1
229,941,50,1
229,942,50,1
229,943,50,0
229,944,50,1
229,945,50,1
229,946,50,1
229,947,50,1
229,948,50,1
229,949,50,0
229,950,50,0
229,951,50,0
229,952,50,1
229,953,50,1
229,954,53,0
229,955,53,0
229,956,53,0
229,957,53,0
229,958,53,1
229,959,54,0
229,960,53,0
229,961,50,0
229,962,50,0
229,963,50,0
229,964,50,0
229,965,50,0
229,966,50,0
229,967,50,0
229,968,50,1
229,969,50,1
229,970,53,0
229,971,53,1
229,972,49,0
229,973,49,0
229,974,49,1
229,975,49,1
229,976,49,1
229,977,53,1
229,978,54,1
229,979,92,0
229,980,94,0
229,981,93,0
229,982,93,1
229,983,94,1
229,984,92,0
229,985,93,1
229,986,28,1
229,987,28,1
229,988,28,1
229,989,28,1
229,990,28,1
229,991,93,1
229,992,50,0
229,993,50,0
229,994,50,0
230,0,22,1
230,1,20,1
230,2,20,1
230,3,20,0
230,4,20,0
230,5,20,1
230,6,20,1
230,7,20,1
230,8,21,1
230,9,21,1
230,10,21,1
230,11,21,1
230,12,18,1
230,13,33,1
230,14,33,1
230,15,37,1
230,16,37,1
230,17,37,0
230,18,37,0
230,19,37,1
230,20,37,1
230,21,37,1
230,22,30,1
230,23,30,1
230,24,37,0
230,25,30,0
230,26,37,1
230,27,30,1
230,28,37,1
230,29,30,1
230,30,37,1
230,31,30,1
230,32,69,1
230,33,69,1
230,34,69,1
230,35,69,1
230,36,24,1
230,37,24,1
230,38,24,1
230,39,19,1
230,40,19,0
230,41,19,1
230,42,19,1
230,43,19,1
230,44,60,0
230,45,60,1
230,46,60,0
230,47,60,0
230,48,60,0
230,49,60,1
230,50,60,1
230,51,41,0
230,52,41,0
230,53,41,0
230,54,41,0
230,55,41,1
230,56,41,1
230,57,41,1
230,58,35,1
230,59,60,0
230,60,60,0
230,61,60,1
230,62,60,1
230,63,60,1
230,64,14,0
230,65,14,0
230,66,14,1
230,67,14,0
230,68,14,0
230,69,14,1
230,70,26,1
230,71,26,1
230,72,26,1
230,73,26,1
230,74,26,1
230,75,70,1
230,76,70,1
230,77,70,1
230,78,70,0
230,79,70,1
230,80,70,1
230,81,70,1
230,82,70,1
230,83,70,1
230,84,70,1
230,85,70,1
230,86,26,0
230,87,26,1
230,88,26,1
230,89,26,1
230,90,26,0
230,91,26,1
230,92,26,1
230,93,26,1
230,94,26,0
230,95,26,1
230,96,26,1
230,97,26,1
230,98,26,0
230,99,26,1
230,100,26,1
230,101,26,1
230,102,26,1
230,103,26,1
230,104,26,1
230,105,26,1
230,106,26,1
230,107,26,0
230,108,26,1
230,109,26,1
230,110,26,1
230,111,27,0
230,112,27,1
230,113,27,1
230,114,27,0
230,115,27,0
230,116,27,0
230,117,27,1
230,118,27,1
230,119,27,1
230,120,40,1
230,121,59,1
230,122,34,1
230,123,34,0
230,124,34,1
230,125,34,1
230,126,34,0
230,127,34,1
230,128,34,1
230,129,34,1
230,130,34,1
230,131,21,0
230,132,21,1
230,133,21,1
230,134,21,1
230,135,14,0
230,136,14,0
230,137,14,0
230,138,14,1
230,139,14,0
230,140,14,0
230,141,14,1
230,142,14,0
230,143,36,0
230,144,36,0
230,145,36,1
230,146,36,1
230,147,36,1
230,148,14,0
230,149,14,0
230,150,14,1
230,151,14,0
230,152,14,1
230,153,14,0
230,154,14,1
230,155,14,1
230,156,26,1
230,157,26,0
230,158,26,1
230,159,26,1
230,160,26,1
230,161,26,1
230,162,26,1
230,163,26,0
230,164,26,0
230,165,26,1
230,166,26,1
230,167,26,1
230,168,26,1
230,169,26,1
230,170,26,1
230,171,70,0
230,172,70,1
230,173,70,0
230,174,70,1
230,175,70,0
230,176,70,1
230,177,70,0
230,178,70,1
230,179,70,1
230,180,70,1
230,181,70,0
230,182,70,1
230,183,70,1
230,184,70,1
230,185,70,1
230,186,70,1
230,187,70,1
230,188,70,1
230,189,70,1
230,190,14,0
230,191,14,0
230,192,14,1
230,193,14,1
230,194,14,1
230,195,25,1
230,196,42,1
230,197,25,0
230,198,42,0
230,199,25,0
230,200,42,0
230,201,25,0
230,202,42,0
230,203,25,0
230,204,42,0
230,205,25,1
230,206,42,1
230,207,25,1
230,208,42,1
230,209,25,0
230,210,42,0
230,211,72,1
230,212,68,1
230,213,68,1
230,214,80,0
230,215,18,0
230,216,80,1
230,217,80,1
230,218,18,1
230,219,80,1
230,220,58,1
230,221,58,1
230,222,26,1
230,223,42,0
230,224,42,0
230,225,42,0
230,226,42,1
230,227,42,1
230,228,42,1
230,229,25,0
230,230,42,0
230,231,25,1
230,232,42,1
230,233,25,0
230,234,42,0
230,235,25,0
230,236,42,0
230,237,25,0
230,238,42,0
230,239,25,0
230,240,42,0
230,241,25,0
230,242,42,0
230,243,25,0
230,244,42,0
230,245,25,0
230,246,42,0
230,247,25,0
230,248,42,0
230,249,25,0
230,250,42,0
230,251,25,0
230,252,42,0
230,253,25,0
230,254,42,0
230,255,25,0
230,256,42,0
230,257,25,0
230,258,42,0
230,259,25,0
230,260,42,0
230,261,25,0
230,262,42,0
230,263,42,1
230,264,43,1
230,265,26,1
230,266,72,0
230,267,72,1
230,268,72,1
230,269,72,0
230,270,72,1
230,271,72,1
230,272,72,1
230,273,43,1
230,274,43,1
230,275,43,1
230,276,43,1
230,277,43,1
230,278,66,0
230,279,66,0
230,280,66,1
230,281,66,0
230,282,66,0
230,283,66,0
230,284,66,1
230,285,66,1
230,286,66,0
230,287,66,0
230,288,66,0
230,289,66,1
230,290,66,0
230,291,66,0
230,292,66,0
230,293,66,0
230,294,66,1
230,295,1,0
230,296,1,0
230,297,1,0
230,298,1,0
230,299,1,0
230,300,1,0
230,301,1,0
230,302,1,0
230,303,1,0
230,304,1,1
230,305,2,0
230,306,1,1
230,307,31,0
230,308,28,1
230,309,25,0
230,310,42,0
230,311,25,0
230,312,42,0
230,313,25,0
230,314,42,0
230,315,25,1
230,316,42,1
230,317,25,0
230,318,42,0
230,319,25,0
230,320,42,0
230,321,25,0
230,322,42,0
230,323,25,0
230,324,42,0
230,325,25,0
230,326,42,0
230,327,25,0
230,328,42,0
230,329,25,0
230,330,42,0
230,331,25,0
230,332,42,0
230,333,25,0
230,334,42,0
230,335,25,0
230,336,42,0
230,337,25,0
230,338,42,0
230,339,25,0
230,340,42,0
230,341,1,1
230,342,1,0
230,343,1,0
230,344,1,0
230,345,1,0
230,346,1,0
230,347,1,1
230,348,1,1
230,349,2,0
230,350,2,0
230,351,2,0
230,352,2,0
230,353,2,0
230,354,2,0
230,355,2,1
230,356,2,1
230,357,2,1
230,358,2,1
230,359,82,1
230,360,83,1
230,361,31,1
230,362,31,1
230,363,31,0
230,364,31,1
230,365,31,1
230,366,66,0
230,367,66,0
230,368,66,1
230,369,66,0
230,370,66,0
230,371,66,0
230,372,66,1
230,373,66,0
230,374,66,0
230,375,66,0
230,376,66,0
230,377,66,0
230,378,66,0
230,379,66,0
230,380,66,0
230,381,66,0
230,382,66,0
230,383,66,0
230,384,66,0
230,385,66,0
230,386,66,0
230,387,66,0
230,388,66,0
230,389,66,0
230,390,66,0
230,391,66,0
230,392,66,0
230,393,66,0
230,394,66,0
230,395,66,0
230,396,66,0
230,397,66,0
230,398,31,1
230,399,31,1
230,400,57,1
230,401,28,1
230,402,28,1
230,403,28,0
230,404,28,1
230,405,28,0
230,406,28,0
230,407,14,0
230,408,28,1
230,409,28,1
230,410,25,1
230,411,42,1
230,412,25,0
230,413,42,0
230,414,25,1
230,415,42,1
230,416,25,0
230,417,42,0
230,418,25,0
230,419,42,0
230,420,25,0
230,421,42,0
230,422,25,0
230,423,42,0
230,424,25,0
230,425,42,0
230,426,25,0
230,427,42,0
230,428,25,0
230,429,42,0
230,430,25,0
230,431,42,0
230,432,25,0
230,433,42,0
230,434,25,0
230,435,42,0
230,436,25,0
230,437,42,0
230,438,25,0
230,439,42,0
230,440,25,0
230,441,42,0
230,442,66,0
230,443,66,0
230,444,66,0
230,445,66,0
230,446,66,0
230,447,66,0
230,448,66,0
230,449,66,0
230,450,66,0
230,451,66,0
230,452,66,0
230,453,66,0
230,454,66,0
230,455,66,0
230,456,66,0
230,457,66,0
230,458,66,0
230,459,66,0
230,460,66,0
230,461,66,0
230,462,66,0
230,463,66,0
230,464,66,0
230,465,66,0
230,466,66,0
230,467,25,0
230,468,42,0
230,469,25,1
230,470,42,1
230,471,25,0
230,472,42,0
230,473,25,1
230,474,42,1
230,475,25,1
230,476,42,1
230,477,25,1
230,478,42,1
230,479,25,1
230,480,42,1
230,481,66,0
230,482,66,1
230,483,66,1
230,484,66,1
230,485,66,0
230,486,66,0
230,487,66,0
230,488,66,0
230,489,66,1
230,490,66,1
230,491,66,1
230,492,31,0
230,493,31,1
230,494,31,1
230,495,31,1
230,496,28,1
230,497,28,1
230,498,84,0
230,499,28,0
230,500,84,0
230,501,28,0
230,502,84,1
230,503,28,1
230,504,84,1
230,505,28,1
230,506,84,1
230,507,28,1
230,508,64,0
230,509,64,1
230,510,64,1
230,511,64,1
230,512,64,1
230,513,39,1
230,514,86,1
230,515,86,0
230,516,86,0
230,517,75,1
230,518,75,1
230,519,75,1
230,520,39,1
230,521,39,1
230,522,86,1
230,523,10,1
230,524,10,1
230,525,10,1
230,526,10,1
230,527,10,1
230,528,10,0
230,529,35,0
230,530,10,1
230,531,35,1
230,532,10,1
230,533,35,1
230,534,10,0
230,535,35,0
230,536,10,1
230,537,35,1
230,538,10,1
230,539,35,1
230,540,10,1
230,541,35,1
230,542,10,1
230,543,35,1
230,544,10,1
230,545,35,1
230,546,6,1
230,547,5,1
230,548,6,1
230,549,8,1
230,550,6,0
230,551,7,0
230,552,6,1
230,553,8,1
230,554,6,0
230,555,8,0
230,556,6,0
230,557,8,0
230,558,17,0
230,559,17,1
230,560,17,1
230,561,17,1
230,562,6,1
230,563,7,1
230,564,6,1
230,565,9,1
230,566,6,1
230,567,9,1
230,568,11,1
230,569,4,1
230,570,9,1
230,571,4,1
230,572,9,1
230,573,4,1
230,574,5,1
230,575,4,1
230,576,5,1
230,577,50,0
230,578,50,1
230,579,50,1
230,580,50,1
230,581,4,1
230,582,7,1
230,583,4,1
230,584,7,1
230,585,5,1
230,586,9,1
230,587,4,1
230,588,22,1
230,589,25,1
230,590,42,1
230,591,25,1
230,592,42,1
230,593,25,1
230,594,42,1
230,595,25,1
230,596,42,1
230,597,25,1
230,598,42,1
230,599,3,1
230,600,3,1
230,601,29,1
230,602,4,1
230,603,22,1
230,604,25,0
230,605,42,0
230,606,25,1
230,607,42,1
230,608,25,0
230,609,42,0
230,610,25,0
230,611,42,0
230,612,25,0
230,613,42,0
230,614,25,0
230,615,42,0
230,616,25,0
230,617,42,0
230,618,25,1
230,619,42,1
230,620,25,0
230,621,42,0
230,622,25,0
230,623,42,0
230,624,25,0
230,625,42,0
230,626,25,0
230,627,42,0
230,628,25,0
230,629,42,0
230,630,25,0
230,631,42,0
230,632,25,0
230,633,42,0
230,634,25,0
230,635,42,0
230,636,25,0
230,637,42,0
230,638,25,0
230,639,42,0
230,640,25,0
230,641,42,0
230,642,25,0
230,643,42,0
230,644,25,0
230,645,42,0
230,646,25,0
230,647,42,0
230,648,25,0
230,649,42,0
230,650,25,0
230,651,42,0
230,652,25,0
230,653,42,0
230,654,25,0
230,655,42,0
230,656,25,0
230,657,42,0
230,658,25,0
230,659,42,0
230,660,25,0
230,661,42,0
230,662,25,0
230,663,42,0
230,664,18,0
230,665,18,1
230,666,18,1
230,667,18,1
230,668,18,1
230,669,18,1
230,670,24,1
230,671,24,1
230,672,24,1
230,673,24,1
230,674,24,1
230,675,74,0
230,676,74,1
230,677,60,1
230,678,60,1
230,679,60,0
230,680,60,1
230,681,60,1
230,682,60,1
230,683,60,1
230,684,60,1
230,685,19,0
230,686,19,1
230,687,19,0
230,688,19,1
230,689,19,1
230,690,19,0
230,691,19,1
230,692,19,1
230,693,19,0
230,694,19,0
230,695,19,1
230,696,19,1
230,697,19,1
230,698,19,1
230,699,19,1
230,700,74,1
230,701,74,1
230,702,74,1
230,703,74,1
230,704,32,0
230,705,9,0
230,706,32,1
230,707,9,1
230,708,32,0
230,709,5,0
230,710,32,0
230,711,5,0
230,712,32,1
230,713,9,1
230,714,12,0
230,715,13,0
230,716,41,0
230,717,12,0
230,718,35,0
230,719,12,0
230,720,13,0
230,721,41,0
230,722,12,0
230,723,13,0
230,724,41,0
230,725,12,1
230,726,35,1
230,727,14,0
230,728,14,1
230,729,14,0
230,730,14,1
230,731,14,0
230,732,14,0
230,733,14,1
230,734,14,0
230,735,14,1
230,736,14,1
230,737,41,1
230,738,12,1
230,739,35,1
230,740,35,1
230,741,41,1
230,742,35,0
230,743,41,1
230,744,35,1
230,745,12,0
230,746,35,0
230,747,41,0
230,748,14,1
230,749,14,1
230,750,14,1
230,751,12,1
230,752,35,1
230,753,35,1
230,754,12,1
230,755,35,1
230,756,41,1
230,757,12,1
230,758,35,1
230,759,41,1
230,760,41,1
230,761,41,1
230,762,41,1
230,763,34,1
230,764,34,1
230,765,34,1
230,766,34,1
230,767,34,1
230,768,23,1
230,769,23,1
230,770,23,1
230,771,23,1
230,772,23,1
230,773,23,1
230,774,23,1
230,775,16,1
230,776,16,1
230,777,25,1
230,778,42,1
230,779,25,1
230,780,42,1
230,781,25,1
230,782,42,1
230,783,25,1
230,784,42,1
230,785,25,1
230,786,42,1
230,787,32,1
230,788,5,1
230,789,32,1
230,790,5,1
230,791,12,1
230,792,35,1
230,793,12,0
230,794,13,0
230,795,41,0
230,796,12,1
230,797,13,1
230,798,41,1
230,799,12,1
230,800,35,1
230,801,12,1
230,802,13,1
230,803,41,1
230,804,12,1
230,805,13,1
230,806,14,1
230,807,12,1
230,808,13,1
230,809,12,1
230,810,35,1
230,811,12,1
230,812,35,1
230,813,11,1
230,814,11,0
230,815,11,0
230,816,11,1
230,817,11,1
230,818,11,1
230,819,11,1
230,820,16,1
230,821,16,1
230,822,4,1
230,823,15,1
230,824,4,1
230,825,16,1
230,826,3,0
230,827,3,0
230,828,3,0
230,829,3,0
230,830,3,0
230,831,3,1
230,832,3,0
230,833,29,0
230,834,3,0
230,835,29,0
230,836,3,0
230,837,17,0
230,838,17,1
230,839,17,1
230,840,17,1
230,841,17,1
230,842,17,1
230,843,6,1
230,844,9,1
230,845,6,1
230,846,5,1
230,847,6,1
230,848,9,1
230,849,6,1
230,850,5,1
230,851,6,1
230,852,9,1
230,853,32,1
230,854,5,1
230,855,32,1
230,856,5,1
230,857,32,1
230,858,5,1
230,859,32,1
230,860,9,1
230,861,32,0
230,862,5,0
230,863,32,0
230,864,9,0
230,865,32,1
230,866,9,1
230,867,32,1
230,868,5,1
230,869,32,1
230,870,5,1
230,871,32,1
230,872,5,1
230,873,4,1
230,874,16,1
230,875,16,1
230,876,16,1
230,877,4,1
230,878,16,1
230,879,16,1
230,880,32,1
230,881,5,1
230,882,50,0
230,883,50,0
230,884,48,1
230,885,52,1
230,886,49,1
230,887,54,1
230,888,28,1
230,889,28,0
230,890,28,0
230,891,28,0
230,892,28,1
230,893,28,1
230,894,28,1
230,895,28,0
230,896,28,1
230,897,28,1
230,898,92,0
230,899,93,1
230,900,92,0
230,901,93,0
230,902,93,0
230,903,93,0
230,904,92,0
230,905,93,1
230,906,28,1
230,907,28,1
230,908,28,1
230,909,53,0
230,910,54,0
230,911,53,0
230,912,54,0
230,913,53,1
230,914,54,1
230,915,53,1
230,916,54,1
230,917,53,1
230,918,54,1
230,919,49,1
230,920,50,0
230,921,50,0
230,922,50,1
230,923,50,1
230,924,50,1
230,925,50,1
230,926,50,1
230,927,50,0
230,928,50,1
230,929,50,1
230,930,50,1
230,931,50,0
230,932,50,1
230,933,50,1
230,934,50,1
230,935,50,1
230,936,50,0
230,937,50,1
230,938,50,1
230,939,50,1
230,940,51,0
230,941,50,0
230,942,95,1
230,943,50,0
230,944,50,0
230,945,50,1
230,946,29,0
230,947,3,0
230,948,29,0
230,949,3,0
230,950,29,1
230,951,3,1
230,952,29,0
230,953,3,0
230,954,29,1
230,955,3,1
230,956,29,0
230,957,3,0
230,958,29,0
230,959,3,0
230,960,29,1
230,961,3,1
230,962,29,1
230,963,3,1
230,964,29,0
230,965,3,0
230,966,3,0
230,967,3,0
230,968,3,0
230,969,3,0
230,970,3,0
230,971,3,1
230,972,29,1
230,973,3,1
230,974,29,0
230,975,3,0
230,976,29,0
230,977,3,0
230,978,29,0
230,979,3,0
230,980,29,0
230,981,3,0
230,982,29,0
230,983,3,0
230,984,29,0
230,985,3,0
230,986,50,1
230,987,29,0
230,988,3,0
230,989,29,0
230,990,3,0
230,991,29,0
230,992,3,0
230,993,29,0
230,994,3,0
230,995,16,0
230,996,16,1
230,997,29,1
230,998,3,1
230,999,29,0
230,1000,3,0
230,1001,3,0
230,1002,11,1
230,1003,11,1
230,1004,32,1
230,1005,5,1
230,1006,32,1
230,1007,9,1
230,1008,3,0
230,1009,3,1
230,1010,3,0
230,1011,3,1
230,1012,3,0
230,1013,29,0
230,1014,3,0
230,1015,29,0
230,1016,3,0
230,1017,29,0
230,1018,3,0
230,1019,29,0
230,1020,3,0
230,1021,29,0
230,1022,3,0
230,1023,29,1
230,1024,3,1
230,1025,29,1
230,1026,3,1
230,1027,29,1
230,1028,3,1
230,1029,29,0
230,1030,3,0
230,1031,29,0
230,1032,3,0
230,1033,29,0
230,1034,3,0
230,1035,29,0
230,1036,3,0
230,1037,29,0
230,1038,3,0
230,1039,29,0
230,1040,3,0
230,1041,29,1
230,1042,3,1
230,1043,29,1
230,1044,3,1
230,1045,29,0
230,1046,3,0
230,1047,29,0
230,1048,3,0
230,1049,16,1
230,1050,29,0
230,1051,3,0
230,1052,29,0
230,1053,3,0
230,1054,29,0
230,1055,3,0
230,1056,29,1
230,1057,3,1
230,1058,29,0
230,1059,3,0
230,1060,3,0
230,1061,3,0
230,1062,3,0
230,1063,3,0
230,1064,3,0
230,1065,3,0
230,1066,29,0
230,1067,3,0
230,1068,29,0
230,1069,3,0
230,1070,29,0
230,1071,3,0
230,1072,16,1
230,1073,29,0
230,1074,3,0
230,1075,29,0
230,1076,3,0
230,1077,29,0
230,1078,3,0
230,1079,29,0
230,1080,3,0
230,1081,29,0
230,1082,3,0
231,0,20,1
231,1,20,1
231,2,20,1
231,3,20,1
231,4,20,1
231,5,20,1
231,6,20,0
231,7,20,1
231,8,20,0
231,9,20,0
231,10,20,0
231,11,20,1
231,12,20,1
231,13,20,0
231,14,20,1
231,15,20,1
231,16,20,0
231,17,20,1
231,18,20,1
231,19,20,1
231,20,21,0
231,21,21,1
231,22,21,0
231,23,73,0
231,24,73,0
231,25,73,1
231,26,73,1
231,27,73,1
231,28,73,1
231,29,73,1
231,30,73,1
231,31,73,1
231,32,73,1
231,33,73,1
231,34,73,1
231,35,20,0
231,36,20,0
231,37,20,1
231,38,20,1
231,39,20,1
231,40,20,1
231,41,20,1
231,42,20,1
231,43,20,0
231,44,20,1
231,45,20,1
231,46,20,1
231,47,20,1
231,48,20,1
231,49,24,0
231,50,24,1
231,51,24,1
231,52,24,1
231,53,24,1
231,54,24,1
231,55,24,0
231,56,24,1
231,57,24,0
231,58,24,0
231,59,24,1
231,60,24,1
231,61,24,1
231,62,24,1
231,63,20,1
231,64,20,1
231,65,20,1
231,66,20,1
231,67,20,1
231,68,20,0
231,69,20,1
231,70,20,1
231,71,20,0
231,72,20,1
231,73,20,1
231,74,20,1
231,75,20,1
231,76,20,1
231,77,34,1
231,78,34,0
231,79,34,0
231,80,20,1
231,81,20,1
231,82,20,1
231,83,20,1
231,84,20,1
231,85,20,0
231,86,20,1
231,87,20,1
231,88,20,0
231,89,20,1
231,90,20,1
231,91,20,1
231,92,20,1
231,93,20,1
231,94,20,1
231,95,20,1
231,96,34,1
231,97,34,1
231,98,34,1
231,99,34,1
231,100,34,1
231,101,12,0
231,102,35,0
231,103,35,0
231,104,12,0
231,105,35,0
231,106,41,1
231,107,35,1
231,108,41,0
231,109,35,0
231,110,12,0
231,111,35,0
231,112,35,1
231,113,12,0
231,114,35,0
231,115,41,0
231,116,41,1
231,117,35,0
231,118,41,1
232,0,20,0
232,1,20,0
232,2,20,0
232,3,20,0
232,4,20,0
232,5,20,1
232,6,20,0
232,7,20,0
232,8,20,0
232,9,73,1
232,10,73,1
232,11,73,1
232,12,73,1
232,13,73,1
232,14,73,1
232,15,73,1
232,16,73,1
232,17,73,1
232,18,73,1
232,19,25,1
232,20,23,1
232,21,20,0
232,22,20,0
232,23,20,1
232,24,55,0
232,25,20,1
232,26,20,0
232,27,20,1
232,28,20,1
232,29,20,1
232,30,20,1
232,31,20,1
232,32,20,0
232,33,20,0
232,34,20,1
232,35,20,0
232,36,20,1
232,37,20,1
232,38,20,1
232,39,20,1
232,40,20,1
232,41,24,1
232,42,24,0
232,43,24,1
232,44,24,1
232,45,24,1
232,46,24,1
232,47,24,1
232,48,24,1
232,49,24,1
232,50,20,0
232,51,20,1
232,52,20,0
232,53,20,0
232,54,20,1
232,55,20,0
232,56,20,0
232,57,20,1
232,58,20,1
232,59,20,0
232,60,20,1
232,61,20,1
232,62,20,1
232,63,20,1
232,64,20,1
232,65,20,1
233,0,20,1
233,1,20,1
233,2,20,1
233,3,20,1
233,4,20,1
233,5,20,1
233,6,20,1
233,7,20,1
233,8,20,1
233,9,20,1
233,10,21,1
233,11,21,1
233,12,21,0
233,13,21,1
233,14,21,1
233,15,21,1
233,16,21,1
233,17,21,1
233,18,21,1
233,19,21,0
233,20,21,1
233,21,21,0
233,22,21,1
233,23,21,1
233,24,21,1
233,25,21,1
233,26,21,1
234,0,20,1
234,1,20,1
234,2,20,0
234,3,20,0
234,4,20,1
234,5,20,1
234,6,20,1
234,7,20,0
234,8,20,1
234,9,20,1
234,10,20,1
234,11,20,1
234,12,20,1
234,13,20,1
234,14,20,1
234,15,20,1
234,16,20,1
234,17,20,1
234,18,21,1
234,19,21,1
234,20,21,1
234,21,21,1
234,22,21,1
234,23,21,0
234,24,21,1
234,25,21,1
234,26,21,1
234,27,21,1
234,28,21,1
234,29,59,1
234,30,59,1
234,31,59,1
234,32,59,1
234,33,59,1
234,34,27,1
234,35,27,1
234,36,27,0
234,37,27,1
234,38,27,0
234,39,27,1
234,40,27,1
234,41,27,1
234,42,27,1
234,43,27,1
234,44,59,1
234,45,59,0
234,46,59,1
234,47,59,0
234,48,59,1
234,49,59,1
234,50,59,1
234,51,59,1
234,52,59,1
234,53,73,1
234,54,73,1
234,55,73,1
234,56,73,1
234,57,73,1
234,58,73,1
234,59,73,1
234,60,73,1
234,61,73,1
234,62,73,1
234,63,22,1
234,64,23,1
234,65,22,1
234,66,23,1
234,67,25,1
234,68,23,1
234,69,22,1
234,70,23,1
234,71,25,1
234,72,23,1
234,73,40,0
234,74,40,1
234,75,40,0
234,76,40,1
234,77,40,0
234,78,40,1
234,79,40,0
234,80,40,1
234,81,40,1
234,82,40,1
234,83,20,0
234,84,20,1
234,85,20,1
234,86,20,1
234,87,20,1
234,88,20,1
234,89,20,1
234,90,20,0
234,91,20,0
234,92,20,1
234,93,20,1
234,94,20,0
234,95,20,0
234,96,20,1
234,97,20,1
234,98,20,1
234,99,20,0
234,100,20,0
234,101,20,1
234,102,20,1
234,103,20,1
234,104,20,0
234,105,20,1
234,106,20,1
234,107,20,1
234,108,20,0
234,109,20,1
234,110,20,1
234,111,20,1
234,112,20,1
234,113,20,1
234,114,20,1
234,115,20,1
234,116,20,1
234,117,20,1
234,118,20,0
234,119,20,1
234,120,20,1
234,121,20,1
234,122,20,1
234,123,20,0
234,124,20,1
234,125,20,0
234,126,20,1
234,127,20,1
234,128,20,0
234,129,20,1
234,130,20,1
234,131,20,1
234,132,20,1
234,133,20,0
234,134,20,1
234,135,20,0
234,136,20,1
234,137,20,1
234,138,20,0
234,139,20,1
234,140,20,1
234,141,20,1
234,142,20,1
234,143,20,1
234,144,65,0
234,145,65,0
234,146,30,0
234,147,30,1
234,148,30,1
234,149,30,1
234,150,30,1
234,151,30,1
234,152,24,0
234,153,24,0
234,154,24,0
234,155,24,1
234,156,24,1
234,157,24,1
234,158,24,0
234,159,20,1
234,160,20,0
234,161,20,1
234,162,20,1
234,163,20,0
234,164,20,1
234,165,20,1
234,166,20,0
234,167,20,1
234,168,20,1
234,169,20,1
234,170,20,1
234,171,20,1
234,172,20,1
234,173,20,1
234,174,20,1
234,175,20,1
234,176,20,1
234,177,34,0
234,178,34,1
234,179,34,0
234,180,34,0
234,181,34,1
234,182,34,1
234,183,34,1
234,184,34,0
234,185,34,1
234,186,34,1
234,187,34,1
234,188,34,1
234,189,34,1
234,190,35,1
234,191,41,1
234,192,41,1
234,193,41,1
234,194,12,0
234,195,35,0
234,196,35,1
234,197,35,1
234,198,12,0
234,199,35,0
234,200,35,1
234,201,41,1
234,202,35,1
234,203,20,1
234,204,20,1
234,205,20,1
234,206,20,0
234,207,20,1
234,208,20,0
234,209,20,1
234,210,20,1
234,211,20,1
234,212,20,1
234,213,20,1
234,214,20,1
234,215,20,1
234,216,20,1
234,217,20,1
234,218,20,1
234,219,20,0
234,220,20,1
234,221,20,1
234,222,20,1
234,223,20,1
234,224,20,1
234,225,34,1
234,226,34,1
234,227,34,1
234,228,34,1
234,229,34,1
234,230,12,0
234,231,35,0
234,232,41,1
234,233,41,1
234,234,35,0
234,235,35,1
234,236,41,1
234,237,41,1
234,238,35,1
234,239,41,0
234,240,35,1
234,241,12,0
234,242,35,0
234,243,41,1
234,244,12,0
234,245,35,0
234,246,41,0
234,247,41,1
234,248,12,1
234,249,35,1
234,250,12,1
234,251,35,1
234,252,35,1
234,253,35,1
234,254,12,1
234,255,35,1
234,256,35,0
235,0,20,0
235,1,20,1
235,2,20,1
235,3,20,1
235,4,20,1
235,5,20,1
235,6,20,0
235,7,20,1
235,8,20,0
235,9,20,1
235,10,20,1
235,11,20,0
235,12,20,1
235,13,20,1
235,14,20,1
235,15,20,1
235,16,20,0
236,0,20,1
236,1,20,1
236,2,20,1
236,3,20,1
236,4,20,1
236,5,20,1
236,6,20,1
236,7,20,0
236,8,20,0
236,9,20,0
236,10,20,1
236,11,20,1
236,12,20,1
236,13,20,1
236,14,20,1
236,15,21,0
236,16,21,1
236,17,21,0
236,18,21,0
236,19,21,1
236,20,21,1
236,21,21,1
236,22,21,1
236,23,21,1
236,24,21,1
236,25,21,1
236,26,21,1
236,27,21,1
236,28,21,1
236,29,59,1
236,30,59,1
236,31,59,0
236,32,59,1
236,33,59,1
236,34,59,1
236,35,59,1
236,36,59,1
236,37,27,0
236,38,27,0
236,39,73,1
236,40,73,1
236,41,73,1
236,42,73,1
236,43,73,1
236,44,73,1
236,45,73,1
236,46,73,1
236,47,73,1
236,48,73,1
236,49,20,1
236,50,20,0
236,51,20,1
236,52,20,1
236,53,20,0
236,54,20,0
236,55,20,1
236,56,20,1
236,57,20,1
236,58,20,1
236,59,20,1
236,60,20,1
236,61,20,1
236,62,20,0
236,63,20,1
236,64,20,0
236,65,20,1
236,66,20,1
236,67,20,1
236,68,20,1
236,69,20,0
236,70,20,1
236,71,20,1
236,72,20,1
236,73,20,0
236,74,20,0
236,75,20,1
236,76,20,1
236,77,20,1
236,78,20,1
236,79,20,1
236,80,24,1
236,81,24,1
236,82,24,1
236,83,24,1
236,84,24,1
236,85,69,1
236,86,69,1
236,87,69,1
236,88,69,0
236,89,20,1
236,90,20,1
236,91,20,1
236,92,20,1
236,93,20,1
236,94,20,1
236,95,20,1
236,96,20,0
236,97,20,1
236,98,20,1
236,99,20,1
236,100,20,1
236,101,20,1
236,102,24,1
236,103,24,1
236,104,24,1
236,105,24,1
236,106,24,1
236,107,24,0
236,108,24,1
236,109,24,1
236,110,24,1
236,111,24,1
236,112,24,1
236,113,65,1
236,114,65,1
236,115,65,0
236,116,65,1
236,117,65,0
236,118,65,1
236,119,65,1
236,120,65,1
236,121,65,1
236,122,65,1
236,123,20,0
236,124,20,1
236,125,20,1
236,126,20,1
236,127,20,1
236,128,20,1
236,129,20,0
236,130,20,1
236,131,20,0
236,132,20,0
236,133,20,1
236,134,20,0
236,135,20,1
236,136,20,0
236,137,20,1
236,138,20,1
236,139,20,1
236,140,20,1
236,141,20,1
236,142,34,1
236,143,34,1
236,144,34,1
236,145,34,1
236,146,34,1
236,147,12,1
236,148,35,1
236,149,41,0
236,150,20,1
236,151,20,1
236,152,20,0
236,153,20,1
236,154,20,1
236,155,20,1
236,156,20,1
236,157,20,1
236,158,20,0
236,159,20,1
236,160,20,1
236,161,20,1
236,162,20,1
236,163,20,1
236,164,34,1
236,165,34,1
236,166,34,1
236,167,34,1
236,168,34,1
236,169,34,1
236,170,34,1
236,171,34,1
236,172,34,1
236,173,34,1
236,174,35,0
236,175,12,0
236,176,35,0
236,177,41,1
236,178,12,1
236,179,35,1
236,180,35,0
236,181,41,1
236,182,12,1
236,183,35,1
236,184,35,1
236,185,41,1
236,186,35,0
236,187,12,0
236,188,35,0
236,189,41,1
236,190,12,1
236,191,35,1
236,192,35,0
236,193,41,1
236,194,12,1
236,195,35,1
236,196,12,1
236,197,35,1
236,198,12,1
236,199,35,1
236,200,41,1
236,201,12,1
236,202,35,1
237,0,20,1
237,1,20,1
237,2,20,1
237,3,20,1
237,4,20,1
237,5,21,0
237,6,21,1
237,7,21,1
237,8,21,1
237,9,21,1
237,10,21,1
237,11,21,1
237,12,21,0
237,13,73,1
237,14,73,1
237,15,73,1
237,16,73,0
237,17,20,0
237,18,20,1
237,19,20,1
237,20,20,1
237,21,20,1
237,22,20,1
237,23,20,1
237,24,20,1
237,25,20,1
237,26,20,0
237,27,20,1
237,28,20,1
237,29,20,1
237,30,20,1
237,31,20,1
237,32,24,0
237,33,24,1
237,34,24,1
237,35,24,1
237,36,24,1
237,37,30,1
237,38,30,1
237,39,30,0
237,40,30,1
237,41,30,0
237,42,30,0
237,43,30,1
237,44,30,1
237,45,30,1
237,46,30,0
237,47,55,0
237,48,55,1
237,49,55,1
237,50,55,1
237,51,55,0
237,52,55,0
237,53,55,1
237,54,55,0
237,55,55,0
237,56,20,1
237,57,20,1
237,58,20,1
237,59,20,1
237,60,20,1
237,61,20,1
237,62,20,0
237,63,20,1
237,64,20,1
237,65,20,0
237,66,20,0
237,67,20,1
237,68,20,1
237,69,20,1
237,70,20,1
237,71,20,1
237,72,34,1
237,73,34,1
237,74,34,0
237,75,20,1
237,76,20,0
237,77,20,1
237,78,20,1
237,79,20,1
237,80,20,1
237,81,20,1
237,82,20,0
237,83,20,0
237,84,20,0
237,85,20,0
238,0,20,0
238,1,20,1
238,2,20,1
238,3,20,1
238,4,20,1
238,5,20,1
238,6,20,1
238,7,20,0
238,8,20,1
238,9,20,0
238,10,20,1
238,11,20,0
238,12,20,1
238,13,20,1
238,14,20,1
238,15,20,0
238,16,20,1
238,17,20,0
238,18,20,1
238,19,73,0
238,20,73,1
238,21,73,1
238,22,73,1
238,23,73,1
238,24,73,1
238,25,73,1
238,26,73,1
238,27,73,1
238,28,73,1
238,29,73,1
238,30,24,0
238,31,20,1
238,32,20,1
238,33,20,1
238,34,20,1
238,35,20,1
238,36,20,1
238,37,20,1
238,38,20,1
238,39,20,0
238,40,20,1
238,41,20,1
238,42,20,1
238,43,20,1
238,44,20,1
238,45,24,1
238,46,24,1
238,47,24,1
238,48,24,1
238,49,69,1
238,50,69,1
238,51,69,1
238,52,20,1
238,53,20,1
238,54,20,1
238,55,20,1
238,56,20,1
238,57,20,1
238,58,20,1
238,59,20,0
238,60,20,1
238,61,20,1
238,62,20,1
238,63,20,1
238,64,20,0
238,65,20,1
238,66,20,1
238,67,20,1
238,68,20,0
238,69,20,0
238,70,20,1
238,71,20,0
238,72,20,0
238,73,20,0
238,74,20,1
238,75,20,0
238,76,20,0
238,77,20,0
238,78,20,1
238,79,20,1
238,80,20,0
238,81,20,1
238,82,20,1
238,83,20,0
238,84,20,1
238,85,20,0
238,86,20,1
238,87,24,1
238,88,24,1
238,89,24,1
238,90,24,0
238,91,24,1
238,92,24,1
238,93,24,1
238,94,24,1
238,95,24,1
238,96,20,1
238,97,20,0
238,98,20,1
238,99,20,0
238,100,20,1
238,101,20,1
238,102,20,1
238,103,20,1
238,104,20,1
238,105,20,0
238,106,20,1
238,107,20,1
238,108,20,1
238,109,20,1
238,110,20,1
238,111,34,1
238,112,34,1
238,113,34,1
238,114,34,1
238,115,34,0
238,116,34,1
238,117,34,1
238,118,34,1
238,119,34,1
238,120,34,0
238,121,34,1
238,122,34,1
238,123,34,1
238,124,34,1
238,125,34,1
238,126,20,0
238,127,20,1
238,128,20,1
238,129,20,1
238,130,20,1
238,131,20,1
238,132,20,1
238,133,20,1
238,134,20,1
238,135,20,1
238,136,20,1
238,137,20,1
238,138,20,1
238,139,20,1
238,140,34,1
238,141,34,1
238,142,34,0
238,143,34,1
238,144,34,1
238,145,34,0
238,146,34,0
238,147,34,1
238,148,34,1
238,149,34,1
238,150,34,1
238,151,34,1
238,152,41,1
238,153,41,1
238,154,35,1
238,155,12,1
238,156,35,1
238,157,41,0
238,158,12,1
238,159,35,1
238,160,41,1
238,161,35,0
238,162,35,1
238,163,12,1
238,164,35,1
238,165,12,1
238,166,35,1
238,167,35,1
238,168,35,1
238,169,35,1
238,170,41,1
238,171,35,0
238,172,35,1
238,173,35,0
239,0,25,0
239,1,23,0
239,2,22,0
239,3,23,0
239,4,23,0
239,5,23,1
239,6,23,1
239,7,25,0
239,8,23,0
239,9,18,0
239,10,59,1
239,11,63,0
240,0,20,1
240,1,21,1
240,2,21,0
240,3,21,0
240,4,21,1
240,5,21,1
240,6,42,0
240,7,21,1
240,8,21,1
240,9,22,0
240,10,22,0
240,11,22,1
240,12,22,0
240,13,22,1
240,14,22,1
240,15,20,1
240,16,20,1
240,17,21,1
240,18,21,1
240,19,21,1
240,20,18,1
240,21,22,1
240,22,33,1
240,23,33,1
240,24,37,1
240,25,37,0
240,26,37,1
240,27,37,0
240,28,37,0
240,29,37,1
240,30,37,1
240,31,30,1
240,32,30,1
240,33,37,0
240,34,30,0
240,35,37,0
240,36,30,0
240,37,37,0
240,38,30,0
240,39,37,1
240,40,30,1
240,41,37,1
240,42,30,1
240,43,69,0
240,44,69,1
240,45,69,1
240,46,69,1
240,47,69,0
240,48,69,0
240,49,69,1
240,50,69,1
240,51,69,0
240,52,69,0
240,53,69,1
240,54,37,1
240,55,37,1
240,56,37,1
240,57,30,1
240,58,69,1
240,59,69,1
240,60,24,1
240,61,24,1
240,62,24,0
240,63,24,0
240,64,24,0
240,65,24,1
240,66,24,1
240,67,24,1
240,68,19,1
240,69,19,1
240,70,60,0
240,71,60,0
240,72,60,0
240,73,60,0
240,74,60,1
240,75,60,1
240,76,60,0
240,77,27,1
240,78,27,0
240,79,27,1
240,80,27,1
240,81,27,1
240,82,59,1
240,83,34,1
240,84,34,1
240,85,34,0
240,86,34,0
240,87,34,1
240,88,34,0
240,89,34,0
240,90,60,1
240,91,60,1
240,92,60,1
240,93,41,1
240,94,41,1
240,95,41,1
240,96,35,1
240,97,21,0
240,98,21,1
240,99,21,1
240,100,21,1
240,101,14,1
240,102,14,1
240,103,36,0
240,104,36,1
240,105,36,0
240,106,36,0
240,107,34,0
240,108,26,1
240,109,26,0
240,110,26,1
240,111,26,1
240,112,26,1
240,113,26,1
240,114,26,0
240,115,26,1
240,116,26,1
240,117,26,1
240,118,26,1
240,119,70,1
240,120,70,1
240,121,70,1
240,122,70,0
240,123,70,1
240,124,70,1
240,125,70,1
240,126,70,1
240,127,70,0
240,128,70,1
240,129,70,1
240,130,70,1
240,131,70,1
240,132,70,0
240,133,70,1
240,134,70,0
240,135,70,0
240,136,34,1
240,137,34,1
240,138,34,1
240,139,36,0
240,140,36,0
240,141,36,1
240,142,36,0
240,143,36,1
240,144,36,1
240,145,36,1
240,146,26,0
240,147,26,0
240,148,26,0
240,149,26,1
240,150,26,0
240,151,26,1
240,152,26,0
240,153,26,0
240,154,26,1
240,155,26,1
240,156,26,1
240,157,26,0
240,158,26,0
240,159,26,1
240,160,26,1
240,161,26,1
240,162,26,1
240,163,26,0
240,164,26,1
240,165,26,1
240,166,26,1
240,167,26,1
240,168,26,1
240,169,26,1
240,170,26,0
240,171,26,0
240,172,26,1
240,173,26,0
240,174,26,0
240,175,26,0
240,176,26,1
240,177,26,0
240,178,26,0
240,179,26,0
240,180,26,0
240,181,26,0
240,182,26,0
240,183,26,0
240,184,26,0
240,185,26,0
240,186,26,1
240,187,26,1
240,188,26,1
240,189,70,1
240,190,70,1
240,191,58,1
240,192,58,1
240,193,26,1
240,194,42,1
240,195,25,0
240,196,42,0
240,197,25,0
240,198,42,0
240,199,25,0
240,200,42,0
240,201,25,1
240,202,42,1
240,203,25,1
240,204,42,1
240,205,25,1
240,206,42,1
240,207,25,1
240,208,42,1
240,209,25,1
240,210,42,1
240,211,42,0
240,212,43,0
240,213,42,1
240,214,43,1
240,215,42,1
240,216,43,1
240,217,42,0
240,218,43,0
240,219,42,1
240,220,43,1
240,221,42,0
240,222,43,0
240,223,42,0
240,224,43,0
240,225,42,1
240,226,43,1
240,227,42,0
240,228,43,0
240,229,42,1
240,230,43,1
240,231,42,0
240,232,43,0
240,233,42,1
240,234,43,1
240,235,42,1
240,236,43,1
240,237,26,0
240,238,26,0
240,239,26,1
240,240,26,1
240,241,72,1
240,242,43,1
240,243,43,1
240,244,43,0
240,245,43,1
240,246,43,1
240,247,43,1
240,248,43,1
240,249,43,1
240,250,66,0
240,251,66,0
240,252,66,1
240,253,66,1
240,254,66,1
240,255,66,1
240,256,66,0
240,257,66,0
240,258,70,0
240,259,66,1
240,260,66,1
240,261,68,1
240,262,68,1
240,263,1,0
240,264,2,0
240,265,2,0
240,266,28,1
240,267,57,0
240,268,57,1
240,269,57,0
240,270,57,0
240,271,57,1
240,272,57,1
240,273,57,0
240,274,80,0
240,275,18,0
240,276,80,0
240,277,18,0
240,278,28,1
240,279,28,1
240,280,28,1
240,281,28,1
240,282,70,1
240,283,70,1
240,284,70,1
240,285,70,0
240,286,70,1
240,287,70,0
240,288,70,1
240,289,70,1
240,290,70,1
240,291,70,0
240,292,70,1
240,293,70,1
240,294,70,1
240,295,70,0
240,296,70,1
240,297,70,0
240,298,70,0
240,299,1,0
240,300,1,0
240,301,1,0
240,302,1,0
240,303,1,0
240,304,1,0
240,305,2,0
240,306,81,1
240,307,31,1
240,308,31,0
240,309,31,1
240,310,80,1
240,311,80,1
240,312,57,0
240,313,57,1
240,314,57,1
240,315,57,1
240,316,2,0
241,0,22,1
241,1,20,1
241,2,20,1
241,3,20,1
241,4,21,1
241,5,21,1
241,6,21,1
241,7,18,1
241,8,21,1
241,9,33,1
241,10,33,1
241,11,37,1
241,12,37,1
241,13,37,1
241,14,30,1
241,15,30,1
241,16,37,1
241,17,30,1
241,18,69,0
241,19,69,1
241,20,69,1
241,21,69,1
241,22,69,1
241,23,69,1
241,24,24,1
241,25,24,0
241,26,24,1
241,27,24,1
241,28,24,1
241,29,60,0
241,30,24,0
241,31,24,1
241,32,24,1
241,33,24,1
241,34,19,0
241,35,19,0
241,36,19,0
241,37,19,0
241,38,19,1
241,39,19,1
241,40,19,1
241,41,19,1
241,42,27,1
241,43,27,1
241,44,59,0
241,45,59,1
241,46,59,1
241,47,59,1
241,48,34,0
241,49,34,1
241,50,34,0
241,51,34,1
241,52,34,1
241,53,34,1
241,54,34,0
241,55,34,1
241,56,34,0
241,57,34,1
241,58,34,1
241,59,34,1
241,60,34,0
241,61,34,1
241,62,34,1
241,63,34,1
241,64,35,1
241,65,26,1
241,66,26,1
241,67,26,1
241,68,26,1
241,69,14,1
241,70,21,0
241,71,25,0
241,72,42,0
241,73,25,1
241,74,42,1
241,75,25,0
241,76,42,0
241,77,25,1
241,78,42,1
241,79,25,0
241,80,42,0
241,81,25,1
241,82,42,1
241,83,25,1
241,84,42,1
241,85,25,0
241,86,42,0
241,87,25,1
241,88,42,1
241,89,25,1
241,90,42,1
241,91,25,0
241,92,42,0
241,93,25,1
241,94,42,1
241,95,25,1
241,96,42,1
241,97,25,0
241,98,42,0
241,99,25,1
241,100,42,1
241,101,25,0
241,102,42,0
241,103,25,1
241,104,42,1
241,105,25,1
241,106,42,1
241,107,25,1
241,108,42,1
241,109,25,1
241,110,42,1
241,111,42,1
241,112,43,1
241,113,42,1
241,114,41,0
241,115,41,0
241,116,41,0
241,117,58,0
241,118,14,0
241,119,14,0
241,120,14,0
241,121,14,0
241,122,14,0
241,123,68,0
241,124,1,0
241,125,31,0
241,126,31,0
241,127,31,0
241,128,41,0
241,129,41,1
241,130,41,1
241,131,41,1
241,132,41,1
241,133,41,1
241,134,14,0
241,135,14,0
241,136,14,0
241,137,14,1
241,138,14,1
241,139,14,0
241,140,14,0
241,141,14,0
241,142,36,0
241,143,36,1
241,144,36,1
241,145,36,1
241,146,57,0
241,147,57,1
241,148,57,1
241,149,57,1
241,150,28,0
241,151,28,1
241,152,28,1
241,153,28,1
241,154,28,1
241,155,28,1
241,156,28,1
241,157,28,0
241,158,28,0
241,159,28,0
241,160,28,0
241,161,28,1
241,162,80,1
241,163,68,1
241,164,68,1
241,165,68,1
241,166,21,1
241,167,21,1
241,168,28,1
241,169,28,1
241,170,31,1
241,171,31,1
241,172,31,1
241,173,31,1
241,174,31,1
241,175,82,1
241,176,75,1
241,177,64,0
241,178,64,1
241,179,10,0
241,180,10,1
241,181,10,1
241,182,10,1
241,183,68,0
241,184,68,0
241,185,68,1
241,186,68,1
241,187,68,1
241,188,1,0
241,189,1,0
241,190,10,1
241,191,10,1
241,192,26,1
241,193,26,1
241,194,26,0
241,195,26,1
241,196,26,1
241,197,26,1
241,198,84,0
241,199,28,0
241,200,10,1
241,201,35,1
241,202,10,1
241,203,35,1
241,204,10,1
241,205,35,1
241,206,10,1
241,207,35,1
241,208,6,0
241,209,5,0
241,210,86,0
241,211,11,0
241,212,66,0
241,213,10,1
241,214,10,1
241,215,4,1
241,216,9,1
241,217,4,1
241,218,9,1
241,219,11,1
241,220,11,1
241,221,17,1
241,222,17,1
241,223,17,1
241,224,29,1
241,225,18,1
241,226,18,1
241,227,18,1
241,228,18,0
241,229,18,1
241,230,18,1
241,231,18,0
241,232,18,1
241,233,18,1
241,234,18,1
241,235,41,0
241,236,41,0
241,237,41,1
241,238,41,1
241,239,41,1
241,240,11,0
241,241,11,0
241,242,11,0
241,243,11,1
241,244,11,1
241,245,32,1
241,246,5,1
241,247,32,0
241,248,5,0
241,249,32,1
241,250,5,1
241,251,32,1
241,252,5,1
241,253,32,0
241,254,9,0
242,0,22,1
242,1,20,1
242,2,20,1
242,3,20,0
242,4,20,1
242,5,20,1
242,6,20,1
242,7,21,1
242,8,21,1
242,9,21,1
242,10,21,0
242,11,21,1
242,12,21,1
242,13,21,1
242,14,18,0
242,15,18,0
242,16,18,1
242,17,18,1
242,18,18,0
242,19,18,0
242,20,18,1
242,21,18,1
242,22,33,1
242,23,33,1
242,24,37,1
242,25,37,1
242,26,37,1
242,27,30,1
242,28,30,1
242,29,37,1
242,30,30,1
242,31,69,0
242,32,69,1
242,33,69,1
242,34,69,1
242,35,69,1
242,36,69,1
242,37,24,0
242,38,24,1
242,39,24,1
242,40,24,1
242,41,24,1
242,42,24,0
242,43,24,1
242,44,24,1
242,45,24,1
242,46,19,1
242,47,19,1
242,48,60,1
242,49,27,1
242,50,40,1
242,51,59,1
242,52,34,1
242,53,34,0
242,54,34,0
242,55,34,0
242,56,34,1
242,57,34,1
242,58,34,1
242,59,34,1
242,60,41,1
242,61,41,1
242,62,41,1
242,63,35,1
242,64,21,1
242,65,14,1
242,66,14,1
242,67,36,1
242,68,55,1
242,69,26,1
242,70,26,1
242,71,26,0
242,72,26,1
242,73,26,1
242,74,26,1
242,75,26,1
242,76,70,1
242,77,70,1
242,78,70,1
242,79,70,1
242,80,70,1
242,81,26,1
242,82,26,1
242,83,26,1
242,84,26,1
242,85,26,1
242,86,70,0
242,87,70,1
242,88,70,1
242,89,70,1
242,90,70,0
242,91,70,0
242,92,70,0
242,93,70,1
242,94,70,0
242,95,70,0
242,96,70,1
242,97,70,1
242,98,70,1
242,99,70,1
242,100,70,1
242,101,58,1
242,102,58,0
242,103,58,0
242,104,58,1
242,105,58,1
242,106,58,1
242,107,26,1
242,108,42,0
242,109,42,1
242,110,42,0
242,111,42,1
242,112,25,0
242,113,42,0
242,114,25,1
242,115,42,1
242,116,25,0
242,117,42,0
242,118,25,1
242,119,42,1
242,120,25,1
242,121,42,1
242,122,25,1
242,123,42,1
242,124,25,1
242,125,42,1
242,126,42,1
242,127,43,1
242,128,26,1
242,129,72,0
242,130,72,1
242,131,72,1
242,132,72,1
242,133,43,1
242,134,43,1
242,135,43,1
242,136,43,1
242,137,43,1
242,138,68,1
242,139,68,1
242,140,1,0
242,141,2,0
242,142,83,1
242,143,31,1
242,144,31,0
242,145,31,1
242,146,31,1
242,147,31,1
242,148,31,1
242,149,80,1
242,150,18,1
242,151,57,1
242,152,28,1
242,153,28,1
242,154,28,1
242,155,28,1
242,156,28,1
242,157,84,0
242,158,28,0
242,159,84,1
242,160,28,1
242,161,84,1
242,162,28,1
242,163,84,1
242,164,28,1
242,165,28,1
242,166,28,1
242,167,28,1
242,168,28,1
242,169,64,0
242,170,64,0
242,171,64,1
242,172,64,1
242,173,64,1
242,174,85,0
242,175,64,1
242,176,64,1
242,177,64,1
242,178,1,1
242,179,1,0
242,180,1,1
242,181,1,0
242,182,1,1
242,183,1,1
242,184,1,1
242,185,1,1
242,186,1,1
242,187,26,1
242,188,26,1
242,189,26,0
242,190,26,1
242,191,26,1
242,192,26,1
242,193,26,0
242,194,26,1
242,195,26,1
242,196,26,1
242,197,26,1
242,198,26,1
242,199,26,1
242,200,26,1
242,201,26,1
242,202,26,1
242,203,2,1
242,204,2,1
242,205,2,1
242,206,2,0
242,207,2,1
242,208,2,1
242,209,2,1
242,210,2,1
242,211,2,1
242,212,2,0
242,213,2,0
242,214,2,1
242,215,2,1
242,216,2,0
242,217,2,1
242,218,2,0
242,219,2,1
242,220,2,1
242,221,2,1
242,222,39,1
242,223,86,1
242,224,87,1
242,225,75,1
242,226,10,1
242,227,10,0
242,228,10,1
242,229,10,1
242,230,10,1
242,231,10,0
242,232,10,1
242,233,10,1
242,234,10,1
242,235,10,1
242,236,35,1
242,237,10,0
242,238,35,0
242,239,10,1
242,240,35,1
242,241,10,1
242,242,35,1
242,243,10,1
242,244,35,1
242,245,10,1
242,246,35,1
242,247,10,1
242,248,35,1
242,249,6,1
242,250,5,1
242,251,6,1
242,252,8,1
242,253,6,0
242,254,8,0
242,255,6,1
242,256,9,1
242,257,6,1
242,258,8,1
242,259,6,0
242,260,8,0
242,261,6,1
242,262,7,1
242,263,6,0
242,264,8,0
242,265,6,1
242,266,7,1
242,267,6,1
242,268,9,1
242,269,6,0
242,270,8,0
242,271,6,1
242,272,7,1
242,273,6,1
242,274,8,1
242,275,6,1
242,276,8,1
242,277,17,1
242,278,17,1
242,279,17,1
242,280,11,1
242,281,4,1
242,282,9,1
242,283,4,1
242,284,9,1
242,285,4,0
242,286,5,0
242,287,4,0
242,288,5,0
242,289,4,1
242,290,5,1
242,291,4,1
242,292,5,1
242,293,4,1
242,294,5,1
242,295,4,1
242,296,7,1
242,297,4,1
242,298,7,1
242,299,5,1
242,300,3,1
242,301,3,1
242,302,29,1
242,303,4,1
242,304,22,1
242,305,25,0
242,306,42,0
242,307,25,1
242,308,42,1
242,309,25,0
242,310,42,0
242,311,25,0
242,312,42,0
242,313,25,1
242,314,42,1
242,315,25,0
242,316,42,0
242,317,25,1
242,318,42,1
242,319,25,1
242,320,42,1
242,321,25,1
242,322,42,1
242,323,25,1
242,324,42,1
242,325,25,1
242,326,42,1
242,327,18,1
242,328,18,1
242,329,18,1
242,330,18,1
242,331,18,1
242,332,32,0
242,333,5,0
242,334,32,1
242,335,5,1
242,336,32,0
242,337,9,0
242,338,32,1
242,339,5,1
242,340,32,0
242,341,9,0
242,342,12,1
242,343,35,1
242,344,32,1
242,345,5,1
242,346,32,0
242,347,9,0
242,348,32,1
242,349,5,1
242,350,32,1
242,351,5,1
242,352,32,1
242,353,9,1
242,354,12,1
242,355,13,1
242,356,12,1
242,357,13,1
242,358,12,1
242,359,35,1
242,360,12,1
242,361,35,1
242,362,24,1
242,363,24,1
242,364,24,1
242,365,24,1
242,366,24,1
242,367,74,1
242,368,74,1
242,369,74,1
242,370,74,1
242,371,74,1
242,372,60,1
242,373,19,0
242,374,19,1
242,375,19,1
242,376,19,1
242,377,19,1
242,378,19,1
242,379,60,1
242,380,60,1
242,381,60,0
242,382,60,0
242,383,60,1
242,384,60,1
242,385,60,1
242,386,60,1
242,387,60,1
242,388,11,1
242,389,11,1
242,390,11,1
242,391,35,1
242,392,41,1
242,393,12,1
242,394,35,1
242,395,12,1
242,396,35,1
242,397,35,1
242,398,41,0
242,399,41,1
242,400,41,1
242,401,41,1
242,402,41,1
242,403,41,0
242,404,41,1
242,405,41,1
242,406,41,1
242,407,41,1
242,408,41,1
242,409,14,1
242,410,14,0
242,411,14,1
242,412,14,1
242,413,14,1
242,414,14,1
242,415,14,1
242,416,34,1
242,417,34,1
242,418,34,1
242,419,34,1
242,420,34,1
242,421,23,1
242,422,23,1
242,423,23,1
242,424,23,1
242,425,23,1
242,426,23,1
242,427,23,1
242,428,23,1
242,429,16,0
242,430,16,0
242,431,16,1
242,432,16,1
242,433,16,1
242,434,16,0
242,435,16,1
242,436,16,0
242,437,16,1
242,438,16,1
242,439,16,1
242,440,4,1
242,441,16,1
242,442,4,0
242,443,15,0
242,444,4,0
242,445,15,0
242,446,4,1
242,447,16,1
242,448,4,0
242,449,15,0
242,450,4,0
242,451,15,0
242,452,4,0
242,453,15,0
242,454,4,1
242,455,16,1
242,456,4,0
242,457,15,0
242,458,4,1
242,459,16,1
242,460,4,0
242,461,16,0
242,462,4,1
242,463,16,1
242,464,4,1
242,465,15,1
242,466,3,0
242,467,3,1
242,468,3,0
242,469,3,1
242,470,3,1
242,471,3,1
242,472,4,1
242,473,15,1
242,474,29,0
242,475,3,0
242,476,29,0
242,477,3,0
242,478,29,1
242,479,3,1
242,480,29,0
242,481,3,0
242,482,29,0
242,483,3,0
242,484,29,0
242,485,3,0
242,486,29,1
242,487,3,1
242,488,29,1
242,489,3,1
242,490,29,0
242,491,3,0
242,492,29,1
242,493,3,1
242,494,29,0
242,495,3,0
242,496,29,1
242,497,3,1
242,498,29,1
242,499,3,1
242,500,29,1
242,501,3,1
242,502,29,1
242,503,3,1
242,504,29,1
242,505,3,1
242,506,49,1
242,507,52,1
242,508,48,1
242,509,17,1
242,510,17,1
242,511,17,1
242,512,17,1
242,513,17,1
242,514,6,1
242,515,7,1
242,516,6,1
242,517,9,1
242,518,6,1
242,519,9,1
242,520,6,1
242,521,8,1
242,522,6,1
242,523,8,1
242,524,32,1
242,525,5,1
242,526,32,1
242,527,5,1
242,528,32,1
242,529,9,1
242,530,32,1
242,531,9,1
242,532,32,1
242,533,5,1
242,534,50,1
242,535,50,1
242,536,16,1
242,537,16,1
242,538,4,1
242,539,16,1
242,540,51,1
242,541,50,0
242,542,50,0
242,543,50,0
242,544,50,1
242,545,50,0
242,546,50,0
242,547,50,0
242,548,50,0
242,549,50,0
242,550,50,0
242,551,57,1
242,552,50,1
242,553,50,1
242,554,50,1
242,555,50,1
242,556,50,1
242,557,50,1
242,558,50,0
242,559,50,1
242,560,50,1
242,561,50,1
242,562,50,1
242,563,50,1
242,564,53,1
242,565,49,1
242,566,94,1
242,567,28,1
242,568,28,1
242,569,28,1
242,570,28,1
242,571,28,1
242,572,53,1
242,573,54,1
242,574,8,0
242,575,9,1
242,576,8,1
242,577,9,1
242,578,4,0
242,579,22,0
242,580,4,1
242,581,22,1
242,582,4,0
242,583,22,0
242,584,4,1
242,585,22,1
242,586,25,1
242,587,42,1
242,588,4,0
242,589,22,0
242,590,4,1
242,591,22,1
242,592,25,1
242,593,42,1
242,594,25,1
242,595,42,1
242,596,25,1
242,597,42,1
242,598,25,1
242,599,42,1
242,600,25,0
242,601,42,0
242,602,25,1
242,603,42,1
242,604,25,1
242,605,42,1
242,606,25,1
242,607,42,1
242,608,25,1
242,609,42,1
242,610,25,1
242,611,42,1
242,612,25,1
242,613,42,1
242,614,25,1
242,615,42,1
242,616,16,1
242,617,4,1
242,618,16,1
242,619,16,1
242,620,4,0
242,621,22,0
242,622,4,1
242,623,22,1
242,624,11,0
242,625,11,1
242,626,11,1
242,627,11,1
242,628,32,1
242,629,5,1
242,630,32,1
242,631,5,1
243,0,40,0
243,1,40,0
243,2,40,0
243,3,40,0
243,4,25,1
243,5,23,1
243,6,25,1
243,7,23,1
243,8,22,1
243,9,23,1
243,10,22,1
243,11,23,1
243,12,22,1
243,13,23,1
243,14,20,0
243,15,18,0
243,16,21,1
243,17,18,1
243,18,21,1
243,19,20,0
243,20,20,1
243,21,40,1
243,22,40,1
243,23,40,1
243,24,40,1
243,25,23,1
243,26,40,1
243,27,27,1
243,28,40,1
243,29,21,1
243,30,20,1
243,31,18,1
243,32,21,1
243,33,19,1
243,34,19,1
243,35,24,1
243,36,19,1
243,37,60,0
243,38,19,0
243,39,24,0
243,40,60,1
243,41,60,1
243,42,24,1
243,43,19,1
243,44,60,1
243,45,46,0
243,46,46,0
243,47,46,0
243,48,34,1
243,49,34,1
243,50,67,0
243,51,67,0
243,52,47,0
243,53,34,1
243,54,34,0
243,55,67,0
243,56,34,0
243,57,61,0
243,58,35,0
243,59,41,0
243,60,61,1
243,61,34,0
243,62,26,0
243,63,26,1
243,64,26,0
243,65,26,0
243,66,26,1
243,67,26,0
243,68,26,1
243,69,26,0
243,70,26,1
243,71,26,0
243,72,26,1
243,73,26,1
243,74,26,1
243,75,26,1
243,76,37,1
243,77,30,1
243,78,37,1
243,79,30,1
243,80,37,1
243,81,30,1
243,82,30,1
243,83,30,1
243,84,30,1
243,85,30,1
243,86,30,1
243,87,70,0
243,88,70,1
243,89,70,0
243,90,70,1
243,91,70,1
243,92,70,1
243,93,70,1
243,94,70,1
243,95,26,0
243,96,26,0
243,97,26,0
243,98,26,1
243,99,26,0
243,100,26,1
243,101,26,1
243,102,26,1
243,103,26,0
243,104,26,0
243,105,26,1
243,106,26,1
243,107,26,0
243,108,26,1
243,109,26,1
243,110,26,1
243,111,26,0
243,112,26,1
243,113,26,1
243,114,26,1
243,115,26,1
243,116,26,0
243,117,26,1
243,118,26,1
243,119,26,1
243,120,26,1
243,121,26,1
243,122,26,1
243,123,41,0
243,124,41,0
243,125,41,0
243,126,41,0
243,127,41,0
243,128,41,0
243,129,41,0
243,130,41,0
243,131,41,1
243,132,41,1
243,133,66,0
243,134,66,0
243,135,66,1
243,136,66,0
243,137,66,0
243,138,66,0
243,139,66,1
243,140,66,0
243,141,66,1
243,142,66,1
243,143,66,0
243,144,66,0
243,145,66,1
243,146,66,0
243,147,66,0
243,148,66,0
243,149,66,1
243,150,66,1
243,151,66,1
243,152,66,1
243,153,66,1
243,154,58,1
243,155,58,1
243,156,58,1
243,157,58,1
243,158,58,1
243,159,58,1
243,160,44,1
243,161,44,0
243,162,44,1
243,163,44,1
243,164,44,1
243,165,44,1
243,166,59,1
243,167,59,1
243,168,59,1
243,169,59,1
243,170,38,1
243,171,38,1
243,172,38,1
243,173,38,1
243,174,44,1
243,175,44,1
243,176,44,1
243,177,44,1
243,178,59,1
243,179,59,1
243,180,59,1
243,181,59,1
243,182,26,1
243,183,26,0
243,184,26,1
243,185,26,1
243,186,26,1
243,187,26,1
243,188,77,1
243,189,79,1
243,190,77,0
243,191,79,0
243,192,77,0
243,193,79,0
243,194,77,1
243,195,79,1
243,196,77,1
243,197,79,1
243,198,77,1
243,199,79,1
243,200,77,1
243,201,79,1
243,202,77,1
243,203,79,1
243,204,77,1
243,205,79,1
243,206,77,1
243,207,79,1
243,208,77,1
243,209,79,1
243,210,77,1
243,211,79,1
243,212,77,1
243,213,79,1
243,214,77,0
243,215,79,0
243,216,77,1
243,217,79,1
243,218,77,1
243,219,79,1
243,220,77,1
243,221,79,1
243,222,77,1
243,223,79,1
244,0,20,1
244,1,40,1
244,2,23,1
244,3,23,1
244,4,22,1
244,5,23,1
244,6,22,1
244,7,23,1
244,8,23,1
244,9,23,1
244,10,40,1
244,11,40,1
244,12,60,0
244,13,24,0
244,14,21,1
244,15,21,1
244,16,21,1
244,17,18,1
244,18,24,1
244,19,19,1
244,20,60,1
244,21,24,1
244,22,46,1
244,23,46,1
244,24,26,1
244,25,26,1
244,26,26,0
244,27,26,0
244,28,26,1
244,29,26,0
244,30,26,0
244,31,26,1
244,32,26,1
244,33,26,1
244,34,37,1
244,35,30,1
244,36,37,1
244,37,30,1
244,38,37,1
244,39,30,1
244,40,30,1
244,41,30,1
244,42,30,1
245,0,22,1
245,1,20,1
245,2,20,1
245,3,20,1
245,4,21,1
245,5,21,1
245,6,21,1
245,7,21,1
245,8,18,1
245,9,33,1
245,10,33,1
245,11,37,1
245,12,37,1
245,13,37,1
245,14,37,1
245,15,30,1
245,16,30,0
245,17,30,1
245,18,30,1
245,19,30,1
245,20,30,1
245,21,69,0
245,22,69,1
245,23,69,1
245,24,69,1
245,25,69,0
245,26,69,0
245,27,69,1
245,28,69,1
245,29,69,1
245,30,24,0
245,31,24,1
245,32,24,1
245,33,24,1
245,34,24,1
245,35,24,0
245,36,24,1
245,37,24,1
245,38,24,1
245,39,19,1
245,40,19,1
245,41,60,0
245,42,60,1
245,43,60,1
245,44,60,1
245,45,27,1
245,46,27,1
245,47,59,1
245,48,34,0
245,49,34,1
245,50,34,1
245,51,34,1
245,52,34,0
245,53,34,0
245,54,34,0
245,55,34,1
245,56,34,0
245,57,34,1
245,58,34,0
245,59,34,0
245,60,34,0
245,61,34,0
245,62,34,0
245,63,41,0
245,64,41,0
245,65,41,0
245,66,41,1
245,67,41,1
245,68,41,0
245,69,41,0
245,70,35,0
245,71,34,1
245,72,34,1
245,73,34,1
245,74,34,0
245,75,34,1
245,76,34,1
245,77,34,1
245,78,35,1
245,79,35,1
245,80,35,1
245,81,21,1
245,82,41,0
245,83,41,0
245,84,41,1
245,85,41,1
245,86,41,1
245,87,14,1
245,88,14,0
245,89,14,1
245,90,14,1
245,91,14,1
245,92,36,0
245,93,36,1
245,94,36,0
245,95,36,1
245,96,36,1
245,97,36,1
245,98,26,0
245,99,26,1
245,100,26,1
245,101,26,1
245,102,26,1
245,103,70,0
245,104,70,1
245,105,70,1
245,106,70,1
245,107,70,0
245,108,26,0
245,109,26,1
245,110,26,1
245,111,26,0
245,112,26,1
245,113,26,1
245,114,26,0
245,115,26,1
245,116,26,1
245,117,26,1
245,118,26,0
245,119,26,1
245,120,26,1
245,121,26,1
245,122,26,0
245,123,26,1
245,124,26,1
245,125,26,1
245,126,26,0
245,127,26,1
245,128,26,1
245,129,26,1
245,130,26,0
245,131,26,1
245,132,26,0
245,133,26,1
245,134,26,0
245,135,26,1
245,136,26,1
245,137,26,1
245,138,26,0
245,139,26,1
245,140,26,1
245,141,26,1
245,142,70,1
245,143,70,1
245,144,26,1
245,145,26,1
245,146,26,1
245,147,26,1
245,148,26,0
245,149,26,1
245,150,26,1
245,151,26,1
245,152,26,0
245,153,70,1
245,154,70,0
245,155,70,1
245,156,70,1
245,157,70,1
245,158,70,0
245,159,70,1
245,160,70,1
245,161,70,1
245,162,70,0
245,163,70,1
245,164,70,0
245,165,70,1
245,166,70,0
245,167,70,1
245,168,70,1
245,169,70,1
245,170,70,0
245,171,70,1
245,172,70,0
245,173,70,1
245,174,70,1
245,175,26,0
245,176,26,1
245,177,26,1
245,178,26,1
245,179,26,0
245,180,26,1
245,181,26,1
245,182,26,1
245,183,26,0
245,184,26,1
245,185,26,1
245,186,26,1
245,187,26,0
245,188,26,1
245,189,26,1
245,190,26,1
245,191,26,0
245,192,26,1
245,193,26,1
245,194,26,1
245,195,26,1
245,196,26,1
245,197,26,1
245,198,26,1
245,199,26,0
245,200,26,1
245,201,26,1
245,202,26,1
245,203,26,0
245,204,26,0
245,205,70,1
245,206,70,1
245,207,70,0
245,208,70,1
245,209,70,1
245,210,70,1
245,211,70,1
245,212,70,1
245,213,70,1
245,214,70,1
245,215,26,0
245,216,26,1
245,217,26,1
245,218,26,1
245,219,26,1
245,220,26,0
245,221,26,1
245,222,26,1
245,223,26,1
245,224,26,1
245,225,26,1
245,226,26,0
245,227,26,1
245,228,26,1
245,229,26,1
245,230,26,1
245,231,26,1
245,232,26,1
245,233,26,1
245,234,26,1
245,235,70,1
245,236,70,1
245,237,70,1
245,238,26,0
245,239,26,1
245,240,26,1
245,241,26,1
245,242,26,1
245,243,26,1
245,244,26,1
245,245,58,1
245,246,58,1
245,247,26,1
245,248,42,0
245,249,42,1
245,250,42,1
245,251,42,1
245,252,25,0
245,253,42,0
245,254,25,1
245,255,42,1
245,256,25,1
245,257,42,1
245,258,25,1
245,259,42,1
245,260,25,1
245,261,42,1
245,262,25,1
245,263,42,1
245,264,25,1
245,265,42,1
245,266,25,1
245,267,42,1
245,268,42,1
245,269,43,1
245,270,26,0
245,271,26,1
245,272,26,1
245,273,26,1
245,274,43,0
245,275,43,1
245,276,43,1
245,277,43,1
245,278,43,1
245,279,43,1
245,280,72,1
245,281,66,0
245,282,66,0
245,283,66,1
245,284,66,1
245,285,66,1
245,286,66,0
245,287,66,1
245,288,66,1
245,289,66,0
245,290,66,1
245,291,66,0
245,292,66,0
245,293,66,1
245,294,66,0
245,295,66,1
245,296,66,1
245,297,66,0
245,298,66,0
245,299,66,1
245,300,66,1
245,301,66,0
245,302,66,1
245,303,68,0
245,304,68,1
245,305,68,1
245,306,68,1
245,307,66,1
245,308,66,1
245,309,66,0
245,310,66,0
245,311,66,1
245,312,66,1
245,313,66,0
245,314,66,0
245,315,66,1
245,316,66,1
245,317,66,1
245,318,66,0
245,319,66,0
245,320,66,1
245,321,66,1
245,322,1,1
245,323,2,1
245,324,1,0
245,325,81,1
245,326,1,1
245,327,83,1
245,328,66,1
245,329,66,0
245,330,66,0
245,331,66,1
245,332,66,0
245,333,66,1
245,334,66,1
245,335,31,1
245,336,31,0
245,337,31,1
245,338,31,0
245,339,31,1
245,340,31,1
245,341,31,1
245,342,31,1
245,343,80,1
245,344,18,1
245,345,57,0
245,346,57,1
245,347,57,1
245,348,57,1
245,349,28,1
245,350,28,1
245,351,28,1
245,352,28,0
245,353,28,1
245,354,28,1
245,355,28,1
245,356,28,1
245,357,84,0
245,358,28,0
245,359,84,0
245,360,28,0
245,361,84,0
245,362,28,0
245,363,84,0
245,364,28,0
245,365,84,1
245,366,28,1
245,367,64,0
245,368,64,1
245,369,64,0
245,370,64,1
245,371,64,1
245,372,84,0
245,373,28,0
245,374,84,1
245,375,28,1
245,376,84,1
245,377,28,1
245,378,84,0
245,379,28,0
245,380,84,1
245,381,28,1
245,382,84,1
245,383,28,1
245,384,84,1
245,385,28,1
245,386,85,0
245,387,64,0
245,388,64,1
245,389,85,0
245,390,85,0
245,391,64,0
245,392,64,0
245,393,64,0
245,394,39,1
245,395,86,1
245,396,64,0
245,397,64,1
245,398,64,1
245,399,64,1
245,400,85,0
245,401,64,0
245,402,85,0
245,403,64,1
245,404,64,1
245,405,64,1
245,406,75,0
245,407,75,1
245,408,75,1
245,409,75,0
245,410,75,1
245,411,75,1
245,412,75,0
245,413,75,1
245,414,75,1
245,415,75,0
245,416,75,1
245,417,75,1
245,418,75,1
245,419,39,1
245,420,10,1
245,421,10,0
245,422,10,1
245,423,10,1
245,424,10,1
245,425,10,1
245,426,10,1
245,427,10,0
245,428,35,0
245,429,10,0
245,430,35,0
245,431,10,1
245,432,35,1
245,433,10,1
245,434,35,1
245,435,10,1
245,436,35,1
245,437,10,1
245,438,35,1
245,439,10,1
245,440,35,1
245,441,6,0
245,442,5,0
245,443,6,1
245,444,5,1
245,445,6,1
245,446,9,1
245,447,6,1
245,448,7,1
245,449,6,1
245,450,9,1
245,451,6,0
245,452,8,0
245,453,6,1
245,454,7,1
245,455,6,1
245,456,7,1
245,457,6,0
245,458,8,0
245,459,6,1
245,460,7,1
245,461,6,0
245,462,8,0
245,463,6,1
245,464,9,1
245,465,6,1
245,466,9,1
245,467,6,1
245,468,9,1
245,469,17,1
245,470,17,1
245,471,11,1
245,472,4,1
245,473,9,1
245,474,4,1
245,475,9,1
245,476,4,0
245,477,5,0
245,478,4,0
245,479,5,0
245,480,4,1
245,481,5,1
245,482,4,1
245,483,7,1
245,484,4,1
245,485,7,1
245,486,50,0
245,487,50,0
245,488,50,0
245,489,50,1
245,490,50,0
245,491,50,0
245,492,50,0
245,493,4,0
245,494,5,0
245,495,4,1
245,496,5,1
245,497,4,0
245,498,5,0
245,499,4,1
245,500,5,1
245,501,4,1
245,502,5,1
245,503,4,1
245,504,5,1
245,505,5,1
245,506,5,1
245,507,4,1
245,508,22,1
245,509,25,1
245,510,42,1
245,511,25,1
245,512,42,1
245,513,25,1
245,514,42,1
245,515,25,1
245,516,42,1
245,517,25,0
245,518,42,0
245,519,25,0
245,520,42,0
245,521,25,0
245,522,42,0
245,523,25,1
245,524,42,1
245,525,25,1
245,526,42,1
245,527,25,1
245,528,42,1
245,529,25,1
245,530,42,1
245,531,25,1
245,532,42,1
245,533,3,1
245,534,3,1
245,535,29,1
245,536,4,0
245,537,22,0
245,538,25,1
245,539,42,1
245,540,25,1
245,541,42,1
245,542,25,0
245,543,42,0
245,544,25,0
245,545,42,0
245,546,25,1
245,547,42,1
245,548,25,0
245,549,42,0
245,550,25,0
245,551,42,0
245,552,25,0
245,553,42,0
245,554,25,0
245,555,42,0
245,556,25,0
245,557,42,0
245,558,25,0
245,559,42,0
245,560,25,1
245,561,42,1
245,562,25,1
245,563,42,1
245,564,25,1
245,565,42,1
245,566,25,1
245,567,42,1
245,568,25,1
245,569,42,1
245,570,32,0
245,571,5,0
245,572,32,0
245,573,9,0
245,574,32,1
245,575,5,1
245,576,32,1
245,577,9,1
245,578,32,1
245,579,9,1
245,580,12,0
245,581,35,0
245,582,12,1
245,583,35,1
245,584,12,0
245,585,13,0
245,586,41,0
245,587,12,0
245,588,35,0
245,589,12,1
245,590,35,1
245,591,12,0
245,592,13,0
245,593,41,0
245,594,12,1
245,595,13,1
245,596,41,1
245,597,12,0
245,598,13,0
245,599,14,0
245,600,12,0
245,601,13,0
245,602,14,0
245,603,12,0
245,604,13,0
245,605,41,0
245,606,12,0
245,607,13,0
245,608,12,0
245,609,13,0
245,610,12,0
245,611,13,0
245,612,41,0
245,613,12,1
245,614,35,1
245,615,12,0
245,616,13,0
245,617,41,0
245,618,12,1
245,619,13,1
245,620,41,1
245,621,12,1
245,622,13,1
245,623,41,1
245,624,12,0
245,625,35,0
245,626,12,0
245,627,13,0
245,628,14,0
245,629,12,1
245,630,13,1
245,631,41,1
245,632,12,0
245,633,13,0
245,634,14,0
245,635,12,1
245,636,13,1
245,637,12,1
245,638,13,1
245,639,14,1
245,640,12,1
245,641,13,1
245,642,12,1
245,643,13,1
245,644,41,1
245,645,12,1
245,646,35,1
245,647,12,1
245,648,35,1
245,649,12,1
245,650,35,1
245,651,12,1
245,652,35,1
245,653,19,0
245,654,19,0
245,655,19,0
245,656,19,0
245,657,19,1
245,658,19,1
245,659,19,0
245,660,19,1
245,661,19,1
245,662,19,0
245,663,18,1
245,664,18,1
245,665,74,0
245,666,60,0
245,667,60,1
245,668,60,1
245,669,60,1
245,670,60,1
245,671,60,1
245,672,19,0
245,673,19,0
245,674,19,1
245,675,19,0
245,676,19,1
245,677,19,1
245,678,19,1
245,679,19,1
245,680,19,1
245,681,74,1
245,682,74,1
245,683,74,1
245,684,74,1
245,685,74,0
245,686,11,1
245,687,11,1
245,688,11,1
245,689,23,1
245,690,23,1
245,691,16,0
245,692,16,1
245,693,16,1
245,694,16,1
245,695,18,1
245,696,18,1
245,697,18,1
245,698,24,0
245,699,24,0
245,700,24,1
245,701,24,1
245,702,24,1
245,703,24,1
245,704,24,1
245,705,14,0
245,706,14,1
245,707,14,0
245,708,14,0
245,709,14,1
245,710,14,1
245,711,14,1
245,712,14,0
245,713,14,0
245,714,14,1
245,715,35,0
245,716,12,1
245,717,35,1
245,718,41,0
245,719,12,1
245,720,35,1
245,721,12,1
245,722,35,1
245,723,41,0
245,724,12,1
245,725,35,1
245,726,35,0
245,727,41,0
245,728,12,1
245,729,35,1
245,730,41,0
245,731,41,0
245,732,41,0
245,733,41,0
245,734,41,0
245,735,41,1
245,736,14,0
245,737,14,1
245,738,14,1
245,739,14,1
245,740,14,1
245,741,14,1
245,742,35,1
245,743,12,1
245,744,35,1
245,745,35,1
245,746,41,1
245,747,41,1
245,748,41,1
245,749,41,1
245,750,41,1
245,751,34,1
245,752,34,1
245,753,34,1
245,754,34,1
245,755,34,1
245,756,23,1
245,757,23,1
245,758,23,1
245,759,23,1
245,760,23,1
245,761,16,1
245,762,16,1
245,763,4,1
245,764,15,1
245,765,4,1
245,766,16,1
245,767,3,0
245,768,3,0
245,769,3,1
245,770,3,0
245,771,3,1
245,772,3,0
245,773,3,1
245,774,3,1
245,775,29,0
245,776,3,0
245,777,29,0
245,778,3,0
245,779,29,0
245,780,3,0
245,781,29,1
245,782,3,1
245,783,29,1
245,784,3,1
245,785,29,0
245,786,3,0
245,787,29,0
245,788,3,0
245,789,29,1
245,790,3,1
245,791,29,0
245,792,3,0
245,793,29,1
245,794,3,1
245,795,29,1
245,796,3,1
245,797,29,0
245,798,3,0
245,799,29,1
245,800,3,1
245,801,29,0
245,802,3,0
245,803,29,1
245,804,3,1
245,805,29,1
245,806,3,1
245,807,29,1
245,808,3,1
245,809,29,0
245,810,3,0
245,811,16,1
245,812,29,0
245,813,3,0
245,814,29,0
245,815,3,0
245,816,29,0
245,817,3,0
245,818,29,0
245,819,3,0
245,820,29,0
245,821,3,0
245,822,29,0
245,823,3,0
245,824,16,1
245,825,29,1
245,826,3,1
245,827,29,0
245,828,3,0
245,829,29,0
245,830,3,0
245,831,29,0
245,832,3,0
245,833,49,1
245,834,32,1
245,835,32,1
245,836,9,1
245,837,32,1
245,838,9,1
245,839,32,1
245,840,32,1
245,841,17,1
245,842,6,1
245,843,5,1
245,844,6,1
245,845,9,1
245,846,17,1
245,847,6,1
245,848,8,1
245,849,6,1
245,850,5,1
245,851,6,1
245,852,7,1
245,853,17,1
245,854,17,1
245,855,17,1
245,856,29,1
245,857,3,1
245,858,16,1
245,859,52,1
245,860,48,1
245,861,16,0
245,862,16,1
245,863,16,1
245,864,16,1
245,865,16,1
245,866,16,1
245,867,3,0
245,868,3,1
245,869,3,1
245,870,3,1
245,871,50,0
245,872,50,1
245,873,50,1
245,874,50,1
245,875,51,1
245,876,51,1
245,877,50,1
245,878,50,0
245,879,50,1
245,880,50,1
245,881,50,0
245,882,50,1
245,883,50,1
245,884,50,0
245,885,50,1
245,886,57,1
245,887,50,1
245,888,50,1
245,889,50,1
245,890,50,1
245,891,50,1
245,892,50,1
245,893,50,0
245,894,50,1
245,895,50,1
245,896,50,1
245,897,53,0
245,898,54,1
245,899,53,1
245,900,53,1
245,901,49,0
245,902,49,0
245,903,49,1
245,904,49,1
245,905,49,0
245,906,53,0
245,907,54,0
245,908,53,1
245,909,54,1
245,910,53,0
245,911,54,0
245,912,53,1
245,913,54,1
245,914,53,1
245,915,54,1
245,916,94,1
245,917,28,1
245,918,28,0
245,919,28,1
245,920,28,0
245,921,28,1
245,922,28,1
245,923,28,1
245,924,28,0
245,925,28,1
245,926,28,1
245,927,49,1
245,928,53,1
245,929,54,1
245,930,28,1
245,931,28,1
245,932,28,1
245,933,11,0
245,934,11,1
245,935,11,1
245,936,11,1
245,937,32,1
245,938,5,1
245,939,32,1
245,940,9,1
246,0,22,1
246,1,23,1
246,2,22,1
246,3,23,1
246,4,22,1
246,5,23,1
246,6,25,1
246,7,23,1
246,8,23,1
246,9,21,1
246,10,21,1
246,11,21,1
246,12,21,1
246,13,21,1
246,14,40,1
246,15,40,0
246,16,40,0
246,17,40,1
246,18,40,0
246,19,40,0
246,20,40,1
246,21,40,1
246,22,40,0
246,23,40,1
246,24,40,1
246,25,40,0
246,26,40,1
246,27,40,1
246,28,40,0
246,29,40,1
246,30,23,1
246,31,23,1
246,32,27,1
246,33,23,1
246,34,40,1
246,35,40,1
246,36,40,1
246,37,40,1
246,38,24,1
246,39,24,1
246,40,19,0
246,41,60,1
246,42,60,1
246,43,60,0
246,44,24,1
246,45,46,0
246,46,46,0
246,47,46,0
246,48,46,0
246,49,46,0
246,50,46,0
246,51,46,0
246,52,46,0
246,53,46,0
246,54,46,0
246,55,46,0
246,56,35,1
246,57,41,1
246,58,67,0
246,59,35,0
246,60,78,0
246,61,47,1
246,62,34,1
246,63,34,1
246,64,67,0
246,65,34,0
246,66,34,0
246,67,34,1
246,68,67,0
246,69,67,0
246,70,78,1
246,71,78,1
246,72,78,0
246,73,13,1
246,74,61,1
246,75,14,1
246,76,34,1
246,77,34,1
246,78,26,0
246,79,26,1
246,80,26,0
246,81,26,0
246,82,26,1
246,83,26,1
246,84,26,1
246,85,26,0
246,86,26,1
246,87,26,0
246,88,26,1
246,89,26,1
246,90,26,1
246,91,26,1
246,92,37,0
246,93,30,0
246,94,37,1
246,95,30,1
246,96,37,1
246,97,30,1
246,98,70,0
246,99,70,1
246,100,37,1
246,101,30,1
246,102,37,1
246,103,30,1
246,104,46,0
246,105,46,0
246,106,46,1
246,107,46,1
246,108,46,1
246,109,30,1
246,110,30,1
246,111,30,1
246,112,30,1
246,113,30,1
246,114,70,1
246,115,70,0
246,116,70,1
246,117,70,1
246,118,70,1
246,119,70,1
246,120,70,1
246,121,70,0
246,122,70,1
246,123,70,0
246,124,70,1
246,125,70,1
246,126,70,1
246,127,70,1
246,128,70,0
246,129,70,1
246,130,70,1
246,131,26,0
246,132,26,1
246,133,26,1
246,134,26,1
246,135,26,1
246,136,26,1
246,137,26,1
246,138,26,1
246,139,26,1
246,140,41,1
246,141,41,1
246,142,41,1
246,143,41,1
246,144,41,1
246,145,66,0
246,146,66,0
246,147,66,0
246,148,66,0
246,149,66,0
246,150,66,0
246,151,66,0
246,152,66,1
246,153,66,0
246,154,66,0
246,155,66,1
246,156,66,0
246,157,66,1
246,158,66,0
246,159,66,0
246,160,66,0
246,161,66,1
246,162,66,0
246,163,66,0
246,164,66,0
246,165,66,0
246,166,66,0
246,167,66,1
246,168,66,0
246,169,66,1
246,170,66,0
246,171,66,0
246,172,66,1
246,173,66,0
246,174,66,1
246,175,66,1
246,176,58,1
246,177,58,1
246,178,58,1
246,179,58,1
246,180,58,1
246,181,58,1
246,182,59,0
246,183,59,1
246,184,59,1
246,185,59,1
246,186,59,1
246,187,44,1
246,188,44,1
246,189,44,1
246,190,44,1
246,191,38,0
246,192,38,1
246,193,38,1
246,194,38,1
246,195,38,1
246,196,59,1
246,197,59,1
246,198,59,1
246,199,59,1
246,200,44,1
246,201,44,1
246,202,44,1
246,203,44,1
246,204,26,0
246,205,26,0
246,206,26,1
246,207,26,1
246,208,26,1
246,209,26,1
246,210,77,0
246,211,79,0
246,212,77,0
246,213,79,0
246,214,77,1
246,215,79,1
246,216,77,0
246,217,79,0
246,218,77,1
246,219,79,1
246,220,77,1
246,221,79,1
246,222,77,1
246,223,79,1
246,224,77,1
246,225,79,1
246,226,77,1
246,227,79,1
246,228,77,1
246,229,79,1
246,230,77,1
246,231,79,1
246,232,77,1
246,233,79,1
246,234,77,0
246,235,79,0
246,236,77,0
246,237,79,0
246,238,77,0
246,239,79,0
246,240,77,1
246,241,79,1
246,242,77,1
246,243,79,1
246,244,77,1
246,245,79,1
246,246,77,1
246,247,79,1
247,0,22,1
247,1,20,1
247,2,20,1
247,3,20,1
247,4,21,1
247,5,21,1
247,6,21,1
247,7,21,1
247,8,18,1
247,9,33,1
247,10,33,0
247,11,33,0
247,12,33,1
247,13,33,1
247,14,33,0
247,15,33,1
247,16,33,0
247,17,33,0
247,18,33,1
247,19,33,0
247,20,33,1
247,21,33,1
247,22,33,1
247,23,37,0
247,24,37,1
247,25,37,1
247,26,37,1
247,27,37,1
247,28,37,0
247,29,37,0
247,30,37,0
247,31,37,0
247,32,37,0
247,33,37,0
247,34,37,0
247,35,30,1
247,36,30,0
247,37,30,0
247,38,30,1
247,39,30,0
247,40,30,0
247,41,37,1
247,42,30,1
247,43,69,1
247,44,69,1
247,45,69,1
247,46,69,1
247,47,30,1
247,48,30,1
247,49,30,1
247,50,37,1
247,51,37,1
247,52,37,1
247,53,24,1
247,54,24,1
247,55,19,1
247,56,19,1
247,57,60,1
247,58,40,1
247,59,59,0
247,60,59,0
247,61,34,1
247,62,34,0
247,63,34,1
247,64,34,1
247,65,34,1
247,66,59,1
247,67,59,1
247,68,34,0
247,69,34,0
247,70,34,1
247,71,34,1
247,72,34,1
247,73,35,0
247,74,35,0
247,75,35,1
247,76,26,0
247,77,26,0
247,78,26,0
247,79,26,1
247,80,26,0
247,81,26,0
247,82,26,0
247,83,26,0
247,84,26,0
247,85,26,1
247,86,26,0
247,87,26,0
247,88,70,0
247,89,70,1
247,90,70,0
247,91,70,1
247,92,70,0
247,93,70,0
247,94,35,1
247,95,35,1
247,96,21,0
247,97,21,1
247,98,21,1
247,99,21,1
247,100,26,0
247,101,26,0
247,102,26,0
247,103,14,0
247,104,14,1
247,105,14,1
247,106,14,1
247,107,26,0
247,108,26,1
247,109,26,1
247,110,26,1
247,111,24,0
247,112,27,0
247,113,27,0
247,114,28,1
247,115,57,0
247,116,14,0
247,117,14,0
247,118,14,0
247,119,14,1
247,120,14,1
247,121,36,0
247,122,26,1
247,123,26,1
247,124,28,0
247,125,14,0
247,126,28,0
247,127,28,0
247,128,28,1
247,129,28,0
247,130,28,1
247,131,28,1
247,132,26,1
247,133,26,1
247,134,26,1
247,135,26,1
247,136,26,1
247,137,26,1
247,138,26,1
247,139,26,1
247,140,26,1
247,141,26,0
247,142,26,0
247,143,26,1
247,144,26,1
247,145,26,0
247,146,31,1
247,147,68,0
247,148,68,1
247,149,68,1
247,150,68,1
247,151,68,1
247,152,1,1
247,153,2,0
247,154,2,1
247,155,2,1
247,156,2,1
247,157,2,1
247,158,2,1
247,159,2,1
247,160,1,1
247,161,31,1
247,162,31,1
247,163,42,1
247,164,25,1
247,165,42,1
247,166,25,0
247,167,42,0
247,168,25,1
247,169,42,1
247,170,25,0
247,171,42,0
247,172,26,0
247,173,26,0
247,174,26,0
247,175,26,0
247,176,26,0
247,177,26,0
247,178,26,0
247,179,58,1
247,180,37,1
247,181,37,0
247,182,37,0
247,183,37,0
247,184,37,1
247,185,37,1
247,186,30,0
247,187,30,0
247,188,30,0
247,189,30,0
247,190,30,0
247,191,37,0
247,192,37,0
247,193,30,0
247,194,19,1
247,195,19,0
247,196,20,1
247,197,21,0
247,198,39,1
247,199,86,0
247,200,64,0
247,201,42,0
247,202,43,0
247,203,14,0
247,204,14,0
247,205,14,0
247,206,14,1
247,207,14,0
247,208,14,0
247,209,14,1
247,210,14,1
247,211,36,0
247,212,36,0
247,213,36,1
247,214,36,1
247,215,36,0
247,216,36,0
247,217,36,0
247,218,39,1
247,219,84,0
247,220,28,0
247,221,86,1
247,222,86,1
247,223,86,1
247,224,10,0
247,225,10,1
247,226,10,0
247,227,6,1
247,228,7,1
247,229,4,0
247,230,5,0
247,231,4,0
247,232,5,0
247,233,4,1
247,234,7,1
247,235,4,1
247,236,7,1
247,237,50,0
247,238,50,0
247,239,9,0
247,240,8,1
247,241,5,1
247,242,5,1
247,243,6,1
247,244,5,1
247,245,34,0
247,246,34,0
247,247,34,1
247,248,34,1
247,249,34,0
247,250,34,0
247,251,34,1
247,252,34,1
247,253,34,1
247,254,34,1
247,255,41,0
247,256,41,0
247,257,41,0
247,258,41,0
247,259,41,0
247,260,41,0
247,261,41,0
247,262,41,0
247,263,41,0
247,264,41,0
247,265,35,0
247,266,41,0
247,267,35,1
247,268,41,0
247,269,12,0
247,270,35,0
247,271,41,0
247,272,12,0
247,273,35,0
247,274,35,0
247,275,12,0
247,276,35,0
247,277,12,0
247,278,35,0
247,279,14,0
247,280,14,1
247,281,14,0
247,282,14,1
247,283,14,1
247,284,14,0
247,285,14,1
247,286,14,0
247,287,14,0
247,288,14,0
247,289,19,1
247,290,19,1
247,291,19,0
247,292,19,1
247,293,19,1
247,294,19,0
247,295,18,1
247,296,60,1
247,297,60,0
247,298,60,1
247,299,60,1
247,300,60,1
247,301,60,1
247,302,60,1
247,303,18,1
247,304,18,1
247,305,18,1
247,306,18,1
247,307,19,1
247,308,14,1
247,309,14,1
247,310,14,1
247,311,14,1
247,312,14,0
247,313,14,1
247,314,14,0
247,315,14,1
247,316,14,0
247,317,14,1
247,318,14,0
247,319,24,0
247,320,24,0
247,321,24,0
247,322,24,0
247,323,11,0
247,324,11,1
247,325,11,0
247,326,11,1
247,327,11,1
247,328,32,0
247,329,9,0
247,330,32,1
247,331,5,1
247,332,32,1
247,333,5,1
247,334,32,1
247,335,5,1
248,0,21,0
248,1,21,0
248,2,21,1
248,3,21,1
248,4,21,1
248,5,21,1
248,6,19,1
248,7,20,1
248,8,21,1
248,9,20,1
248,10,19,0
248,11,19,0
248,12,19,1
248,13,19,1
248,14,19,0
248,15,19,1
248,16,19,1
248,17,37,1
248,18,37,1
248,19,59,1
248,20,55,0
248,21,55,0
248,22,55,0
248,23,55,0
248,24,55,0
248,25,55,0
248,26,55,0
249,0,40,0
249,1,25,1
249,2,23,1
249,3,27,0
249,4,59,1
249,5,40,0
249,6,40,0
250,0,20,1
250,1,21,1
250,2,20,1
250,3,21,1
250,4,21,1
250,5,23,1
250,6,27,1
250,7,40,1
250,8,40,1
250,9,23,1
250,10,22,1
250,11,23,1
250,12,23,1
250,13,22,1
250,14,23,1
250,15,22,1
250,16,23,1
250,17,25,1
250,18,23,1
250,19,19,1
250,20,24,1
250,21,24,1
250,22,24,1
250,23,24,1
250,24,45,1
250,25,45,1
250,26,45,1
250,27,26,1
250,28,26,1
250,29,26,1
250,30,26,1
250,31,26,1
250,32,37,1
250,33,30,1
250,34,37,1
250,35,30,1
250,36,37,1
250,37,30,1
250,38,37,1
250,39,30,1
250,40,37,0
250,41,30,0
250,42,37,1
250,43,30,1
250,44,37,1
250,45,30,1
250,46,37,0
250,47,30,0
250,48,37,1
250,49,30,1
250,50,37,1
250,51,30,1
250,52,30,0
250,53,30,1
250,54,30,1
250,55,30,1
250,56,30,1
250,57,30,1
251,0,21,1
251,1,21,1
251,2,21,1
251,3,21,1
251,4,20,1
251,5,23,0
251,6,40,0
251,7,40,0
251,8,40,0
251,9,40,1
251,10,40,0
251,11,40,1
251,12,40,1
251,13,40,1
251,14,40,1
251,15,22,1
251,16,23,1
251,17,23,1
251,18,22,1
251,19,23,1
251,20,25,1
251,21,23,1
251,22,25,1
251,23,23,1
251,24,60,1
251,25,24,1
251,26,60,1
251,27,19,1
251,28,60,1
251,29,45,0
251,30,45,0
251,31,45,1
251,32,45,0
251,33,45,0
251,34,45,0
251,35,45,0
251,36,45,0
251,37,46,0
251,38,46,0
251,39,46,0
251,40,46,0
251,41,45,0
251,42,45,1
251,43,45,0
251,44,45,0
251,45,45,0
251,46,34,1
251,47,34,1
251,48,78,1
251,49,34,1
251,50,41,0
251,51,41,0
251,52,41,0
251,53,67,0
251,54,47,0
251,55,26,0
251,56,26,0
251,57,26,1
251,58,26,1
251,59,26,0
251,60,26,1
251,61,26,0
251,62,26,0
252,0,20,1
252,1,20,1
252,2,21,1
252,3,21,1
252,4,21,1
252,5,40,1
252,6,27,1
252,7,27,1
252,8,23,0
252,9,40,0
252,10,40,1
252,11,40,0
252,12,40,0
252,13,40,1
252,14,40,1
253,0,21,1
253,1,18,0
253,2,21,1
253,3,21,1
253,4,21,0
253,5,21,1
253,6,21,1
253,7,22,0
253,8,23,0
253,9,22,1
253,10,23,1
253,11,23,1
253,12,23,1
253,13,25,1
253,14,23,1
253,15,22,1
253,16,23,1
253,17,20,1
253,18,21,1
253,19,21,0
253,20,21,1
253,21,18,0
253,22,21,1
253,23,21,1
253,24,20,0
253,25,19,1
253,26,19,0
253,27,60,0
253,28,21,1
253,29,20,1
253,30,20,1
253,31,21,1
253,32,18,0
253,33,18,0
253,34,21,1
253,35,21,1
253,36,20,1
253,37,21,1
253,38,21,1
253,39,24,1
253,40,60,0
253,41,60,0
253,42,60,1
253,43,24,0
253,44,60,1
253,45,24,1
253,46,60,1
253,47,24,1
253,48,60,1
253,49,23,1
253,50,40,1
253,51,45,0
253,52,45,1
253,53,67,0
253,54,78,0
253,55,67,0
253,56,34,1
253,57,67,0
253,58,34,1
253,59,78,1
253,60,67,1
253,61,67,1
253,62,67,1
253,63,78,1
253,64,34,1
253,65,34,0
253,66,34,0
253,67,26,0
253,68,26,0
253,69,26,0
253,70,26,1
253,71,26,0
253,72,26,0
253,73,26,0
253,74,26,1
253,75,26,1
253,76,26,0
253,77,26,0
253,78,26,0
253,79,26,0
253,80,26,0
253,81,26,1
253,82,26,1
253,83,26,0
253,84,26,0
253,85,26,0
253,86,26,1
253,87,26,0
253,88,26,0
253,89,37,1
253,90,30,1
253,91,37,0
253,92,30,0
253,93,37,1
253,94,30,1
253,95,37,1
253,96,30,1
253,97,37,1
253,98,30,1
253,99,30,1
253,100,30,0
253,101,30,0
253,102,30,0
253,103,30,1
253,104,30,1
253,105,30,1
253,106,26,1
253,107,26,1
253,108,26,0
253,109,26,0
253,110,26,1
253,111,26,1
253,112,26,0
253,113,26,1
253,114,26,1
253,115,26,1
253,116,26,1
254,0,20,1
254,1,21,1
254,2,20,1
254,3,18,0
254,4,18,1
254,5,24,1
254,6,60,1
254,7,24,1
254,8,60,1
254,9,19,1
254,10,22,0
254,11,23,0
254,12,23,1
254,13,23,1
254,14,25,1
254,15,23,1
254,16,22,1
254,17,23,1
254,18,25,1
254,19,23,1
254,20,40,1
254,21,40,1
254,22,23,1
254,23,27,1
254,24,45,0
254,25,45,1
254,26,46,1
254,27,46,1
255,0,32,0
255,1,5,0
255,2,32,0
255,3,9,0
255,4,32,1
255,5,5,1
255,6,32,1
255,7,5,1
255,8,32,1
255,9,5,1
255,10,11,1
255,11,11,1
255,12,65,0
255,13,65,0
255,14,65,1
255,15,65,0
255,16,65,1
255,17,19,0
255,18,19,0
255,19,19,1
255,20,19,1
255,21,19,1
255,22,34,0
255,23,34,1
255,24,34,1
255,25,34,0
255,26,34,0
255,27,37,1
255,28,30,1
255,29,40,0
255,30,18,0
255,31,18,0
255,32,18,1
255,33,18,1
255,34,18,1
255,35,24,0
255,36,38,1
255,37,52,0
255,38,52,1
255,39,52,1
255,40,52,1
255,41,20,0
255,42,20,0
255,43,20,1
255,44,20,1
255,45,20,1
255,46,20,1
255,47,21,1
255,48,21,0
255,49,21,1
255,50,21,1
255,51,21,1
255,52,21,1
255,53,22,1
255,54,18,1
255,55,19,1
255,56,24,0
255,57,24,1
255,58,24,0
255,59,24,1
255,60,24,1
255,61,21,1
255,62,24,1
255,63,24,0
255,64,24,1
255,65,24,0
255,66,24,1
255,67,24,1
255,68,24,1
255,69,25,0
255,70,23,0
255,71,25,1
255,72,23,1
255,73,23,1
255,74,25,1
255,75,23,1
255,76,25,0
255,77,23,0
255,78,22,1
255,79,23,1
255,80,25,1
255,81,23,1
255,82,22,1
255,83,23,1
255,84,20,1
255,85,18,0
255,86,18,1
255,87,18,1
255,88,18,1
255,89,24,0
255,90,24,1
255,91,24,1
255,92,24,1
255,93,24,1
255,94,22,1
255,95,22,1
255,96,22,1
255,97,22,1
255,98,22,1
255,99,37,1
255,100,34,1
255,101,34,1
255,102,34,1
255,103,34,1
255,104,34,0
255,105,34,1
255,106,34,1
255,107,34,0
255,108,34,1
255,109,34,1
255,110,34,1
255,111,34,1
255,112,80,1
255,113,36,1
255,114,35,1
255,115,74,1
255,116,60,0
255,117,60,1
255,118,60,1
255,119,60,0
255,120,60,1
255,121,60,1
255,122,60,0
255,123,21,1
255,124,21,1
255,125,59,1
255,126,41,0
255,127,41,1
255,128,41,0
255,129,41,1
255,130,41,1
255,131,41,1
255,132,55,0
255,133,55,1
255,134,55,1
255,135,55,1
255,136,55,1
255,137,55,0
255,138,55,0
255,139,55,1
255,140,55,1
255,141,55,1
255,142,21,1
255,143,21,1
255,144,20,1
255,145,69,0
255,146,69,1
255,147,69,1
255,148,69,0
255,149,69,1
255,150,69,1
255,151,69,1
255,152,19,1
255,153,19,1
255,154,21,0
255,155,21,1
255,156,21,1
255,157,21,1
255,158,37,1
255,159,30,1
255,160,37,1
255,161,37,1
255,162,30,1
255,163,30,1
255,164,30,1
255,165,30,1
255,166,30,1
255,167,30,1
255,168,33,1
255,169,33,1
255,170,33,0
255,171,62,0
255,172,44,0
255,173,33,0
255,174,62,0
255,175,44,0
255,176,33,0
255,177,62,0
255,178,44,0
255,179,40,1
255,180,27,1
255,181,60,0
255,182,40,1
255,183,40,1
255,184,44,1
255,185,44,1
255,186,44,1
255,187,44,1
255,188,44,1
255,189,35,0
255,190,35,1
255,191,35,1
255,192,35,1
255,193,73,0
255,194,73,1
255,195,73,1
255,196,73,0
255,197,73,1
255,198,73,1
255,199,73,1
255,200,14,1
255,201,14,0
255,202,38,1
255,203,63,0
255,204,63,1
255,205,63,1
255,206,63,1
255,207,65,0
255,208,65,1
255,209,65,0
255,210,65,1
255,211,65,1
255,212,65,1
255,213,65,1
255,214,65,1
255,215,59,1
255,216,14,1
255,217,14,1
255,218,41,0
255,219,35,0
255,220,35,1
255,221,12,0
255,222,35,0
255,223,41,0
255,224,41,1
255,225,35,1
255,226,44,1
255,227,61,0
255,228,44,0
255,229,61,0
255,230,44,0
255,231,24,0
255,232,24,1
255,233,24,0
255,234,24,1
255,235,24,1
255,236,24,1
255,237,20,0
255,238,20,0
255,239,20,0
255,240,20,1
255,241,20,1
255,242,20,1
255,243,41,1
255,244,60,1
255,245,36,1
255,246,36,0
255,247,49,1
255,248,52,1
255,249,51,1
255,250,50,0
255,251,51,0
255,252,51,1
255,253,51,1
255,254,26,1
255,255,39,0
255,256,39,1
255,257,39,0
255,258,39,1
255,259,39,1
255,260,39,1
255,261,39,1
255,262,28,0
255,263,68,0
255,264,64,0
255,265,26,0
255,266,26,1
255,267,26,0
255,268,26,0
255,269,77,0
255,270,79,0
255,271,77,0
255,272,79,0
255,273,77,1
255,274,79,1
255,275,77,0
255,276,79,0
255,277,55,1
255,278,55,0
255,279,53,0
255,280,49,1
255,281,48,1
255,282,61,1
255,283,44,1
255,284,61,1
255,285,44,1
255,286,61,1
255,287,44,1
255,288,61,1
255,289,44,1
255,290,61,1
255,291,44,1
255,292,28,1
255,293,28,0
255,294,28,0
255,295,50,0
255,296,50,0
255,297,32,1
255,298,5,1
255,299,32,1
255,300,5,1
255,301,12,0
255,302,35,0
255,303,12,0
255,304,13,0
255,305,41,0
255,306,12,0
255,307,13,0
255,308,41,0
256,0,49,1
256,1,53,1
256,2,54,1
256,3,66,0
256,4,66,0
256,5,66,1
256,6,66,0
256,7,66,1
256,8,66,0
256,9,66,1
256,10,66,1
256,11,66,1
256,12,66,1
256,13,66,0
256,14,66,0
256,15,66,1
256,16,66,1
256,17,66,0
256,18,66,0
256,19,66,1
256,20,66,1
256,21,66,1
256,22,66,1
256,23,66,1
256,24,52,1
256,25,49,1
256,26,68,0
256,27,68,0
257,0,49,1
257,1,53,0
257,2,54,0
257,3,53,1
257,4,54,1
257,5,53,1
257,6,54,1
257,7,53,1
257,8,54,1
257,9,66,0
257,10,66,0
257,11,66,1
257,12,66,0
257,13,66,1
257,14,66,1
257,15,49,1
257,16,52,1
257,17,68,0
257,18,68,1
257,19,68,1
257,20,68,1
257,21,68,1
258,0,49,1
258,1,53,0
258,2,54,0
258,3,66,0
258,4,66,0
258,5,66,1
258,6,66,1
258,7,26,0
258,8,26,1
258,9,26,1
258,10,26,1
258,11,26,0
258,12,26,1
258,13,26,1
258,14,26,1
258,15,26,0
258,16,26,1
258,17,26,1
258,18,26,1
258,19,26,0
258,20,26,1
258,21,26,1
258,22,26,1
258,23,26,0
258,24,26,1
258,25,26,1
258,26,26,1
258,27,26,1
258,28,26,0
258,29,26,1
258,30,26,1
258,31,26,1
258,32,26,0
258,33,26,1
258,34,26,1
258,35,26,1
258,36,26,0
258,37,26,1
258,38,26,1
258,39,26,1
258,40,26,0
258,41,26,1
258,42,26,1
258,43,26,1
258,44,26,1
258,45,26,0
258,46,26,1
258,47,26,1
258,48,26,1
258,49,26,0
258,50,26,1
258,51,26,1
258,52,26,1
258,53,26,1
258,54,26,1
259,0,49,1
259,1,53,0
259,2,54,0
259,3,53,0
259,4,54,0
259,5,53,1
259,6,54,1
259,7,53,1
259,8,54,1
259,9,53,0
259,10,54,0
259,11,66,0
259,12,66,0
259,13,66,1
259,14,66,0
259,15,66,0
259,16,66,1
259,17,66,1
259,18,66,1
259,19,66,0
259,20,66,1
259,21,66,1
259,22,66,1
259,23,66,1
259,24,66,0
259,25,66,0
259,26,66,1
259,27,66,1
260,0,49,0
260,1,49,0
260,2,49,0
260,3,49,0
260,4,49,0
260,5,53,0
260,6,54,0
260,7,53,0
260,8,54,0
260,9,53,1
260,10,54,1
260,11,53,1
260,12,54,1
260,13,53,0
260,14,54,0
260,15,66,0
261,0,49,0
261,1,49,0
261,2,49,1
261,3,49,0
261,4,49,1
261,5,53,1
261,6,54,1
261,7,66,0
261,8,66,0
261,9,66,1
261,10,66,0
261,11,66,0
261,12,66,0
261,13,66,0
261,14,66,0
261,15,66,0
261,16,66,0
261,17,66,1
261,18,66,0
261,19,66,0
261,20,66,0
261,21,66,1
261,22,66,1
261,23,66,0
261,24,66,0
261,25,66,1
261,26,66,1
261,27,49,0
261,28,49,0
261,29,49,1
261,30,49,1
261,31,49,1
261,32,66,0
261,33,66,0
261,34,66,1
261,35,66,1
261,36,66,1
261,37,66,0
261,38,66,0
261,39,66,1
261,40,66,1
261,41,66,1
261,42,66,1
261,43,66,0
261,44,66,0
261,45,66,0
261,46,66,1
261,47,66,0
261,48,66,1
261,49,66,1
261,50,66,1
261,51,66,1
261,52,66,0
261,53,66,1
261,54,66,1
261,55,66,1
261,56,66,0
261,57,66,1
261,58,66,1
261,59,66,1
261,60,66,1
261,61,66,1
261,62,66,1
261,63,52,1
261,64,52,1
261,65,68,1
261,66,68,1
262,0,49,1
262,1,53,0
262,2,54,0
262,3,53,1
262,4,54,1
262,5,53,1
262,6,54,1
262,7,53,0
262,8,54,0
262,9,53,0
262,10,54,0
262,11,66,0
262,12,66,0
262,13,66,1
262,14,66,0
262,15,66,0
262,16,53,0
262,17,54,0
262,18,53,0
262,19,54,0
262,20,53,1
262,21,54,1
262,22,53,1
262,23,54,1
262,24,49,1
262,25,52,1
262,26,66,0
262,27,68,1
262,28,68,0
262,29,68,1
262,30,68,1
262,31,68,0
262,32,68,1
262,33,68,0
262,34,68,1
262,35,68,1
262,36,68,1
262,37,66,0
263,0,49,0
263,1,49,0
263,2,49,0
263,3,49,0
263,4,49,0
263,5,53,0
263,6,54,0
263,7,53,1
263,8,54,1
263,9,53,0
263,10,54,0
263,11,53,1
263,12,54,1
263,13,53,1
263,14,54,1
263,15,66,0
263,16,66,0
263,17,66,0
263,18,66,0
263,19,66,0
263,20,66,0
263,21,49,1
264,0,49,0
264,1,49,1
264,2,49,0
264,3,49,1
264,4,49,1
264,5,53,0
264,6,54,0
264,7,53,0
264,8,54,0
264,9,26,0
264,10,49,0
264,11,49,0
264,12,49,1
264,13,49,1
264,14,49,1
264,15,53,0
264,16,54,0
264,17,53,0
264,18,54,0
264,19,53,0
264,20,54,0
264,21,53,0
264,22,54,0
264,23,53,0
264,24,54,0
264,25,53,1
264,26,54,1
264,27,53,0
264,28,54,0
264,29,52,1
264,30,52,1
264,31,68,0
264,32,68,0
265,0,49,1
265,1,53,0
265,2,54,0
265,3,53,0
265,4,54,0
265,5,53,0
265,6,54,0
265,7,53,0
265,8,54,0
265,9,53,0
265,10,54,0
265,11,66,0
265,12,66,0
265,13,66,1
265,14,66,0
265,15,53,0
265,16,54,0
265,17,53,0
265,18,54,0
265,19,53,1
265,20,54,1
265,21,53,1
265,22,54,1
265,23,53,1
265,24,54,1
265,25,49,1
265,26,52,1
266,0,49,0
266,1,49,0
266,2,49,0
266,3,49,0
266,4,49,0
266,5,53,0
266,6,54,0
266,7,53,1
266,8,54,1
266,9,53,0
266,10,54,0
266,11,53,0
266,12,54,0
266,13,53,0
266,14,54,0
266,15,49,0
266,16,49,0
266,17,49,0
266,18,49,1
266,19,49,0
266,20,49,1
266,21,49,1
266,22,49,1
266,23,53,0
266,24,54,0
266,25,53,1
266,26,54,1
266,27,53,1
266,28,54,1
266,29,53,0
266,30,54,0
266,31,53,1
266,32,54,1
266,33,53,1
266,34,54,1
266,35,53,1
266,36,54,1
266,37,66,0
266,38,66,0
266,39,66,0
266,40,66,0
266,41,66,1
266,42,49,0
266,43,49,1
266,44,52,1
266,45,49,1
266,46,68,1
266,47,68,1
266,48,52,1
266,49,66,0
266,50,66,0
266,51,66,0
267,0,53,0
267,1,54,0
267,2,49,1
267,3,66,0
267,4,66,0
267,5,66,1
267,6,66,1
267,7,66,0
267,8,66,0
267,9,66,1
267,10,66,1
267,11,66,1
267,12,66,0
267,13,66,1
267,14,66,1
267,15,66,0
267,16,66,0
267,17,66,0
267,18,66,1
267,19,66,1
267,20,66,1
267,21,66,0
267,22,66,0
267,23,66,1
267,24,66,1
267,25,66,0
267,26,66,1
267,27,66,1
267,28,66,1
267,29,66,1
267,30,66,1
267,31,66,1
267,32,52,1
267,33,52,1
267,34,68,1
267,35,68,1
268,0,20,0
268,1,20,1
268,2,21,1
268,3,18,1
268,4,21,1
268,5,20,1
268,6,21,0
268,7,20,1
268,8,21,1
268,9,19,1
268,10,18,1
268,11,19,1
268,12,23,1
268,13,25,0
268,14,23,0
268,15,25,1
268,16,23,1
268,17,25,1
268,18,23,1
268,19,22,1
268,20,23,1
268,21,22,1
268,22,23,1
268,23,25,1
268,24,23,1
269,0,49,0
269,1,49,1
269,2,49,0
269,3,49,0
269,4,49,0
269,5,53,0
269,6,54,0
269,7,66,0
269,8,66,0
269,9,66,0
269,10,66,0
269,11,66,0
269,12,66,0
269,13,66,1
269,14,66,0
269,15,66,0
269,16,66,0
269,17,66,1
269,18,66,0
269,19,66,0
269,20,66,0
269,21,66,1
269,22,66,0
269,23,66,0
269,24,66,0
269,25,66,1
269,26,66,0
269,27,26,0
269,28,26,1
269,29,26,1
269,30,26,1
269,31,26,0
269,32,26,1
269,33,26,1
269,34,26,1
269,35,26,0
269,36,26,1
269,37,26,1
269,38,26,1
269,39,26,0
269,40,26,1
269,41,26,1
269,42,26,1
269,43,26,0
269,44,26,1
269,45,26,1
269,46,26,1
269,47,26,1
269,48,26,0
269,49,26,1
269,50,26,1
269,51,26,1
269,52,26,0
269,53,26,1
269,54,26,1
269,55,26,1
269,56,26,0
269,57,26,1
269,58,26,1
269,59,26,1
269,60,26,0
269,61,26,1
269,62,26,1
269,63,26,1
269,64,49,0
269,65,49,0
269,66,49,0
269,67,49,0
269,68,49,0
270,0,49,0
270,1,49,0
270,2,49,0
270,3,49,0
270,4,49,0
270,5,53,0
270,6,54,0
270,7,66,0
270,8,66,0
270,9,66,1
270,10,66,0
270,11,49,0
270,12,49,0
270,13,49,1
270,14,49,1
270,15,49,1
270,16,49,1
270,17,52,1
271,0,49,1
271,1,53,0
271,2,54,0
271,3,66,0
271,4,66,0
271,5,66,0
271,6,66,0
271,7,52,1
271,8,52,1
272,0,49,0
272,1,49,1
272,2,49,0
272,3,49,1
272,4,49,1
272,5,53,0
272,6,54,0
272,7,53,1
272,8,54,1
272,9,53,1
272,10,54,1
272,11,53,1
272,12,54,1
272,13,66,0
272,14,66,0
272,15,66,0
272,16,66,0
272,17,52,1
273,0,49,1
273,1,53,1
273,2,54,1
273,3,66,0
273,4,66,0
273,5,49,1
273,6,52,1
273,7,68,0
274,0,49,1
274,1,53,0
274,2,54,0
274,3,66,0
274,4,66,0
274,5,49,1
274,6,52,1
274,7,66,0
275,0,49,0
275,1,49,1
275,2,49,0
275,3,49,1
275,4,49,1
275,5,53,0
275,6,54,0
275,7,66,0
275,8,66,0
275,9,66,1
275,10,66,0
275,11,66,0
275,12,49,1
275,13,66,0
275,14,66,1
275,15,66,1
275,16,66,0
275,17,66,0
275,18,66,1
275,19,66,1
275,20,66,0
275,21,66,0
275,22,66,1
275,23,66,1
275,24,66,0
275,25,66,0
275,26,66,0
275,27,66,1
275,28,66,0
275,29,66,0
275,30,66,1
275,31,66,1
275,32,66,0
275,33,49,1
275,34,66,0
275,35,66,1
275,36,66,1
275,37,66,0
275,38,66,0
275,39,66,1
275,40,66,1
275,41,66,1
275,42,66,0
275,43,66,0
275,44,66,1
275,45,66,1
275,46,66,0
275,47,66,0
275,48,66,1
275,49,66,0
275,50,66,1
275,51,66,0
275,52,66,0
275,53,66,1
275,54,66,1
275,55,66,1
275,56,66,1
275,57,52,1
275,58,26,0
275,59,26,0
275,60,26,1
275,61,26,1
275,62,26,0
275,63,26,1
275,64,26,0
275,65,26,1
275,66,26,0
275,67,26,1
275,68,26,1
275,69,26,1
275,70,26,0
275,71,26,1
275,72,26,1
275,73,26,1
275,74,26,0
275,75,26,1
275,76,26,1
275,77,26,1
275,78,26,0
275,79,26,1
275,80,26,1
275,81,26,1
275,82,26,0
275,83,26,1
275,84,26,1
275,85,26,1
275,86,26,0
275,87,26,1
275,88,26,1
275,89,26,1
276,0,49,0
276,1,49,0
276,2,49,0
276,3,49,0
276,4,49,0
276,5,53,0
276,6,54,0
276,7,53,0
276,8,54,0
276,9,53,0
276,10,54,0
276,11,53,0
276,12,54,0
276,13,53,0
276,14,54,0
276,15,53,1
276,16,54,1
276,17,53,0
276,18,54,0
276,19,53,1
276,20,54,1
276,21,53,1
276,22,54,1
276,23,53,1
276,24,54,1
276,25,49,0
276,26,49,0
276,27,49,1
276,28,49,0
276,29,49,1
276,30,49,0
276,31,52,1
277,0,49,0
277,1,49,0
277,2,49,0
277,3,49,1
277,4,49,0
277,5,53,0
277,6,54,0
277,7,53,1
277,8,54,1
277,9,53,0
277,10,54,0
277,11,53,0
277,12,54,0
277,13,53,0
277,14,54,0
277,15,53,0
277,16,54,0
277,17,53,0
277,18,54,0
277,19,53,0
277,20,54,0
277,21,66,0
277,22,52,1
277,23,49,1
278,0,53,0
278,1,54,0
279,0,40,0
279,1,40,0
279,2,40,1
279,3,40,1
279,4,40,0
279,5,44,1
279,6,32,1
279,7,5,1
279,8,32,1
279,9,9,1
279,10,65,1
279,11,40,1
279,12,40,1
279,13,40,1
279,14,6,1
279,15,9,1
279,16,6,1
279,17,9,1
279,18,6,1
279,19,9,1
279,20,6,1
279,21,7,1
279,22,10,1
279,23,10,0
279,24,10,0
279,25,35,0
279,26,10,0
279,27,35,0
279,28,10,1
279,29,35,1
279,30,10,0
279,31,35,0
279,32,10,0
279,33,35,0
279,34,10,0
279,35,35,0
279,36,10,0
279,37,35,0
279,38,10,0
279,39,10,1
279,40,10,1
279,41,10,1
279,42,9,0
279,43,8,0
279,44,5,0
279,45,9,1
279,46,5,1
279,47,9,1
279,48,63,1
279,49,66,0
279,50,66,0
280,0,40,0
280,1,40,1
280,2,40,1
280,3,40,0
280,4,40,0
280,5,44,1
280,6,32,1
280,7,9,1
280,8,32,1
280,9,9,1
280,10,65,1
280,11,40,0
280,12,40,1
280,13,40,0
280,14,40,0
280,15,40,1
280,16,40,1
280,17,40,0
280,18,40,1
280,19,6,0
280,20,8,0
280,21,40,1
280,22,40,1
280,23,6,0
280,24,8,0
280,25,34,0
280,26,34,1
280,27,34,0
280,28,34,1
280,29,34,1
280,30,34,1
280,31,34,1
280,32,5,1
280,33,6,0
280,34,8,0
280,35,6,1
280,36,9,1
280,37,6,1
280,38,7,1
280,39,6,1
280,40,8,1
280,41,34,1
280,42,41,0
280,43,41,0
280,44,41,0
280,45,41,0
280,46,41,0
280,47,41,0
280,48,41,0
280,49,38,1
280,50,36,0
280,51,36,0
280,52,41,0
280,53,41,0
280,54,41,0
280,55,41,0
280,56,41,1
280,57,41,1
280,58,41,1
280,59,36,0
280,60,28,0
280,61,28,1
280,62,28,1
280,63,28,1
280,64,41,0
280,65,41,1
280,66,41,1
280,67,41,1
280,68,64,0
280,69,64,0
280,70,3,1
280,71,3,1
280,72,11,0
280,73,11,1
280,74,11,1
280,75,11,0
280,76,11,1
280,77,10,1
281,0,40,0
281,1,40,0
281,2,40,0
281,3,40,1
281,4,40,1
281,5,40,1
281,6,44,1
281,7,5,0
281,8,9,1
281,9,5,1
281,10,9,1
281,11,6,0
281,12,8,0
281,13,6,1
281,14,8,1
281,15,6,1
281,16,7,1
281,17,6,1
281,18,7,1
281,19,34,1
281,20,34,1
281,21,6,1
281,22,8,1
281,23,6,1
281,24,9,1
281,25,10,0
281,26,35,0
281,27,10,1
281,28,35,1
281,29,10,1
281,30,35,1
281,31,10,1
281,32,35,1
281,33,32,1
281,34,5,1
281,35,32,1
281,36,5,1
281,37,34,1
281,38,10,0
281,39,10,0
281,40,10,1
281,41,10,1
281,42,10,1
281,43,63,1
281,44,10,1
281,45,10,1
281,46,4,1
281,47,4,1
281,48,65,1
281,49,41,0
281,50,36,0
281,51,41,0
281,52,41,1
281,53,41,1
281,54,41,1
281,55,64,0
281,56,38,1
281,57,14,1
281,58,41,1
281,59,3,0
281,60,3,1
281,61,3,1
281,62,3,1
281,63,29,0
281,64,3,0
281,65,11,0
281,66,38,0
281,67,38,1
281,68,38,0
281,69,38,1
281,70,38,1
281,71,17,1
281,72,17,0
281,73,17,1
281,74,17,1
281,75,17,1
281,76,37,1
281,77,30,1
281,78,22,0
281,79,23,0
281,80,22,1
281,81,23,1
281,82,25,0
281,83,23,0
281,84,25,1
281,85,23,1
281,86,22,1
281,87,23,1
281,88,21,1
281,89,28,1
281,90,12,0
281,91,13,0
281,92,14,0
281,93,12,0
281,94,13,0
281,95,14,0
281,96,12,0
281,97,13,0
281,98,14,0
281,99,12,0
281,100,13,0
281,101,72,0
281,102,72,0
281,103,36,1
281,104,36,0
281,105,22,0
281,106,23,0
281,107,25,0
281,108,23,0
281,109,12,1
281,110,13,1
281,111,14,1
281,112,12,1
281,113,13,1
281,114,14,1
281,115,66,0
281,116,66,0
281,117,66,1
281,118,66,0
281,119,66,0
281,120,66,0
281,121,66,1
281,122,66,0
281,123,66,0
281,124,66,0
281,125,66,1
281,126,66,1
281,127,66,0
281,128,66,0
281,129,66,0
281,130,66,0
281,131,66,0
281,132,66,0
281,133,66,1
281,134,66,1
281,135,66,0
281,136,66,0
281,137,66,0
281,138,66,0
281,139,66,1
281,140,66,0
281,141,66,0
281,142,66,1
281,143,66,1
281,144,66,0
281,145,66,0
281,146,66,1
281,147,66,0
281,148,66,0
281,149,66,0
281,150,66,1
281,151,66,1
281,152,66,0
281,153,66,0
281,154,66,1
281,155,66,1
281,156,66,0
281,157,66,0
281,158,66,1
281,159,66,1
281,160,66,0
281,161,66,1
281,162,66,1
281,163,66,1
281,164,66,1
282,0,40,0
282,1,40,0
282,2,40,0
282,3,40,0
282,4,40,0
282,5,40,0
282,6,40,0
282,7,40,0
282,8,40,0
282,9,40,0
282,10,40,1
282,11,40,0
282,12,44,1
282,13,6,1
282,14,9,1
282,15,6,0
282,16,8,0
282,17,6,0
282,18,8,0
282,19,6,0
282,20,8,0
282,21,6,1
282,22,9,1
282,23,65,0
282,24,65,1
282,25,65,0
282,26,65,1
282,27,65,1
282,28,65,1
282,29,32,1
282,30,9,1
282,31,32,1
282,32,5,1
282,33,22,0
282,34,23,0
282,35,6,0
282,36,8,0
282,37,6,1
282,38,9,1
282,39,6,1
282,40,9,1
282,41,6,1
282,42,8,1
282,43,40,1
282,44,40,1
282,45,40,1
282,46,6,1
282,47,8,1
282,48,6,0
282,49,8,0
282,50,6,1
282,51,8,1
282,52,6,1
282,53,7,1
282,54,6,1
282,55,8,1
282,56,10,0
282,57,10,0
282,58,10,1
282,59,10,1
282,60,10,0
282,61,10,0
282,62,35,0
282,63,10,1
282,64,35,1
282,65,10,1
282,66,35,1
282,67,10,1
282,68,35,1
282,69,10,1
282,70,10,1
282,71,5,0
282,72,8,0
282,73,9,1
282,74,5,1
282,75,5,0
282,76,5,1
282,77,5,1
282,78,22,1
282,79,23,1
282,80,22,0
282,81,23,0
282,82,25,0
282,83,23,0
282,84,10,0
282,85,10,1
282,86,10,0
282,87,10,1
282,88,10,1
282,89,10,1
282,90,9,1
282,91,63,0
282,92,63,0
282,93,63,0
282,94,63,1
282,95,63,1
282,96,63,0
282,97,63,1
282,98,63,1
282,99,4,1
282,100,4,1
282,101,34,0
282,102,34,0
282,103,34,1
282,104,34,1
282,105,34,0
282,106,11,1
282,107,11,1
282,108,36,0
282,109,36,0
282,110,36,0
282,111,36,1
282,112,36,1
282,113,34,1
282,114,34,0
282,115,34,1
282,116,34,0
282,117,34,1
282,118,34,1
282,119,34,1
282,120,63,0
282,121,63,1
282,122,63,1
282,123,63,1
282,124,36,0
282,125,36,0
282,126,36,0
282,127,36,0
282,128,36,0
282,129,36,0
282,130,36,0
282,131,21,1
282,132,72,0
282,133,72,1
282,134,72,1
282,135,72,1
282,136,28,1
282,137,3,0
282,138,3,1
282,139,3,1
282,140,3,1
282,141,17,0
282,142,17,1
282,143,17,1
282,144,17,1
282,145,4,1
282,146,15,1
282,147,4,1
282,148,15,1
282,149,14,0
282,150,14,1
282,151,14,1
282,152,14,1
282,153,28,0
282,154,25,1
282,155,23,1
282,156,22,1
282,157,23,1
282,158,36,1
282,159,36,1
282,160,38,1
282,161,28,0
282,162,34,0
282,163,34,0
282,164,34,0
282,165,34,0
282,166,34,1
282,167,41,0
282,168,41,1
282,169,41,1
282,170,41,1
282,171,34,1
282,172,64,0
282,173,64,1
282,174,64,1
282,175,64,1
282,176,30,0
282,177,34,1
282,178,34,1
282,179,29,0
282,180,3,0
282,181,29,1
282,182,3,1
282,183,29,0
282,184,3,0
282,185,29,0
282,186,3,0
282,187,31,0
282,188,41,0
282,189,41,1
282,190,12,0
282,191,35,0
282,192,12,1
282,193,35,1
282,194,41,0
282,195,41,0
282,196,41,0
282,197,29,0
282,198,3,0
282,199,66,0
282,200,66,0
282,201,66,0
282,202,66,0
282,203,66,0
282,204,66,0
282,205,66,0
282,206,66,0
282,207,66,0
282,208,66,0
282,209,66,0
282,210,66,0
283,0,32,1
283,1,5,1
283,2,32,1
283,3,5,1
283,4,40,0
283,5,40,0
283,6,40,1
283,7,40,1
283,8,40,1
283,9,44,1
283,10,65,0
283,11,65,1
283,12,65,1
283,13,65,0
283,14,65,1
283,15,65,1
283,16,65,1
283,17,6,0
283,18,8,0
283,19,6,1
283,20,7,1
283,21,6,1
283,22,7,1
283,23,6,1
283,24,7,1
283,25,10,0
283,26,10,0
283,27,10,1
283,28,10,1
283,29,10,1
283,30,10,1
283,31,35,1
283,32,10,0
283,33,35,0
283,34,10,1
283,35,35,1
283,36,10,1
283,37,35,1
283,38,10,1
283,39,35,1
283,40,10,1
283,41,10,1
283,42,9,1
283,43,63,1
283,44,34,0
283,45,34,1
283,46,34,0
283,47,34,1
283,48,34,1
283,49,34,1
283,50,4,1
283,51,4,0
283,52,4,1
283,53,4,1
283,54,4,1
283,55,34,1
283,56,34,0
283,57,34,0
283,58,34,1
283,59,34,1
283,60,34,1
283,61,41,0
283,62,41,0
283,63,41,1
283,64,41,1
283,65,41,1
283,66,38,1
283,67,21,1
283,68,28,1
283,69,64,0
283,70,64,1
283,71,64,1
283,72,64,1
283,73,17,1
283,74,17,1
283,75,22,0
283,76,23,0
283,77,25,1
283,78,23,1
283,79,22,1
283,80,23,1
283,81,22,1
283,82,23,1
283,83,3,1
283,84,3,1
283,85,14,1
283,86,36,0
283,87,66,0
283,88,66,0
283,89,66,1
283,90,66,1
283,91,66,1
283,92,66,0
283,93,66,1
283,94,66,1
283,95,66,0
283,96,66,0
283,97,66,1
283,98,66,1
283,99,66,1
283,100,66,1
283,101,66,0
283,102,66,1
284,0,40,1
284,1,44,0
284,2,44,1
284,3,44,0
284,4,44,1
284,5,44,1
284,6,44,1
284,7,32,1
284,8,5,1
284,9,32,1
284,10,9,1
284,11,65,0
284,12,65,1
284,13,65,1
284,14,65,0
284,15,65,0
284,16,65,0
284,17,65,1
284,18,65,1
284,19,65,0
284,20,65,0
284,21,65,1
284,22,65,1
284,23,65,1
284,24,6,1
284,25,7,1
284,26,6,1
284,27,8,1
284,28,6,1
284,29,7,1
284,30,6,1
284,31,8,1
284,32,10,1
284,33,10,1
284,34,10,0
284,35,35,0
284,36,10,0
284,37,10,0
284,38,10,1
284,39,10,1
284,40,10,0
284,41,10,1
284,42,35,1
284,43,10,0
284,44,35,0
284,45,10,1
284,46,10,1
284,47,10,1
284,48,9,1
284,49,63,0
284,50,63,0
284,51,63,0
284,52,63,0
284,53,63,1
284,54,63,1
284,55,63,1
284,56,4,1
284,57,4,1
284,58,34,0
284,59,34,0
284,60,34,0
284,61,34,1
284,62,34,0
284,63,34,0
284,64,34,0
284,65,34,1
284,66,34,0
284,67,34,1
284,68,34,1
284,69,34,0
284,70,34,0
284,71,34,1
284,72,34,0
284,73,34,0
284,74,34,1
284,75,41,0
284,76,41,1
284,77,41,1
284,78,41,0
284,79,41,0
284,80,41,1
284,81,41,1
284,82,64,0
284,83,64,0
284,84,64,0
284,85,64,1
284,86,64,1
284,87,34,1
284,88,34,1
284,89,34,0
284,90,34,1
284,91,34,0
284,92,34,1
284,93,34,0
284,94,34,0
284,95,34,1
284,96,34,0
284,97,34,1
284,98,34,1
284,99,34,0
284,100,34,1
284,101,3,0
284,102,3,1
284,103,3,1
284,104,3,1
284,105,22,0
284,106,23,0
284,107,22,0
284,108,23,0
284,109,38,0
284,110,34,1
284,111,34,1
284,112,41,1
284,113,38,0
284,114,38,0
284,115,38,1
284,116,38,0
284,117,25,0
284,118,23,0
284,119,22,1
284,120,23,1
284,121,22,1
284,122,23,1
284,123,17,0
284,124,17,1
284,125,17,1
284,126,17,1
284,127,28,0
284,128,28,1
284,129,28,1
284,130,28,1
284,131,72,1
284,132,34,1
284,133,34,1
284,134,34,1
284,135,34,1
284,136,34,1
284,137,38,0
284,138,38,1
284,139,38,1
284,140,38,0
284,141,38,1
284,142,38,1
284,143,38,1
284,144,22,1
284,145,23,1
284,146,41,1
284,147,30,1
284,148,38,1
284,149,28,1
284,150,29,0
284,151,3,0
284,152,29,0
284,153,3,0
284,154,16,1
284,155,29,1
284,156,3,1
284,157,29,1
284,158,3,1
284,159,12,0
284,160,13,0
284,161,12,1
284,162,13,1
284,163,14,1
284,164,12,1
284,165,13,1
284,166,14,1
284,167,12,1
284,168,13,1
284,169,14,1
284,170,41,1
284,171,36,0
284,172,36,1
284,173,36,1
284,174,36,1
284,175,14,1
284,176,4,1
284,177,16,1
284,178,4,1
284,179,16,1
284,180,11,1
284,181,11,1
284,182,21,1
284,183,22,1
284,184,23,1
284,185,25,1
284,186,23,1
284,187,12,1
284,188,13,1
284,189,14,1
284,190,12,1
284,191,35,1
284,192,12,1
284,193,35,1
284,194,41,1
284,195,12,1
284,196,13,1
284,197,14,1
284,198,12,1
284,199,13,1
284,200,14,1
284,201,31,0
284,202,31,1
284,203,31,1
284,204,31,1
284,205,31,0
284,206,31,1
284,207,31,1
284,208,31,0
284,209,31,0
284,210,31,1
284,211,31,1
284,212,66,1
285,0,40,0
285,1,40,0
285,2,40,1
285,3,40,0
285,4,40,1
285,5,44,1
285,6,32,1
285,7,5,1
285,8,32,1
285,9,9,1
285,10,65,1
285,11,6,1
285,12,7,1
285,13,6,1
285,14,7,1
285,15,6,1
285,16,8,1
285,17,6,0
285,18,9,0
285,19,6,1
285,20,9,1
285,21,10,0
285,22,10,0
285,23,10,1
285,24,10,0
285,25,10,1
286,0,65,0
286,1,65,1
286,2,65,0
286,3,65,1
286,4,65,1
286,5,65,0
286,6,65,1
287,0,21,1
287,1,21,1
287,2,20,1
287,3,20,1
287,4,18,1
287,5,40,1
287,6,40,1
287,7,40,1
287,8,23,1
287,9,23,0
287,10,40,1
287,11,27,1
287,12,23,1
287,13,25,1
287,14,23,1
287,15,23,1
287,16,25,0
287,17,23,0
287,18,22,1
287,19,23,1
287,20,25,1
287,21,23,1
287,22,25,0
287,23,23,0
287,24,23,0
287,25,23,0
287,26,40,1
287,27,23,0
287,28,23,0
287,29,40,0
287,30,40,1
287,31,40,1
287,32,22,1
287,33,23,1
287,34,22,1
287,35,23,1
287,36,25,1
287,37,23,1
287,38,23,1
287,39,22,1
287,40,23,1
287,41,60,1
287,42,60,1
287,43,24,1
287,44,24,1
287,45,60,1
287,46,46,0
287,47,46,0
287,48,40,1
287,49,40,1
287,50,23,0
287,51,27,1
287,52,40,1
287,53,27,1
287,54,40,1
287,55,23,1
287,56,45,1
287,57,45,1
287,58,46,1
287,59,26,1
287,60,26,1
287,61,26,1
287,62,37,1
287,63,30,1
287,64,37,1
287,65,30,1
287,66,37,1
287,67,30,1
287,68,30,1
287,69,30,1
287,70,30,1
287,71,41,0
287,72,41,0
287,73,41,0
287,74,41,1
287,75,41,1
287,76,34,1
287,77,34,1
287,78,34,1
287,79,41,0
287,80,41,0
287,81,41,0
287,82,34,1
287,83,34,1
287,84,78,0
287,85,78,1
287,86,78,1
287,87,78,1
288,0,4,1
288,1,8,1
288,2,4,1
288,3,8,1
288,4,18,1
288,5,24,1
288,6,21,1
288,7,4,0
288,8,9,0
288,9,4,1
288,10,9,1
288,11,4,1
288,12,9,1
288,13,4,1
288,14,9,1
288,15,21,1
288,16,70,0
288,17,70,1
288,18,70,1
288,19,70,1
288,20,70,0
288,21,70,1
288,22,70,1
288,23,70,1
288,24,70,1
288,25,70,0
288,26,70,1
288,27,3,1
288,28,3,1
288,29,1,1
288,30,68,0
288,31,68,1
288,32,68,0
288,33,68,1
288,34,68,1
288,35,68,1
288,36,2,0
288,37,2,1
288,38,2,0
288,39,2,1
288,40,2,1
288,41,2,0
288,42,2,1
288,43,2,1
288,44,2,1
288,45,2,1
288,46,2,1
288,47,2,1
288,48,18,1
288,49,24,1
288,50,31,1
288,51,20,1
288,52,21,0
288,53,21,1
288,54,21,1
288,55,21,1
288,56,21,1
288,57,20,1
288,58,20,1
288,59,38,1
288,60,22,1
288,61,22,1
288,62,22,1
288,63,22,1
288,64,22,1
288,65,20,1
288,66,21,1
288,67,72,1
288,68,34,1
288,69,34,0
288,70,34,0
288,71,34,1
288,72,34,1
288,73,34,1
288,74,34,0
288,75,34,0
288,76,34,1
288,77,34,0
288,78,34,1
288,79,34,1
288,80,34,1
288,81,34,1
288,82,22,1
288,83,22,1
288,84,22,1
288,85,22,1
288,86,22,1
288,87,25,1
288,88,23,1
288,89,41,0
288,90,41,1
288,91,41,1
288,92,41,1
288,93,38,1
288,94,28,1
288,95,28,1
288,96,28,1
288,97,28,1
288,98,28,1
288,99,35,1
288,100,24,1
288,101,24,0
288,102,24,1
288,103,24,1
288,104,24,1
288,105,33,0
288,106,62,0
288,107,44,0
288,108,33,0
288,109,62,0
288,110,44,0
288,111,30,1
288,112,30,1
288,113,30,1
288,114,30,1
288,115,30,1
289,0,37,1
289,1,37,1
289,2,37,1
289,3,37,1
289,4,37,1
289,5,37,1
289,6,30,1
289,7,30,1
289,8,30,1
289,9,30,1
289,10,30,1
289,11,30,1
289,12,12,1
289,13,35,1
289,14,12,1
289,15,13,1
289,16,41,1
289,17,12,0
289,18,13,0
289,19,41,0
289,20,12,1
289,21,35,1
289,22,12,1
289,23,35,1
289,24,12,1
289,25,35,1
289,26,34,0
289,27,34,1
289,28,34,1
289,29,34,1
289,30,34,0
289,31,34,0
289,32,34,1
289,33,34,1
289,34,34,1
289,35,34,1
289,36,34,1
289,37,34,0
289,38,34,1
289,39,34,1
289,40,34,1
289,41,34,1
289,42,34,1
289,43,34,1
289,44,34,1
289,45,34,1
289,46,34,1
289,47,34,1
289,48,34,1
289,49,34,1
289,50,34,1
289,51,36,0
289,52,36,1
289,53,36,1
289,54,36,1
289,55,36,0
289,56,36,1
289,57,36,0
289,58,36,1
289,59,36,1
289,60,41,0
289,61,41,1
289,62,41,1
289,63,41,1
289,64,36,0
289,65,36,0
289,66,36,1
289,67,36,1
289,68,36,0
289,69,36,1
289,70,36,1
289,71,36,0
289,72,36,0
290,0,37,1
290,1,37,1
290,2,37,1
290,3,37,1
290,4,37,1
290,5,37,1
290,6,30,1
290,7,30,1
290,8,30,1
290,9,30,1
290,10,30,1
290,11,30,1
290,12,12,0
290,13,13,0
290,14,41,0
290,15,12,0
290,16,35,0
290,17,12,0
290,18,13,0
290,19,41,0
290,20,12,0
290,21,13,0
290,22,41,0
290,23,12,0
290,24,13,0
290,25,41,0
290,26,12,0
290,27,13,0
290,28,41,0
290,29,12,0
290,30,35,0
290,31,12,1
290,32,35,1
290,33,12,1
290,34,13,1
290,35,41,1
290,36,12,1
290,37,13,1
290,38,41,1
290,39,12,0
290,40,35,0
290,41,12,0
290,42,13,0
290,43,41,0
290,44,12,0
290,45,13,0
290,46,41,0
290,47,12,0
290,48,13,0
290,49,41,0
290,50,12,0
290,51,35,0
290,52,12,0
290,53,35,0
290,54,12,0
290,55,13,0
290,56,41,0
290,57,12,0
290,58,13,0
290,59,41,0
290,60,12,0
290,61,35,0
290,62,12,0
290,63,35,0
290,64,12,0
290,65,35,0
290,66,12,0
290,67,13,0
290,68,41,0
290,69,12,0
290,70,13,0
290,71,41,0
290,72,12,0
290,73,35,0
290,74,12,0
290,75,35,0
290,76,34,0
290,77,34,1
290,78,34,1
290,79,34,1
290,80,34,1
290,81,34,1
290,82,34,0
290,83,34,1
290,84,34,1
290,85,34,1
290,86,34,1
290,87,34,0
290,88,34,0
290,89,34,0
290,90,34,0
290,91,34,1
290,92,34,1
290,93,34,1
290,94,34,1
290,95,34,0
290,96,34,1
290,97,34,1
290,98,34,0
290,99,34,1
290,100,34,1
290,101,34,0
290,102,34,1
290,103,34,1
290,104,34,1
290,105,34,1
290,106,34,0
290,107,34,1
290,108,34,0
290,109,34,1
290,110,34,0
290,111,34,1
290,112,34,0
290,113,34,0
290,114,34,1
290,115,34,0
290,116,34,0
290,117,34,0
290,118,34,1
290,119,34,1
290,120,34,0
290,121,34,1
290,122,34,1
290,123,34,1
290,124,34,1
290,125,34,1
290,126,34,0
290,127,34,1
290,128,34,1
290,129,34,1
290,130,34,0
290,131,34,1
290,132,34,0
290,133,34,0
290,134,34,1
290,135,34,1
290,136,34,1
290,137,34,1
290,138,34,1
290,139,34,1
290,140,34,1
290,141,34,1
290,142,34,1
290,143,34,1
290,144,34,1
290,145,34,1
290,146,34,1
290,147,34,0
290,148,34,0
290,149,34,1
290,150,34,0
290,151,34,1
290,152,34,1
290,153,34,0
290,154,34,1
290,155,34,1
290,156,34,1
290,157,12,0
290,158,13,0
290,159,41,0
290,160,12,0
290,161,35,0
290,162,12,1
290,163,35,1
290,164,12,1
290,165,13,1
290,166,41,1
290,167,12,0
290,168,35,0
290,169,12,1
290,170,35,1
290,171,12,1
290,172,13,1
290,173,41,1
290,174,12,1
290,175,13,1
290,176,41,1
290,177,36,1
290,178,36,0
290,179,36,0
290,180,36,0
290,181,36,0
290,182,36,1
290,183,41,0
290,184,36,0
290,185,36,0
290,186,36,0
290,187,36,0
290,188,36,1
290,189,36,0
290,190,36,1
290,191,36,0
290,192,36,0
290,193,36,1
290,194,36,0
290,195,36,1
290,196,36,1
290,197,36,0
290,198,36,0
290,199,36,0
290,200,36,1
290,201,41,0
290,202,41,0
290,203,41,0
290,204,41,0
290,205,41,0
290,206,41,0
290,207,41,1
290,208,36,0
290,209,41,0
290,210,41,0
290,211,41,0
290,212,41,0
290,213,41,0
290,214,41,0
290,215,41,0
290,216,41,1
290,217,41,1
290,218,41,0
290,219,41,0
290,220,41,1
290,221,41,1
290,222,41,1
291,0,37,1
291,1,37,1
291,2,37,1
291,3,37,1
291,4,37,1
291,5,37,1
291,6,30,1
291,7,30,1
291,8,30,1
291,9,30,1
291,10,30,1
291,11,30,1
291,12,12,0
291,13,13,0
291,14,41,0
291,15,12,0
291,16,35,0
291,17,12,0
291,18,35,0
291,19,12,0
291,20,13,0
291,21,41,0
291,22,12,1
291,23,35,1
291,24,12,1
291,25,35,1
291,26,12,0
291,27,13,0
291,28,41,0
291,29,12,0
291,30,35,0
291,31,12,0
291,32,35,0
291,33,12,0
291,34,13,0
291,35,41,0
291,36,12,1
291,37,35,1
291,38,12,0
291,39,35,0
291,40,12,0
291,41,35,0
291,42,12,0
291,43,13,0
291,44,41,0
291,45,12,0
291,46,35,0
291,47,12,0
291,48,13,0
291,49,41,0
291,50,12,0
291,51,35,0
291,52,12,0
291,53,13,0
291,54,41,0
291,55,12,0
291,56,35,0
291,57,12,0
291,58,13,0
291,59,41,0
291,60,12,0
291,61,13,0
291,62,41,0
291,63,12,0
291,64,35,0
291,65,12,0
291,66,35,0
291,67,12,0
291,68,13,0
291,69,41,0
291,70,12,0
291,71,13,0
291,72,41,0
291,73,12,0
291,74,35,0
291,75,12,0
291,76,35,0
291,77,12,0
291,78,35,0
291,79,34,1
291,80,34,1
291,81,34,1
291,82,34,0
291,83,34,1
291,84,34,0
291,85,34,1
291,86,34,0
291,87,34,1
291,88,34,1
291,89,34,0
291,90,34,0
291,91,34,0
291,92,34,0
291,93,34,0
291,94,34,0
291,95,34,0
291,96,34,0
291,97,34,1
291,98,34,1
291,99,34,0
291,100,34,0
291,101,34,1
291,102,34,0
291,103,34,0
291,104,34,0
291,105,34,1
291,106,34,1
291,107,34,1
291,108,34,1
291,109,34,1
291,110,34,1
291,111,34,0
291,112,34,0
291,113,34,1
291,114,34,0
291,115,34,1
291,116,34,0
291,117,34,0
291,118,34,1
291,119,36,0
291,120,36,0
291,121,36,0
291,122,36,0
291,123,41,0
291,124,36,0
291,125,36,0
291,126,36,0
291,127,41,0
291,128,34,0
291,129,34,1
291,130,34,0
291,131,34,1
291,132,34,0
291,133,34,0
291,134,12,0
291,135,35,0
291,136,12,1
291,137,35,1
291,138,12,0
291,139,13,0
291,140,41,0
291,141,12,0
291,142,35,0
291,143,12,1
291,144,13,1
291,145,41,1
291,146,12,0
291,147,35,0
291,148,34,0
291,149,34,0
291,150,34,0
291,151,34,0
291,152,12,0
291,153,35,0
291,154,12,1
291,155,13,1
291,156,41,1
291,157,41,0
291,158,41,0
291,159,41,0
291,160,41,0
291,161,41,0
291,162,41,0
291,163,41,0
291,164,12,1
291,165,13,1
291,166,41,1
291,167,12,0
291,168,35,0
292,0,37,1
292,1,37,1
292,2,37,1
292,3,37,1
292,4,37,1
292,5,37,1
292,6,30,1
292,7,30,1
292,8,30,1
292,9,30,0
292,10,30,1
292,11,30,1
292,12,30,1
292,13,12,0
292,14,13,0
292,15,41,0
292,16,12,0
292,17,13,0
292,18,41,0
292,19,12,1
292,20,35,1
292,21,12,1
292,22,13,1
292,23,41,1
292,24,12,0
292,25,13,0
292,26,41,0
292,27,12,1
292,28,35,1
292,29,12,1
292,30,35,1
292,31,12,0
292,32,13,0
292,33,41,0
292,34,12,1
292,35,13,1
292,36,41,1
292,37,12,1
292,38,13,1
292,39,41,1
292,40,12,1
292,41,35,1
292,42,12,1
292,43,35,1
292,44,34,0
292,45,34,1
292,46,34,1
292,47,34,1
292,48,34,0
292,49,34,1
292,50,34,1
292,51,34,1
292,52,34,1
292,53,34,1
292,54,34,0
292,55,34,1
292,56,34,1
292,57,34,1
292,58,34,1
292,59,34,1
292,60,34,1
292,61,34,1
292,62,34,1
292,63,34,1
292,64,34,1
292,65,34,1
292,66,34,0
292,67,34,1
292,68,34,1
292,69,34,1
292,70,34,1
292,71,36,1
292,72,36,0
292,73,36,1
292,74,36,1
292,75,36,1
292,76,41,0
292,77,41,0
292,78,41,0
292,79,41,1
292,80,41,0
292,81,41,1
292,82,41,1
292,83,41,0
292,84,41,0
292,85,41,1
292,86,41,0
292,87,41,0
292,88,41,1
292,89,41,0
292,90,41,1
292,91,41,1
292,92,41,1
293,0,37,1
293,1,37,1
293,2,37,1
293,3,37,1
293,4,37,1
293,5,37,1
293,6,30,1
293,7,30,1
293,8,30,0
293,9,30,1
293,10,30,1
293,11,30,1
293,12,30,1
293,13,30,1
293,14,30,0
293,15,12,0
293,16,35,0
293,17,12,0
293,18,13,0
293,19,41,0
293,20,12,0
293,21,13,0
293,22,41,0
293,23,12,1
293,24,13,1
293,25,41,1
293,26,12,1
293,27,13,1
293,28,41,1
293,29,12,0
293,30,13,0
293,31,41,0
293,32,12,0
293,33,35,0
293,34,12,1
293,35,35,1
293,36,36,1
294,0,37,1
294,1,37,1
294,2,37,1
294,3,37,1
294,4,37,1
294,5,37,1
294,6,30,1
294,7,30,1
294,8,30,1
294,9,30,1
294,10,30,1
294,11,30,1
294,12,12,0
294,13,13,0
294,14,41,0
294,15,12,1
294,16,35,1
294,17,12,1
294,18,35,1
294,19,12,1
294,20,13,1
294,21,41,1
294,22,12,1
294,23,35,1
294,24,12,1
294,25,13,1
294,26,41,1
294,27,34,1
294,28,34,1
294,29,34,1
294,30,34,0
294,31,34,1
294,32,34,1
294,33,34,0
294,34,34,1
294,35,34,1
294,36,34,1
294,37,34,1
294,38,34,0
294,39,34,1
294,40,34,0
294,41,34,0
294,42,34,0
294,43,34,1
294,44,34,1
294,45,34,1
294,46,34,1
294,47,34,1
294,48,34,1
294,49,34,1
294,50,34,1
294,51,34,1
294,52,34,1
294,53,34,1
294,54,34,1
294,55,34,1
294,56,34,1
294,57,34,1
294,58,36,0
294,59,36,1
294,60,36,1
294,61,36,1
294,62,36,0
294,63,36,0
294,64,36,0
294,65,36,0
294,66,36,1
294,67,41,1
294,68,41,1
294,69,41,1
294,70,36,0
294,71,36,0
294,72,36,1
294,73,36,0
294,74,36,0
294,75,36,1
294,76,36,1
294,77,36,0
294,78,36,1
294,79,36,1
294,80,36,0
294,81,36,1
294,82,36,1
294,83,36,0
294,84,36,0
294,85,36,0
294,86,36,0
294,87,36,1
294,88,36,0
294,89,36,1
294,90,36,0
294,91,36,0
294,92,36,1
294,93,36,1
294,94,36,0
294,95,36,0
294,96,36,1
294,97,36,1
294,98,36,1
295,0,37,1
295,1,37,0
295,2,37,1
295,3,37,1
295,4,37,1
295,5,37,1
295,6,37,1
295,7,37,1
295,8,30,1
295,9,30,1
295,10,30,0
295,11,12,0
295,12,35,0
295,13,12,1
295,14,35,1
295,15,12,0
295,16,13,0
295,17,41,0
295,18,12,0
295,19,35,0
295,20,12,0
295,21,13,0
295,22,41,0
295,23,12,0
295,24,13,0
295,25,41,0
295,26,12,1
295,27,35,1
295,28,12,1
295,29,35,1
295,30,12,0
295,31,35,0
295,32,12,1
295,33,35,1
295,34,12,0
295,35,13,0
295,36,41,0
295,37,12,0
295,38,13,0
295,39,41,0
295,40,12,1
295,41,35,1
295,42,12,0
295,43,13,0
295,44,41,0
295,45,12,0
295,46,13,0
295,47,41,0
295,48,12,1
295,49,35,1
295,50,12,0
295,51,13,0
295,52,41,0
295,53,12,1
295,54,13,1
295,55,41,1
295,56,12,1
295,57,35,1
295,58,12,1
295,59,35,1
295,60,34,0
295,61,34,0
295,62,34,1
295,63,34,0
295,64,34,1
295,65,34,1
295,66,34,0
295,67,34,0
295,68,34,1
295,69,34,1
295,70,34,0
295,71,34,0
295,72,34,0
295,73,34,0
295,74,34,0
295,75,34,1
295,76,34,1
295,77,34,1
295,78,34,1
295,79,34,0
295,80,34,0
295,81,34,1
295,82,34,0
295,83,34,0
295,84,34,1
295,85,34,0
295,86,34,1
295,87,34,1
295,88,34,1
295,89,34,1
295,90,34,1
295,91,34,1
295,92,34,1
295,93,34,0
295,94,34,1
295,95,34,1
295,96,34,0
295,97,34,1
295,98,34,1
295,99,34,1
295,100,34,0
295,101,34,1
295,102,34,0
295,103,34,1
295,104,34,0
295,105,34,1
295,106,34,1
295,107,34,1
295,108,30,1
295,109,30,0
295,110,30,0
295,111,30,0
295,112,30,1
295,113,30,0
295,114,30,0
295,115,30,0
295,116,30,0
295,117,30,0
295,118,30,1
295,119,30,1
295,120,30,0
295,121,34,0
295,122,34,0
295,123,34,0
295,124,34,0
295,125,34,0
295,126,34,0
295,127,34,0
295,128,34,1
295,129,34,0
295,130,34,0
295,131,34,0
295,132,34,0
295,133,34,0
295,134,34,0
295,135,34,1
295,136,36,1
295,137,30,1
295,138,30,0
295,139,30,1
295,140,30,1
295,141,30,0
295,142,30,1
295,143,30,0
295,144,30,1
295,145,34,0
295,146,34,0
295,147,34,0
295,148,34,1
295,149,34,1
295,150,34,0
295,151,34,0
295,152,34,0
295,153,30,1
295,154,30,1
295,155,36,0
295,156,34,0
295,157,34,0
295,158,34,1
295,159,34,0
295,160,34,1
295,161,34,0
295,162,34,1
295,163,34,1
295,164,34,0
295,165,34,0
296,0,37,1
296,1,37,1
296,2,37,1
296,3,37,1
296,4,37,1
296,5,37,1
296,6,30,0
296,7,30,0
296,8,30,0
296,9,30,1
296,10,30,1
296,11,30,1
296,12,30,0
296,13,30,1
296,14,30,1
296,15,30,0
296,16,30,1
296,17,30,1
296,18,30,1
296,19,12,0
296,20,13,0
296,21,41,0
296,22,12,0
296,23,35,0
296,24,12,0
296,25,13,0
296,26,41,0
296,27,12,0
296,28,13,0
296,29,41,0
296,30,12,1
296,31,35,1
296,32,12,0
296,33,35,0
296,34,12,1
296,35,35,1
296,36,12,1
296,37,35,1
296,38,12,1
296,39,35,1
296,40,12,0
296,41,13,0
296,42,41,0
296,43,12,0
296,44,13,0
296,45,41,0
296,46,12,0
296,47,35,0
296,48,12,0
296,49,35,0
296,50,12,1
296,51,35,1
296,52,12,0
296,53,13,0
296,54,41,0
296,55,12,0
296,56,13,0
296,57,41,0
296,58,12,0
296,59,13,0
296,60,41,0
296,61,12,0
296,62,13,0
296,63,41,0
296,64,12,0
296,65,13,0
296,66,41,0
296,67,12,0
296,68,35,0
296,69,12,1
296,70,35,1
296,71,12,0
296,72,35,0
296,73,12,0
296,74,13,0
296,75,41,0
296,76,12,1
296,77,13,1
296,78,41,1
296,79,12,0
296,80,13,0
296,81,41,0
296,82,12,0
296,83,13,0
296,84,41,0
296,85,34,1
296,86,34,1
296,87,34,1
296,88,12,0
296,89,35,0
296,90,12,1
296,91,35,1
296,92,12,1
296,93,35,1
296,94,12,1
296,95,13,1
296,96,41,1
296,97,34,1
296,98,34,1
296,99,34,1
296,100,34,0
296,101,34,1
296,102,34,1
296,103,34,0
296,104,34,1
296,105,34,1
296,106,34,1
296,107,34,1
296,108,34,1
296,109,34,0
296,110,34,1
296,111,34,1
296,112,34,1
296,113,34,1
296,114,34,0
296,115,34,0
296,116,34,0
296,117,34,1
296,118,34,0
296,119,34,1
296,120,34,1
296,121,34,1
296,122,34,1
296,123,34,1
296,124,34,1
296,125,34,1
296,126,34,1
296,127,34,0
296,128,34,1
296,129,34,1
296,130,34,1
296,131,34,1
296,132,34,1
296,133,34,1
296,134,36,1
296,135,36,0
296,136,36,0
296,137,36,0
296,138,36,0
296,139,36,0
296,140,41,0
296,141,41,0
296,142,41,0
296,143,41,0
296,144,41,0
296,145,41,0
296,146,41,0
296,147,41,1
296,148,41,1
296,149,41,0
296,150,36,0
296,151,36,0
296,152,36,0
296,153,36,1
296,154,36,0
296,155,36,1
296,156,36,1
296,157,36,1
296,158,41,1
296,159,41,1
296,160,41,1
297,0,37,1
297,1,37,1
297,2,37,1
297,3,37,1
297,4,37,1
297,5,37,1
297,6,30,1
297,7,30,1
297,8,30,1
297,9,30,1
297,10,30,1
297,11,30,1
297,12,12,0
297,13,13,0
297,14,41,0
297,15,12,1
297,16,35,1
297,17,12,0
297,18,13,0
297,19,41,0
297,20,12,0
297,21,13,0
297,22,41,0
297,23,12,1
297,24,35,1
297,25,12,0
297,26,13,0
297,27,41,0
297,28,12,1
297,29,13,1
297,30,41,1
297,31,12,1
297,32,35,1
297,33,12,0
297,34,13,0
297,35,41,0
297,36,12,0
297,37,13,0
297,38,41,0
297,39,12,0
297,40,13,0
297,41,41,0
297,42,12,0
297,43,35,0
297,44,12,1
297,45,13,1
297,46,41,1
297,47,12,0
297,48,13,0
297,49,41,0
297,50,12,1
297,51,35,1
297,52,12,1
297,53,35,1
297,54,12,0
297,55,13,0
297,56,41,0
297,57,12,1
297,58,13,1
297,59,41,1
297,60,12,1
297,61,13,1
297,62,41,1
297,63,12,1
297,64,35,1
297,65,34,0
297,66,34,1
297,67,34,0
297,68,34,1
297,69,34,0
297,70,34,0
297,71,34,1
297,72,34,1
297,73,34,0
297,74,34,1
297,75,34,1
297,76,34,1
297,77,34,1
297,78,34,1
297,79,34,1
297,80,34,1
297,81,34,1
297,82,34,1
297,83,34,0
297,84,34,1
297,85,34,0
297,86,34,1
297,87,34,1
297,88,34,1
297,89,34,0
297,90,34,1
297,91,34,1
297,92,34,1
297,93,34,1
297,94,34,1
297,95,34,1
297,96,34,0
297,97,34,0
297,98,34,1
297,99,34,0
297,100,34,1
297,101,34,1
297,102,34,1
297,103,34,1
297,104,34,1
297,105,34,1
297,106,34,0
297,107,34,1
297,108,34,0
297,109,34,0
297,110,34,1
297,111,34,0
297,112,34,0
297,113,34,1
297,114,34,0
297,115,34,1
297,116,34,1
297,117,34,0
297,118,36,0
297,119,36,1
297,120,36,1
297,121,36,1
297,122,36,0
297,123,36,0
297,124,36,0
297,125,36,0
297,126,36,0
297,127,41,0
297,128,41,0
297,129,41,0
297,130,41,0
297,131,41,1
297,132,41,0
297,133,41,1
297,134,41,1
297,135,41,1
297,136,36,0
298,0,37,1
298,1,37,1
298,2,37,1
298,3,37,1
298,4,37,0
298,5,37,1
298,6,37,1
298,7,37,1
298,8,30,0
298,9,30,1
298,10,30,1
298,11,30,1
298,12,30,0
298,13,30,1
298,14,30,1
298,15,30,1
298,16,12,0
298,17,35,0
298,18,12,0
298,19,35,0
298,20,12,0
298,21,35,0
298,22,12,1
298,23,13,1
298,24,41,1
298,25,12,1
298,26,13,1
298,27,41,1
298,28,12,1
298,29,13,1
298,30,41,1
298,31,12,1
298,32,13,1
298,33,41,1
298,34,12,1
298,35,13,1
298,36,41,1
298,37,12,0
298,38,35,0
298,39,12,1
298,40,13,1
298,41,41,1
298,42,12,1
298,43,13,1
298,44,41,1
298,45,12,1
298,46,13,1
298,47,41,1
298,48,34,1
298,49,34,1
298,50,34,1
298,51,34,0
298,52,34,1
298,53,34,1
298,54,34,1
298,55,34,1
298,56,34,1
298,57,34,1
298,58,34,1
298,59,34,1
298,60,34,1
298,61,34,1
298,62,34,0
298,63,34,1
298,64,34,1
298,65,34,1
298,66,34,1
298,67,34,1
298,68,34,1
298,69,34,0
298,70,34,0
298,71,34,0
298,72,34,1
298,73,34,1
298,74,34,1
298,75,36,1
298,76,36,0
298,77,36,1
298,78,36,0
298,79,36,1
298,80,36,1
298,81,36,1
298,82,41,1
298,83,41,0
298,84,41,1
298,85,41,1
298,86,41,0
298,87,41,1
298,88,41,1
298,89,41,1
299,0,37,1
299,1,37,0
299,2,37,1
299,3,37,1
299,4,37,0
299,5,37,1
299,6,37,1
299,7,37,1
299,8,30,0
299,9,37,1
299,10,12,1
299,11,35,1
299,12,12,0
299,13,35,0
299,14,12,0
299,15,13,0
299,16,41,0
299,17,12,1
299,18,35,1
299,19,12,0
299,20,13,0
299,21,41,0
299,22,12,1
299,23,35,1
299,24,12,1
299,25,35,1
299,26,12,0
299,27,13,0
299,28,41,0
299,29,12,1
299,30,35,1
299,31,12,1
299,32,13,1
299,33,41,1
299,34,12,1
299,35,35,1
299,36,12,0
299,37,13,0
299,38,41,0
299,39,12,1
299,40,35,1
299,41,12,1
299,42,35,1
299,43,12,1
299,44,35,1
299,45,34,1
299,46,34,1
299,47,34,1
299,48,34,0
299,49,34,0
299,50,34,1
299,51,34,1
299,52,34,1
299,53,34,1
299,54,34,1
299,55,34,1
299,56,34,1
299,57,34,1
299,58,34,1
299,59,34,1
299,60,34,1
299,61,34,1
299,62,34,1
299,63,34,1
299,64,37,1
299,65,37,1
299,66,30,1
299,67,30,1
299,68,30,1
299,69,30,1
299,70,30,1
299,71,34,1
299,72,34,1
299,73,36,1
299,74,36,0
299,75,36,0
299,76,36,0
299,77,36,1
299,78,36,1
299,79,41,0
299,80,41,0
299,81,41,0
299,82,41,1
299,83,41,1
299,84,41,1
299,85,36,0
299,86,36,1
